"CASEID","POINT_X","POINT_Y","YEAR_","LOCATION","CHPTYPE","DAYWEEK","CRASHSEV","VIOLCAT","KILLED","INJURED","WEATHER1","PEDCOL","BICCOL","MCCOL","TRUCKCOL","ETOH","TIMECAT","MONTH_","CRASHTYP","INVOLVE","PED","PRIMARYRD","SECONDRD","DISTANCE","DIRECT","INTERSECT_","PROCDATE","JURIS","DATE_","TIME_","BADGE","JURIDIST","SHIFT","POP","SPECIAL","BEATTYPE","LAPDDIV","BEATCLAS","BEATNUMB","WEATHER2","STATEHW","CALTRANC","CALTRAND","STROUTE","ROUTESUF","POSTPRE","POSTMILE","LOCATYPE","RAMP","SIDEHW","TOWAWAY","PARTIES","PCF","VIOLCODE","VIOL","VIOLSUB","HITRUN","ROADSURF","RDCOND1","RDCOND2","LIGHTING","RIGHTWAY","CHPRDTYP","NOTPRIV","STFAULT","CHPFAULT","SEVINJ","OTHERINJ","COP","PEDKILL","PEDINJ","BICKILL","BICINJ","MCKILL","MCINJURE","RAMP1","RAMP2","CITY","COUNTY","STATE","X_CHP","Y_CHP"
"2207856",-122.290642863,37.9750900269,2005,"0710","0","3","4","05",0,1,"A",,,,,,1500,8,"E","I","A","VALLEY VIEW RD","FLEETWOOD DR",147,"S","N","2006-01-05",710,"2005-08-24",1424,"1281",,"5","5","0","0",,"0",,"-","N",,0,0,,,0,,,,"Y",1,"A","-",21650,,"N","A","H","-","A","D","0","Y","-","-",0,0,1,0,0,0,0,0,0,"-","-","RICHMOND","CONTRA COSTA","CA",0,0
"2207858",-122.360033173,37.9341049194,2005,"0710","0","3","3","09",0,1,"A",,,,,,1500,8,"D","C","A","HARBOR WY","BISSELL",0,,"Y","2006-01-05",710,"2005-08-24",1200,"1239",,"5","5","0","0",,"0",,"-","N",,0,0,,,0,,,,"N",2,"A","-",21801,,"F","A","H","-","A","A","0","Y","A",,0,1,0,0,0,0,0,0,0,"-","-","RICHMOND","CONTRA COSTA","CA",0,0
"2207861",-122.366103176,37.9464263916,2005,"0710","0","1","3","03",0,1,"A",,,,,,2100,8,"E","I","A","RICHMOND PKY","HENSLEY ST",0,,"Y","2006-01-05",710,"2005-08-15",1900,"1376",,"5","5","0","0",,"0",,"-","N",,0,0,,,0,,,,"N",1,"A","-",22350,,"N","A","H","-","A","A","0","Y","A",,0,1,0,0,0,0,0,0,0,"-","-","RICHMOND","CONTRA COSTA","CA",0,0
"2207864",-122.334561545,37.9498748779,2005,"0710","0","5","3","12",0,2,"A",,,,,,1800,8,"D","C","A","RHEEM AV","34TH ST",12,"E","N","2006-02-02",710,"2005-08-05",1642,"1415",,"5","5","0","0",,"0",,"-","N",,0,0,,,0,,,,"Y",2,"A","-",22450,,"N","A","H","-","A","D","0","Y","A",,0,1,1,0,0,0,0,0,0,"-","-","RICHMOND","CONTRA COSTA","CA",0,0
"2207866",-122.365819706,37.9418182373,2005,"0710","0","1","4","04",0,1,"A",,"Y",,,,1800,8,"C","G","A","4TH ST","4TH ST 664",0,,"-","2006-02-14",710,"2005-08-22",1715,"1407",,"5","5","0","0",,"0","007","-","N",,0,0,,,0,,,,"N",2,"A","-",21703,,"F","A","H","-","A","D","0","Y","A",,0,0,1,0,0,0,1,0,0,"-","-","RICHMOND","CONTRA COSTA","CA",0,0
"2207871",-122.351425151,37.935749054,2005,"0710","0","1","3","05",0,2,"A",,,,,,1200,8,"E","I","A","MACDONALD AV","20TH ST",246,"W","N","2006-02-02",710,"2005-08-22",1131,"1281",,"5","5","0","0",,"0",,"-","N",,0,0,,,0,,,,"Y",1,"A","-",21650,,"N","A","H","-","A","D","0","Y","-",,0,2,0,0,0,0,0,0,0,"-","-","RICHMOND","CONTRA COSTA","CA",0,0
"2212908",-122.365151844,37.9519691467,2005,"0710","0","7","4","21",0,1,"B","Y",,,,,2100,8,"A","B","F","SANFORD AV","FILBERT AV",525,"E","N","2006-01-04",710,"2005-08-07",1928,"1220",,"5","5","0","0",,"0",,"-","N",,0,0,,,0,,,,"N",2,"A","-",22106,,"F","A","H","-","A","A","0","Y","-","-",0,0,1,0,1,0,0,0,0,"-","-","RICHMOND","CONTRA COSTA","CA",0,0
"2212912",-122.327403168,37.9328536987,2005,"0710","0","2","4","07",0,1,"A",,,,,,1500,8,"B","C","A","MACDONALD AV","45TH ST",0,,"Y","2006-01-05",710,"2005-08-02",1304,"1412",,"5","5","0","0",,"0",,"-","N",,0,0,,,0,,,,"N",2,"A","-",21658,"A","N","A","H","-","A","D","0","Y","A",,0,0,1,0,0,0,0,0,0,"-","-","RICHMOND","CONTRA COSTA","CA",0,0
"2212916",-122.328363173,37.9764938354,2005,"0710","0","2","4","07",0,1,"A",,,,,,1800,8,"B","C","A","HILLTOP DR","SHANE DR",0,,"Y","2006-01-05",710,"2005-08-02",1540,"1242",,"5","5","0","0",,"0",,"-","N",,0,0,,,0,,,,"Y",2,"A","-",21658,"A","N","A","H","-","A","A","0","Y","A",,0,0,1,0,0,0,0,0,0,"-","-","RICHMOND","CONTRA COSTA","CA",0,0
"2212920",-122.328521014,37.9425468445,2005,"0710","0","2","4","04",0,1,"A",,,,,,1800,7,"C","C","A","SAN PABLO AV","SOLANO AV",200,"N","N","2005-12-03",710,"2005-07-19",1706,"1118",,"5","5","0","0",,"0",,"-","N",,0,0,,,0,,,,"N",2,"A","-",21703,,"N","A","H","-","A","D","0","Y","A",,0,0,1,0,0,0,0,0,0,"-","-","RICHMOND","CONTRA COSTA","CA",0,0
"2212928",-122.344589037,37.9353408813,2005,"0710","0","3","4","03",0,1,"A",,,,,,1500,8,"C","C","A","MACDONALD AV","CIVIC CENTER",10,"E","N","2006-01-06",710,"2005-08-03",1200,"1329",,"5","5","0","0",,"0","010","-","N",,0,0,,,0,,,,"N",2,"A","-",22350,,"N","A","H","-","A","D","0","Y","D",,0,0,1,0,0,0,0,0,0,"-","-","RICHMOND","CONTRA COSTA","CA",0,0
"2212940",-122.367863174,37.9308738708,2005,"0710","0","6","3","12",0,3,"A",,,,,,2100,7,"D","C","A","OHIO AV","S 2ND ST",0,,"Y","2005-12-03",710,"2005-07-23",1914,"1314",,"5","5","0","0",,"0","001","-","N",,0,0,,,0,,,,"Y",2,"A","-",22450,,"N","A","H","-","A","A","0","Y","A",,0,1,2,0,0,0,0,0,0,"-","-","RICHMOND","CONTRA COSTA","CA",0,0
"2212944",-122.355829948,37.9252243042,2005,"0710","0","7","4","08",0,1,"A",,,"Y",,,1500,7,"B","C","A","CUTTING BL","MARINA WY S",24,"E","N","2005-12-21",710,"2005-07-31",1358,"1345",,"5","5","0","0",,"0","003","-","N",,0,0,,,0,,,,"N",2,"A","-",22107,,"F","A","H","-","A","A","0","Y","A",,0,0,1,0,0,0,0,0,1,"-","-","RICHMOND","CONTRA COSTA","CA",0,0
"2212948",-122.330668157,37.9472885132,2005,"0710","0","7","4","-",0,1,"A",,,,,,2400,7,"E","I","A","MCBRYDE","SAN PABLO AV",30,"E","Y","2005-12-13",710,"2005-07-31",2300,"1282",,"5","5","0","0",,"0","010","-","N",,0,0,,,0,,,,"Y",1,"A","-",0,,"N","A","H","-","C","A","0","Y","-","-",0,0,1,0,0,0,0,0,0,"-","-","RICHMOND","CONTRA COSTA","CA",0,0
"2212952",-122.333413779,37.9254493713,2005,"0710","0","4","4","05",0,1,"A",,"Y",,,"Y",2100,7,"D","G","A","S 38TH ST","CUTTING BL",9,"N","N","2005-12-03",710,"2005-07-28",1937,"1281",,"5","5","0","0",,"0",,"-","N",,0,0,,,0,,,,"N",2,"A","-",21650,"1","N","A","H","-","B","D","0","Y","L","04",0,0,1,0,0,0,1,0,0,"-","-","RICHMOND","CONTRA COSTA","CA",0,0
"2212960",-122.34380317,37.9266166687,2005,"0710","0","3","3","09",0,8,"A",,,,"Y",,1500,7,"D","C","A","VIRGINIA AV","S 27TH ST",0,,"N","2005-11-07",710,"2005-07-27",1208,"1239",,"5","5","0","0",,"0",,"-","N",,0,0,,,0,,,,"Y",3,"A","-",21803,"A","N","A","A","-","A","A","0","Y","D",,0,1,7,0,0,0,0,0,0,"-","-","RICHMOND","CONTRA COSTA","CA",0,0
"2212965",-122.37377756,37.9615478516,2005,"0710","0","1","3","07",0,1,"A",,,,,,1500,7,"C","E","A","RICHMOND PKY","PITTSBURG AV",600,"S","N","2005-12-06",710,"2005-07-25",1355,"1412",,"5","5","0","0",,"0",,"-","N",,0,0,,,0,,,,"Y",2,"A","-",21658,"A","N","A","H","-","A","D","0","Y","A",,0,1,0,0,0,0,0,0,0,"-","-","RICHMOND","CONTRA COSTA","CA",0,0
"2215013",-122.314992595,37.985786168,2005,"0710","1","4","4","03",0,2,"A",,,,,,2100,8,"C","C","A","RT 80","RICHMOND PKY",500,"W","N","2006-02-03",9370,"2005-08-11",1830,"17089",,"2","5","0","1",,"2","083","-","Y","CC",4,80,"-","-",6.65,"H","-","E","Y",3,"A","-",22350,,"N","A","H","-","A","D","6","Y","A","01",0,0,2,0,0,0,0,0,0,"-","-","RICHMOND","CONTRA COSTA","CA",0,0
"2217098",-122.38930021,37.930090689,2005,"0710","1","2","4","08",0,1,"A",,,,,,2400,8,"E","I","A","RT 580","CASTRO ST",1056,"W","N","2006-02-23",9370,"2005-08-30",2322,"17378",,"3","5","0","1",,"2","058","-","Y","CC",4,580,"-","R",5.37,"H","-","E","Y",1,"A","-",22107,,"N","A","H","-","D","D","1","Y","A","01",0,0,1,0,0,0,0,0,0,"-","-","RICHMOND","CONTRA COSTA","CA",0,0
"2218876",-122.378032587,37.927290925,2005,"0710","1","1","4","08",0,1,"A",,,,,,1800,8,"E","I","A","RT 580","GERRARD BL",230,"W","N","2006-02-01",9370,"2005-08-29",1750,"17089",,"2","5","0","1",,"2","058","-","Y","CC",4,580,"-","R",4.75,"H","-","W","Y",1,"A","-",22107,,"N","A","H","-","A","D","1","Y","A","08",0,0,1,0,0,0,0,0,0,"-","-","RICHMOND","CONTRA COSTA","CA",0,0
"2222757",-122.327257966,37.950906234,2005,"0710","1","2","4","07",0,2,"A",,,"Y",,,1200,8,"B","C","A","RT 80","MCBRYDE AV",563,"E","N","2006-01-27",9370,"2005-08-16",1030,"01396",,"1","5","0","1",,"2","082","-","Y","CC",4,80,"-","-",3.91,"H","-","W","Y",3,"A","-",21658,"A","F","A","H","-","A","D","6","Y","A","07",0,0,2,0,0,0,0,0,1,"-","-","RICHMOND","CONTRA COSTA","CA",0,0
"2225746",-122.321799249,37.966909913,2005,"0710","1","1","2","01",0,1,"A",,,,,"Y",600,8,"E","J","A","RT 80","EL PORTAL",10,"E","N","2006-02-17",9370,"2005-08-22",305,"01784",,"3","5","0","1",,"2","083","-","Y","CC",4,80,"-","-",5.29,"H","-","E","Y",1,"A","-",23152,"A","N","A","H","-","D","D","6","Y","A","01",1,0,0,0,0,0,0,0,0,"-","-","RICHMOND","CONTRA COSTA","CA",0,0
"2225863",-122.312243162,37.903285006,2005,"0710","1","6","3","17",0,1,"A",,"Y",,,,2100,8,"H","G","A","RT 80","CENTRAL AV",3,"E","N","2006-02-14",9370,"2005-08-20",1815,"01750",,"2","5","0","1",,"2","082","-","Y","CC",4,80,"-","-",0.349,"R","3","E","N",2,"A","-",21451,"A","N","A","H","-","A","A","6","Y","A","01",0,1,0,0,0,0,1,0,0,"-","-","RICHMOND","CONTRA COSTA","CA",0,0
"2244244",-122.370737085,37.927104298,2005,"0710","1","1","4","08",0,1,"A",,,,,,1800,8,"F","A","A","RT 580","CANAL ST",1773,"E","N","2006-01-28",9370,"2005-08-29",1525,"01790",,"2","5","0","1",,"2","058","-","Y","CC",4,580,"-","R",4.3,"H","-","E","Y",1,"A","-",22107,,"N","A","H","-","A","D","1","Y","A","01",0,0,1,0,0,0,0,0,0,"-","-","RICHMOND","CONTRA COSTA","CA",0,0
"2249923",-122.322026775,37.9888725281,2005,"0710","0","5","1","01",1,0,"A","Y",,,,"Y",2400,7,"G","B","B","RICHMOND PKY","BLUME DR",1584,"W","N","2006-06-07",710,"2005-07-29",2307,"1242",,"5","5","0","0",,"0",,"-","N",,0,0,,,0,,,,"Y",2,"A","-",23152,"B","N","A","H","-","C","A","0","Y","A","01",0,0,0,1,0,0,0,0,0,"-","-","RICHMOND","CONTRA COSTA","CA",0,0
"2250436",-122.345506877,37.9381942749,2005,"0710","0","1","4","08",0,1,"A",,"Y",,,,1500,9,"H","G","A","BARRETT AV","24TH ST",81,"E","N","2006-02-08",710,"2005-09-12",1421,"1281",,"5","5","0","0",,"0",,"-","N",,0,0,,,0,,,,"N",2,"A","-",22107,,"N","A","H","-","A","D","0","Y","L","04",0,0,1,0,0,0,1,0,0,"-","-","RICHMOND","CONTRA COSTA","CA",0,0
"2250438",-122.332293353,37.9208297729,2005,"0710","0","2","4","-",0,1,"A",,,,,,1200,9,"C","E","A","CARLSON BL","POTRERO AV",294,"S","N","2006-02-04",710,"2005-09-13",915,"1415",,"5","5","0","0",,"0","005","-","N",,0,0,,,0,,,,"Y",2,"A","-",0,,"N","A","H","-","A","D","0","Y","A",,0,0,1,0,0,0,0,0,0,"-","-","RICHMOND","CONTRA COSTA","CA",0,0
"2250440",-122.317173173,37.9868736267,2005,"0710","0","1","4","04",0,1,"B",,,,,,900,9,"C","C","A","RICHMOND PKY","BLUME DR",0,,"Y","2006-02-04",710,"2005-09-12",802,"1242",,"5","5","0","0",,"0",,"-","N",,0,0,,,0,,,,"N",2,"A","-",21703,,"N","A","H","-","A","A","0","Y","A","01",0,0,1,0,0,0,0,0,0,"-","-","RICHMOND","CONTRA COSTA","CA",0,0
"2250442",0,0,2005,"0710","0","5","4","04",0,1,"B",,,,,,900,9,"C","C","A","CASTRO ST","MILL ST",0,,"Y","2006-02-07",710,"2005-09-09",756,"1345",,"5","5","0","0",,"0","001","-","N",,0,0,,,0,,,,"Y",2,"A","-",21703,,"M","A","H","-","A","D","0","Y","A",,0,0,1,0,0,0,0,0,0,"-","-","RICHMOND","CONTRA COSTA","CA",0,0
"2250443",-122.360103172,37.9252433777,2005,"0710","0","5","3","00",0,1,"B",,,,,,1200,9,"A","C","A","HARBOUR WY S","CUTTING BL",0,,"Y","2006-02-07",710,"2005-09-09",1128,"1345",,"5","5","0","0",,"0","001","-","N",,0,0,,,0,,,,"Y",2,"A","-",23103,,"F","B","H","-","A","D","0","Y","-",,0,1,0,0,0,0,0,0,0,"-","-","RICHMOND","CONTRA COSTA","CA",0,0
"2250446",-122.331459507,37.9486885071,2005,"0710","0","2","3","01",0,4,"A",,,,,"Y",1800,9,"A","C","A","SAN PABLO AV","NATALIE CT",100,"S","N","2006-02-07",710,"2005-09-06",1542,"1242",,"5","5","0","0",,"0",,"-","N",,0,0,,,0,,,,"Y",4,"A","-",23152,"A","N","A","H","-","A","A","0","Y","A","01",0,2,2,0,0,0,0,0,0,"-","-","RICHMOND","CONTRA COSTA","CA",0,0
"2250447",-122.348603172,37.9357566833,2005,"0710","0","3","4","12",0,1,"A",,,,,,600,9,"D","C","A","MACDONALD AV","22ND ST",0,,"Y","2006-02-07",710,"2005-09-07",330,"1324",,"5","5","0","0",,"0","009","-","N",,0,0,,,0,,,,"Y",2,"A","-",21453,"A","N","A","H","-","C","A","0","Y","-",,0,0,1,0,0,0,0,0,0,"-","-","RICHMOND","CONTRA COSTA","CA",0,0
"2250448",-122.363333174,37.9384231567,2005,"0710","0","6","4","10",0,1,"A",,"Y",,,,1800,9,"G","G","A","BARRETT AV","6TH ST",0,,"Y","2006-02-07",710,"2005-09-10",1614,"1380",,"5","5","0","0",,"0",,"-","N",,0,0,,,0,,,,"N",2,"A","-",21950,"A","F","A","H","-","A","A","0","Y","A",,0,0,1,0,0,0,1,0,0,"-","-","RICHMOND","CONTRA COSTA","CA",0,0
"2250450",-122.353030749,37.9240036011,2005,"0710","0","6","3","09",0,3,"A",,,,,"Y",1200,9,"D","C","A","POTRERO AV","S 17TH ST",18,"E","N","2006-02-14",710,"2005-09-10",1058,"1345",,"5","5","0","0",,"0","003","-","N",,0,0,,,0,,,,"Y",2,"A","-",21801,"A","F","A","H","-","A","D","0","Y","A",,0,2,1,0,0,0,0,0,0,"-","-","RICHMOND","CONTRA COSTA","CA",0,0
"2250455",-122.361993173,37.9308547974,2005,"0710","0","1","3","01",0,1,"A",,,,,"Y",2100,9,"D","C","A","OHIO AV","S 8TH ST",0,,"Y","2006-02-15",710,"2005-09-05",1930,"1281",,"5","5","0","0",,"0",,"-","N",,0,0,,,0,,,,"N",2,"A","-",23153,"A","F","A","H","-","C","A","0","Y","-","-",0,1,0,0,0,0,0,0,0,"-","-","RICHMOND","CONTRA COSTA","CA",0,0
"2250456",-122.360103172,37.9252433777,2005,"0710","0","3","4","08",0,1,"A",,,,,,1800,9,"B","C","A","HARBOUR WY SO","CUTTING BL",0,,"Y","2006-02-15",710,"2005-09-07",1620,"1281",,"5","5","0","0",,"0",,"-","N",,0,0,,,0,,,,"Y",2,"A","-",22107,,"N","A","H","-","A","A","0","Y","-","-",0,0,1,0,0,0,0,0,0,"-","-","RICHMOND","CONTRA COSTA","CA",0,0
"2252161",-122.333812748,37.9910163879,2005,"0710","0","4","4","04",0,1,"A",,,,,,900,9,"C","C","A","RICHMOND PKY","SAN PABLO AV",263,"W","N","2006-02-04",710,"2005-09-29",735,"1242",,"5","5","0","0",,"0",,"-","N",,0,0,,,0,,,,"Y",2,"A","-",21703,,"N","A","H","-","A","A","0","Y","A",,0,0,1,0,0,0,0,0,0,"-","-","RICHMOND","CONTRA COSTA","CA",0,0
"2252162",-122.352533173,37.9384536743,2005,"0710","0","3","4","11",0,1,"A","Y",,,,,1500,9,"A","B","D","18TH ST","BARRETT AV",0,,"Y","2006-02-08",710,"2005-09-21",1359,"1242",,"5","5","0","0",,"0",,"-","N",,0,0,,,0,,,,"N",2,"A","-",21953,,"F","A","H","-","A","D","0","Y","A","01",0,0,1,0,1,0,0,0,0,"-","-","RICHMOND","CONTRA COSTA","CA",0,0
"2252167",-122.383263176,37.9254760742,2005,"0710","0","3","2","10",0,1,"A","Y",,,,,1500,9,"G","B","B","CUTTING BL","GARRARD BL",0,,"Y","2006-02-08",710,"2005-09-14",1414,"1242",,"5","5","0","0",,"0",,"-","N",,0,0,,,0,,,,"N",2,"A","-",21950,"A","N","A","H","-","A","A","0","Y","A","01",1,0,0,0,1,0,0,0,0,"-","-","RICHMOND","CONTRA COSTA","CA",0,0
"2252179",-122.318683164,37.9116439819,2005,"0710","0","4","4","04",0,1,"B",,,,,,1200,9,"C","C","A","CARLSON BL","55TH ST",0,,"Y","2006-02-08",710,"2005-09-15",950,"1242",,"5","5","0","0",,"0",,"-","N",,0,0,,,0,,,,"N",2,"A","-",21703,,"M","A","H","-","A","A","0","Y","A","01",0,0,1,0,0,0,0,0,0,"-","-","RICHMOND","CONTRA COSTA","CA",0,0
"2252186",-122.345463579,37.9436340332,2005,"0710","0","7","4","09",0,2,"A",,,,,,1500,9,"D","C","A","GARVIN AV","24TH ST",3,"W","N","2006-02-07",710,"2005-09-25",1305,"1402",,"5","5","0","0",,"0","010","-","N",,0,0,,,0,,,,"Y",2,"A","-",21801,"A","N","A","H","-","A","A","0","Y","A",,0,0,2,0,0,0,0,0,0,"-","-","RICHMOND","CONTRA COSTA","CA",0,0
"2252187",-122.364733174,37.9368553162,2005,"0710","0","6","4","21",0,1,"A",,,,,,1200,9,"D","C","A","NEVIN AV","5TH ST",0,,"Y","2006-02-08",710,"2005-09-17",1139,"1351","034","5","5","0","0",,"0","007","-","N",,0,0,,,0,,,,"Y",2,"A","-",22106,,"N","A","H","-","A","A","0","Y","A",,0,0,1,0,0,0,0,0,0,"-","-","RICHMOND","CONTRA COSTA","CA",0,0
"2252189",-122.33553317,37.936794281,2005,"0710","0","1","4","03",0,2,"A",,,,,,900,9,"C","C","A","BARRETT AV","35TH ST",0,,"Y","2006-02-14",710,"2005-09-26",829,"1182",,"5","5","0","0",,"0",,"-","N",,0,0,,,0,,,,"Y",2,"A","-",22350,,"N","A","H","-","A","D","0","Y","-","-",0,0,2,0,0,0,0,0,0,"-","-","RICHMOND","CONTRA COSTA","CA",0,0
"2252190",-122.356213173,37.9341049194,2005,"0710","0","4","4","05",0,1,"A",,,,,,1800,9,"B","E","A","BISSELL AV","MARINA WY",0,,"Y","2006-02-15",710,"2005-09-15",1530,"1242",,"5","5","0","0",,"0",,"-","N",,0,0,,,0,,,,"Y",2,"A","-",21650,,"F","A","H","-","A","D","0","Y","A","01",0,0,1,0,0,0,0,0,0,"-","-","RICHMOND","CONTRA COSTA","CA",0,0
"2252197",-122.340550423,37.9756584167,2005,"0710","0","4","4","03",0,1,"A",,,,,,900,9,"C","E","A","ROBERT MILLER","SAN PABLO AV",479,"E","N","2006-02-04",710,"2005-09-29",756,"1239",,"5","5","0","0",,"0",,"-","N",,0,0,,,0,,,,"Y",3,"A","-",22350,,"N","A","H","-","A","A","0","Y","A",,0,0,1,0,0,0,0,0,0,"-","-","RICHMOND","CONTRA COSTA","CA",0,0
"2252198",-122.323657331,37.9141273499,2005,"0710","0","6","2","-",0,1,"A",,,"Y",,,2100,9,"E","I","A","CARLSON BL","BAYVIEW AV",39,"N","N","2006-02-08",710,"2005-09-17",1830,"1345",,"5","5","0","0",,"0","004","-","N",,0,0,,,0,,,,"Y",1,"A","-",0,,"N","A","H","-","A","D","0","Y","-","-",1,0,0,0,0,0,0,0,1,"-","-","RICHMOND","CONTRA COSTA","CA",0,0
"2252205",-122.332943176,37.9907951355,2005,"0710","0","3","4","04",0,2,"A",,,,,,2100,9,"C","C","A","SAN PABLO AV","RICHMOND PKY",0,,"Y","2006-02-04",710,"2005-09-28",1830,"1133",,"5","5","0","0",,"0","012","-","N",,0,0,,,0,,,,"N",2,"A","-",21703,,"M","A","H","-","A","A","0","Y","A",,0,0,2,0,0,0,0,0,0,"-","-","RICHMOND","CONTRA COSTA","CA",0,0
"2252207",-122.325111871,37.9904212952,2005,"0710","0","5","3","05",0,2,"A",,,,,,1800,9,"A","I","A","RICHMOND PKY","BLUME DR",2640,"W","N","2006-02-08",710,"2005-09-09",1600,"1189","0710","5","5","0","0",,"0","B12","-","N",,0,0,,,0,,,,"Y",1,"A","-",21651,"A","N","A","H","-","-","D","0","Y","A",,0,2,0,0,0,0,0,0,0,"-","-","RICHMOND","CONTRA COSTA","CA",0,0
"2252210",-122.311663162,37.9007339478,2005,"0710","0","3","4","18",0,1,"A",,,,,,1500,9,"C","C","A","CENTRAL AV","JACUZZI AV",0,,"Y","2006-02-04",710,"2005-09-14",1340,"00026",,"5","5","0","0",,"0",,"-","N",,0,0,,,0,,,,"N",2,"C","-",0,,"N","D","G","-","A","A","0","Y","-","-",0,0,1,0,0,0,0,0,0,"-","-","RICHMOND","CONTRA COSTA","CA",0,0
"2252214",-122.34572317,37.9266166687,2005,"0710","0","2","4","09",0,1,"B",,,,,,1800,9,"D","C","A","VIRGINIA AV","S 25TH ST",0,,"Y","2006-02-08",710,"2005-09-20",1535,"834","1","5","5","0","0",,"0",,"-","N",,0,0,,,0,,,,"N",2,"A","-",21802,"A","N","A","H","-","A","A","0","Y","-",,0,0,1,0,0,0,0,0,0,"-","-","RICHMOND","CONTRA COSTA","CA",0,0
"2252217",-122.320353165,37.9125137329,2005,"0710","0","1","3","10",0,1,"A","Y",,,,,900,9,"G","B","B","CARLSON BL","CARL AV",0,,"Y","2006-02-08",710,"2005-09-26",800,"1242",,"5","5","0","0",,"0",,"-","N",,0,0,,,0,,,,"N",2,"A","-",21950,"A","N","A","H","-","A","A","0","Y","A","01",0,1,0,0,1,0,0,0,0,"-","-","RICHMOND","CONTRA COSTA","CA",0,0
"2252218",-122.325483167,37.9211845398,2005,"0710","0","3","4","05",0,1,"A",,,,,,900,9,"B","C","A","POTRERO AV","47TH ST",0,,"Y","2006-02-08",710,"2005-09-21",850,"1242",,"5","5","0","0",,"0",,"-","N",,0,0,,,0,,,,"N",2,"A","-",21650,,"F","A","H","-","A","A","0","Y","A","01",0,0,1,0,0,0,0,0,0,"-","-","RICHMOND","CONTRA COSTA","CA",0,0
"2252221",-122.348573172,37.9384651184,2005,"0710","0","4","4","00",0,1,"A",,,,,,1200,9,"D","C","A","BARRETT AV","22ND ST",0,,"Y","2006-02-17",710,"2005-09-22",935,"1242",,"5","5","0","0",,"0",,"-","N",,0,0,,,0,,,,"Y",2,"D","-",0,,"N","A","H","-","A","A","0","Y","-","-",0,0,1,0,0,0,0,0,0,"-","-","RICHMOND","CONTRA COSTA","CA",0,0
"2252222",-122.344573173,37.9544258118,2005,"0710","0","2","4","05",0,1,"A","Y",,,,"Y",1800,9,"B","B","F","PINE AV","25TH ST",0,,"Y","2006-02-08",710,"2005-09-20",1530,"1242",,"5","5","0","0",,"0",,"-","N",,0,0,,,0,,,,"Y",2,"A","-",21650,,"F","A","H","-","A","D","0","Y","A","01",0,0,1,0,1,0,0,0,0,"-","-","RICHMOND","CONTRA COSTA","CA",0,0
"2252229",-122.342333171,37.9377250671,2005,"0710","0","2","4","-",0,1,"A",,,,,,1200,9,"A","C","A","BARRETT AV","27TH ST",0,,"Y","2006-02-17",710,"2005-09-27",909,"834",,"5","5","0","0",,"0",,"-","N",,0,0,,,0,,,,"Y",2,"-","-",0,,"N","A","H","-","A","A","0","Y","-","-",0,0,1,0,0,0,0,0,0,"-","-","RICHMOND","CONTRA COSTA","CA",0,0
"2252230",-122.353853173,37.9431152344,2005,"0710","0","1","4","09",0,3,"A",,,,,,1200,9,"D","C","A","BURBECK AV","17TH ST",0,,"Y","2006-02-08",710,"2005-09-19",930,"1242",,"5","5","0","0",,"0",,"-","N",,0,0,,,0,,,,"Y",2,"A","-",21800,"B","F","A","H","-","A","A","0","Y","A","01",0,0,3,0,0,0,0,0,0,"-","-","RICHMOND","CONTRA COSTA","CA",0,0
"2252237",-122.327253169,37.9423866272,2005,"0710","0","7","3","12",0,3,"B",,,,,,1800,9,"D","D","A","SOLANO AV","MCLAUGHLIN AV",0,,"Y","2006-02-07",710,"2005-09-25",1643,"1402",,"5","5","0","0",,"0","010","-","N",,0,0,,,0,,,,"Y",2,"A","-",22450,"A","N","A","H","-","A","A","0","Y","-",,0,2,1,0,0,0,0,0,0,"-","-","RICHMOND","CONTRA COSTA","CA",0,0
"2252244",-122.325824161,37.93770942,2005,"0710","1","6","4","03",0,2,"A","Y",,,,,300,9,"C","C","E","RT 80","SAN PABLO AV",70,"E","N","2006-03-06",9370,"2005-09-03",237,"01766",,"3","5","0","1",,"2","082","-","Y","CC",4,80,"-","-",2.97,"H","-","E","Y",4,"A","-",22350,,"N","A","C","-","C","D","6","Y","A","01",0,0,2,0,1,0,0,0,0,"-","-","RICHMOND","CONTRA COSTA","CA",0,0
"2253189",-122.317583164,37.914734303,2005,"0710","1","4","3","03",0,2,"A",,,,,,1200,8,"C","C","A","RT 80","CARLSON BL",1056,"E","N","2006-02-04",9370,"2005-08-25",935,"01753",,"1","5","0","1",,"2","082","-","Y","CC",4,80,"-","-",1.23,"H","-","W","N",4,"A","-",22350,,"N","A","H","-","A","D","6","Y","A","01",0,1,1,0,0,0,0,0,0,"-","-","RICHMOND","CONTRA COSTA","CA",0,0
"2268065",-122.319803172,37.971995011,2005,"0710","1","3","4","03",0,1,"A",,,,,,1500,8,"C","C","A","RT 80","HILLTOP DR",1056,"W","N","2006-01-26",9370,"2005-08-17",1355,"01780",,"1","5","0","1",,"2","083","-","Y","CC",4,80,"-","-",5.768,"R","3","E","Y",4,"A","-",22350,,"N","A","H","-","A","D","6","Y","A","07",0,0,1,0,0,0,0,0,0,"T","-","RICHMOND","CONTRA COSTA","CA",0,0
"2268307",-122.319170555,37.9459609985,2005,"0710","5","6","3","01",0,1,"A",,,,,"Y",2400,9,"C","E","A","SOLANO AV","ARLINGTON AV",141,"W","N","2006-02-11",9370,"2005-09-10",2248,"01766",,"3","5","0","3",,"2","010","-","N",,0,0,,,0,,,,"Y",3,"A","-",23152,"A","N","A","H","-","C","D","0","Y","D","22",0,1,0,0,0,0,0,0,0,"-","-","RICHMOND","CONTRA COSTA","CA",0,0