"CASEID","POINT_X","POINT_Y","YEAR_","LOCATION","CHPTYPE","DAYWEEK","CRASHSEV","VIOLCAT","KILLED","INJURED","WEATHER1","PEDCOL","BICCOL","MCCOL","TRUCKCOL","ETOH","TIMECAT","MONTH_","CRASHTYP","INVOLVE","PED","PRIMARYRD","SECONDRD","DISTANCE","DIRECT","INTERSECT_","PROCDATE","JURIS","DATE_","TIME_","BADGE","JURIDIST","SHIFT","POP","SPECIAL","BEATTYPE","LAPDDIV","BEATCLAS","BEATNUMB","WEATHER2","STATEHW","CALTRANC","CALTRAND","STROUTE","ROUTESUF","POSTPRE","POSTMILE","LOCATYPE","RAMP","SIDEHW","TOWAWAY","PARTIES","PCF","VIOLCODE","VIOL","VIOLSUB","HITRUN","ROADSURF","RDCOND1","RDCOND2","LIGHTING","RIGHTWAY","CHPRDTYP","NOTPRIV","STFAULT","CHPFAULT","SEVINJ","OTHERINJ","COP","PEDKILL","PEDINJ","BICKILL","BICINJ","MCKILL","MCINJURE","RAMP1","RAMP2","CITY","COUNTY","STATE","X_CHP","Y_CHP"
"2326441",-122.347513173,37.9436264038,2005,"0710","0","4","4","09",0,1,"A",,,,,,2400,10,"B","C","A","23RD ST","GARVIN AV",0,,"Y","2006-02-28",710,"2005-10-13",2153,"1220",,"5","5","0","0",,"0",,"-","N",,0,0,,,0,,,,"Y",2,"A","-",21801,"A","N","A","H","-","C","A","0","Y","-","-",0,0,1,0,0,0,0,0,0,"-","-","RICHMOND","CONTRA COSTA","CA",0,0
"2347929",-122.325277472,37.938746001,2005,"0710","1","6","2","01",0,1,"A",,,,,"Y",2400,10,"F","A","A","RT 80","SAN PABLO AV",160,"E","N","2006-03-29",9370,"2005-10-08",2202,"17682",,"3","5","0","1",,"2","082","-","Y","CC",4,80,"-","-",3.02,"H","-","E","Y",1,"A","-",23152,"A","N","A","H","-","C","D","6","Y","A","01",1,0,0,0,0,0,0,0,0,"-","-","RICHMOND","CONTRA COSTA","CA",0,0
"2347934",-122.326587316,37.936259087,2005,"0710","1","1","4","08",0,1,"C",,,,,"Y",2100,11,"D","C","A","RT 80","SAN PABLO AV",320,"W","N","2006-04-05",9370,"2005-11-07",1907,"01790",,"2","5","0","1",,"2","082","-","Y","CC",4,80,"-","-",2.9,"H","-","E","Y",4,"A","-",22107,,"N","B","H","-","D","D","6","Y","A","01",0,0,1,0,0,0,0,0,0,"-","-","RICHMOND","CONTRA COSTA","CA",0,0
"2350975",-122.326801931,37.935376811,2005,"0710","1","7","3","01",0,1,"A",,,,,"Y",600,11,"E","I","A","RT 80","SAN PABLO AV",528,"W","N","2006-04-03",9370,"2005-11-20",315,"17431",,"3","5","0","1",,"2","082","-","Y","CC",4,80,"-","-",2.86,"H","-","E","Y",1,"A","-",23152,"A","N","A","H","-","D","D","6","Y","A","01",0,1,0,0,0,0,0,0,0,"-","-","RICHMOND","CONTRA COSTA","CA",0,0
"2355547",-122.319871317,37.972227629,2005,"0710","1","1","4","03",0,1,"C",,,,,,2100,11,"C","C","A","RT 80","HILLTOP DR",1056,"W","N","2006-04-20",9370,"2005-11-28",1800,"01737",,"2","5","0","1",,"2","083","-","Y","CC",4,80,"-","-",5.7,"H","-","W","Y",4,"A","-",22350,,"N","B","H","-","D","D","6","Y","A","01",0,0,1,0,0,0,0,0,0,"-","-","RICHMOND","CONTRA COSTA","CA",0,0
"2355566",-122.318988923,37.974840381,2005,"0710","1","2","4","03",0,1,"A",,,,,,900,11,"C","C","A","RT 80","HILLTOP DR",100,"W","N","2006-04-18",9370,"2005-11-22",735,"01396",,"1","5","0","1",,"2","083","-","Y","CC",4,80,"-","-",5.97,"H","-","W","N",2,"A","-",22350,,"N","A","H","-","A","D","6","Y","A","01",0,0,1,0,0,0,0,0,0,"-","-","RICHMOND","CONTRA COSTA","CA",0,0
"2355603",-122.339207641,37.921439729,2005,"0710","1","6","3","08",0,1,"A",,,"Y",,,1800,11,"E","I","A","RT 580","REGATTA BL",1584,"W","N","2006-04-04",9370,"2005-11-19",1610,"01780",,"2","5","0","1",,"2","058","-","Y","CC",4,580,"-","R",2.39,"H","-","E","Y",1,"A","-",22107,,"N","A","H","-","A","D","1","Y","C","02",0,1,0,0,0,0,0,0,1,"-","-","RICHMOND","CONTRA COSTA","CA",0,0
"2355622",-122.316076281,37.984353962,2005,"0710","1","2","4","03",0,2,"A","Y",,"Y",,,900,10,"F","A","E","RT 80","RICHMOND PKY",1584,"W","N","2006-04-06",9370,"2005-10-04",843,"17661",,"1","5","0","1",,"2","083","-","Y","CC",4,80,"-","-",6.6,"H","-","W","Y",3,"A","-",22350,,"N","A","H","-","A","D","6","Y","C","02",0,0,2,0,1,0,0,0,1,"-","-","RICHMOND","CONTRA COSTA","CA",0,0
"2363592",-122.316447446,37.902866292,2005,"0710","1","2","4","04",0,2,"B",,,,,,900,11,"C","C","A","RT 580","CENTRAL AV",1056,"W","N","2006-04-19",9370,"2005-11-29",725,"12484",,"1","5","0","1",,"2","058","-","Y","CC",4,580,"-","-",0.44,"H","-","E","Y",2,"A","-",21703,,"N","B","H","-","A","D","1","Y","A","01",0,0,2,0,0,0,0,0,0,"-","-","RICHMOND","CONTRA COSTA","CA",0,0
"2366016",-122.359151654,37.922944961,2005,"0710","1","2","4","03",0,4,"C",,,,,,1200,11,"B","C","A","RT 580","HARBOUR WY",60,"W","N","2006-04-19",9370,"2005-11-29",1100,"12906",,"1","5","0","1",,"2","058","-","Y","CC",4,580,"-","R",3.61,"H","-","E","Y",2,"A","-",22350,,"N","B","H","-","A","D","1","Y","A","01",0,0,4,0,0,0,0,0,0,"-","-","RICHMOND","CONTRA COSTA","CA",0,0
"2369879",-122.310518081,37.9403762817,2005,"0710","5","6","4","01",0,1,"A",,,,,,1200,12,"B","C","A","ARLINGTON BL","OLIVE AV",93,"S","N","2006-04-06",9370,"2005-12-03",1150,"01721",,"1","5","0","3",,"2","012","-","N",,0,0,,,0,,,,"Y",2,"A","-",23152,"A","N","A","H","-","A","D","0","Y","A","01",0,0,1,0,0,0,0,0,0,"-","-","RICHMOND","CONTRA COSTA","CA",0,0
"2369883",-122.392060377,37.93136326,2005,"0710","1","2","3","01",0,1,"A",,,,,"Y",2400,11,"E","I","A","RT 580","MARINE AV",80,"W","N","2006-04-19",9370,"2005-11-08",2122,"01784",,"2","5","0","1",,"2","058","-","Y","CC",4,580,"-","R",5.48,"H","-","E","Y",1,"A","-",23152,"A","N","A","H","-","D","D","1","Y","A","07",0,1,0,0,0,0,0,0,0,"-","-","RICHMOND","CONTRA COSTA","CA",0,0
"2369903",-122.325277472,37.938746001,2005,"0710","1","6","4","03",0,1,"A",,,,,,1800,12,"C","C","A","RT 80","SAN PABLO AV",150,"E","N","2006-04-25",9370,"2005-12-03",1605,"01708",,"2","5","0","1",,"2","082","-","Y","CC",4,80,"-","-",3.02,"H","-","E","Y",2,"A","-",22350,,"N","A","H","-","A","D","6","Y","A","01",0,0,1,0,0,0,0,0,0,"-","-","RICHMOND","CONTRA COSTA","CA",0,0
"2369906",-122.315013163,37.901105005,2005,"0710","1","3","4","03",0,1,"A",,,,"Y",,2100,11,"F","A","A","RT 580","CENTRAL AV",500,"W","N","2006-04-19",9370,"2005-11-23",2000,"01790",,"2","5","0","1",,"2","058","-","Y","CC",4,580,"-","-",0.276,"R","2","E","Y",1,"A","-",22350,,"N","A","H","-","A","D","1","Y","G","25",0,0,1,0,0,0,0,0,0,"T","-","RICHMOND","CONTRA COSTA","CA",0,0
"2374191",-122.31043346,37.990589363,2005,"0710","1","4","4","03",0,1,"C",,,,,,1500,12,"E","I","A","RT 80","RICHMOND PKY",1056,"E","N","2006-04-22",9370,"2005-12-01",1300,"12906",,"1","5","0","1",,"2","083","-","Y","CC",4,80,"-","-",6.94,"H","-","E","Y",1,"A","-",22350,,"N","B","H","-","A","D","6","Y","A","01",0,0,1,0,0,0,0,0,0,"-","-","RICHMOND","CONTRA COSTA","CA",0,0
"2374884",-122.334313168,37.9253768921,2005,"0710","0","6","4","12",0,1,"A",,,,,,900,11,"D","C","A","CUTTING BL","S 37TH ST",0,,"Y","2006-03-27",710,"2005-11-12",820,"1382",,"5","5","0","0",,"0","005","-","N",,0,0,,,0,,,,"Y",2,"A","-",21453,"A","N","A","H","-","A","A","0","Y","A",,0,0,1,0,0,0,0,0,0,"-","-","RICHMOND","CONTRA COSTA","CA",0,0
"2374886",-122.365973174,37.9308662415,2005,"0710","0","3","3","12",0,1,"A",,,,,,1800,11,"D","C","A","OHIO AV","4TH ST",0,,"Y","2006-03-23",710,"2005-11-16",1706,"1281",,"5","5","0","0",,"0",,"-","N",,0,0,,,0,,,,"N",3,"A","-",21453,"A","N","A","H","-","B","A","0","Y","-","-",0,1,0,0,0,0,0,0,0,"-","-","RICHMOND","CONTRA COSTA","CA",0,0
"2374887",-122.350183173,37.9473838806,2005,"0710","0","2","4","00",0,1,"B",,,,,,900,11,"D","C","A","COALINGA AV","20TH ST",0,,"Y","2006-03-28",710,"2005-11-29",830,"1242",,"5","5","0","0",,"0",,"C","N",,0,0,,,0,,,,"N",2,"D","-",0,,"N","B","H","-","A","A","0","Y","-","-",0,0,1,0,0,0,0,0,0,"-","-","RICHMOND","CONTRA COSTA","CA",0,0
"2374898",-122.326921552,37.9904594421,2005,"0710","0","5","4","03",0,1,"C",,,,,,2400,10,"C","C","A","RICHMOND PKY","LAKESIDE DR",528,"E","N","2006-03-30",710,"2005-10-28",2220,"1270",,"5","5","0","0",,"0",,"-","N",,0,0,,,0,,,,"N",3,"A","-",22350,,"N","B","H","-","D","D","0","Y","A",,0,0,1,0,0,0,0,0,0,"-","-","RICHMOND","CONTRA COSTA","CA",0,0
"2374900",-122.360033173,37.9341049194,2005,"0710","0","4","4","07",0,1,"A",,,,,,900,11,"B","C","A","HARBOUR WY","BISSELL AV",0,,"Y","2006-04-08",710,"2005-11-10",745,"1242",,"5","5","0","0",,"0",,"-","N",,0,0,,,0,,,,"N",2,"A","-",21658,"A","F","A","H","-","A","A","0","Y","-","-",0,0,1,0,0,0,0,0,0,"-","-","RICHMOND","CONTRA COSTA","CA",0,0
"2374908",-122.327355006,37.9903182983,2005,"0710","0","5","4","08",0,1,"B",,,,,,1800,11,"E","I","A","RICHMOND PKY","LAKESIDE DR",393,"E","N","2006-03-28",710,"2005-11-11",1600,"1402",,"5","5","0","0",,"0","012","-","N",,0,0,,,0,,,,"Y",1,"A","-",22107,,"N","A","H","-","A","D","0","Y","-",,0,0,1,0,0,0,0,0,0,"-","-","RICHMOND","CONTRA COSTA","CA",0,0
"2374910",-122.350563173,37.9399642944,2005,"0710","0","1","4","10",0,1,"C","Y",,,"Y",,2100,11,"G","B","D","ROOSEVELT AV","20TH ST",0,,"Y","2006-03-23",710,"2005-11-07",1805,"1364",,"5","5","0","0",,"0","009","-","N",,0,0,,,0,,,,"N",2,"A","-",21950,"A","N","B","-","-","D","-","0","Y","F",,0,0,1,0,1,0,0,0,0,"-","-","RICHMOND","CONTRA COSTA","CA",0,0
"2374919",-122.362623175,37.9425964355,2005,"0710","0","1","4","04",0,2,"A",,,,,,900,11,"C","C","A","PENNSYLVANIA AV","7TH ST",0,,"Y","2006-03-21",710,"2005-11-21",840,"1242",,"5","5","0","0",,"0",,"-","N",,0,0,,,0,,,,"Y",2,"A","-",21703,,"N","A","H","-","A","A","0","Y","A",,0,0,2,0,0,0,0,0,0,"-","-","RICHMOND","CONTRA COSTA","CA",0,0
"2374923",-122.365973174,37.9308662415,2005,"0710","0","5","4","09",0,1,"C",,,,,,900,11,"D","C","A","OHIO AV","4TH ST",0,,"Y","2006-03-21",710,"2005-11-25",745,"1033",,"5","5","0","0",,"0","001","-","N",,0,0,,,0,,,,"N",2,"A","-",21802,"A","F","B","H","-","A","A","0","Y","D",,0,0,1,0,0,0,0,0,0,"-","-","RICHMOND","CONTRA COSTA","CA",0,0
"2374924",-122.327213167,37.9254760742,2005,"0710","0","5","3","07",0,1,"A",,,,,,900,10,"B","C","A","CUTTING BL","S 45TH ST",0,,"N","2006-03-17",710,"2005-10-21",755,"1382",,"5","5","0","0",,"0","005","-","N",,0,0,,,0,,,,"N",2,"A","-",21658,"A","F","A","H","-","A","A","0","Y","-",,0,1,0,0,0,0,0,0,0,"-","-","RICHMOND","CONTRA COSTA","CA",0,0
"2374926",-122.347513173,37.9436264038,2005,"0710","0","7","4","12",0,1,"A",,,,,,2100,11,"D","C","A","23RD ST","GARVIN AV",0,,"Y","2006-03-25",710,"2005-11-13",1827,"1351","034","5","5","0","0",,"0","009","-","N",,0,0,,,0,,,,"N",3,"A","-",21453,"A","N","A","H","-","C","A","0","Y","A",,0,0,1,0,0,0,0,0,0,"-","-","RICHMOND","CONTRA COSTA","CA",0,0
"2374931",0,0,2005,"0710","0","1","3","08",0,1,"A",,,,,,300,11,"A","E","A","ESMOND AV","14TH ST",198,"W","N","2006-03-27",710,"2005-11-21",230,"1428","034","5","5","0","0",,"0","009","-","N",,0,0,,,0,,,,"Y",3,"A","-",22100,"B","N","A","H","-","D","D","0","Y","A",,0,1,0,0,0,0,0,0,0,"-","-","RICHMOND","CONTRA COSTA","CA",0,0
"2374939",-122.360023174,37.9383659363,2005,"0710","0","1","4","12",0,4,"A",,,,,,900,11,"D","C","A","HARBOUR WY","BARRETT AV",0,,"Y","2006-06-22",710,"2005-11-14",815,"1242",,"5","5","0","0",,"0",,"-","N",,0,0,,,0,,,,"Y",3,"A","-",21453,"A","N","A","H","-","A","A","0","Y","A","01",0,0,4,0,0,0,0,0,0,"-","-","RICHMOND","CONTRA COSTA","CA",0,0
"2374943",-122.318683164,37.9116439819,2005,"0710","0","1","4","12",0,1,"B",,,,,,1500,11,"D","C","A","CARLSON BL","IMPERIAL AV",0,,"Y","2006-03-27",710,"2005-11-28",1346,"1281",,"5","5","0","0",,"0",,"-","N",,0,0,,,0,,,,"Y",2,"A","-",21453,"A","N","A","H","-","A","A","0","Y","-","-",0,0,1,0,0,0,0,0,0,"-","-","RICHMOND","CONTRA COSTA","CA",0,0
"2374950",0,0,2005,"0710","0","5","3","04",0,1,"A",,,,"Y",,600,11,"C","C","A","CASTRO ST","REDWOOD WY",72,"N","N","2006-03-21",710,"2005-11-18",459,"1287","SW","5","5","0","0",,"0","001","-","N",,0,0,,,0,,,,"Y",2,"A","-",21703,,"N","A","H","-","C","A","0","Y","D",,0,1,0,0,0,0,0,0,0,"-","-","RICHMOND","CONTRA COSTA","CA",0,0
"2374951",-122.33518317,37.9383239746,2005,"0710","0","5","3","12",0,3,"A",,,,,,2100,11,"D","C","A","ROOSEVELT AV","35TH ST",0,,"Y","2006-03-27",710,"2005-11-11",1955,"1220",,"5","5","0","0",,"0",,"-","N",,0,0,,,0,,,,"Y",3,"A","-",22450,"A","N","A","H","-","C","A","0","Y","-","-",0,1,2,0,0,0,0,0,0,"-","-","RICHMOND","CONTRA COSTA","CA",0,0
"2374955",-122.348603172,37.9368743896,2005,"0710","0","4","4","04",0,1,"A",,,,,,900,11,"C","C","A","22ND ST","NEVIN AV",0,,"Y","2006-03-27",710,"2005-11-10",830,"1242",,"5","5","0","0",,"0",,"-","N",,0,0,,,0,,,,"N",2,"A","-",21703,,"N","A","H","-","A","A","0","Y","A","01",0,0,1,0,0,0,0,0,0,"-","-","RICHMOND","CONTRA COSTA","CA",0,0
"2375208",-122.328163167,37.9177246094,2005,"0710","0","1","4","12",0,1,"A",,,,,,1500,10,"D","C","A","CARLSON BL","S 47TH ST",0,,"Y","2006-03-14",710,"2005-10-31",1456,"1281",,"5","5","0","0",,"0",,"-","N",,0,0,,,0,,,,"Y",2,"A","-",21453,"A","F","A","H","-","A","A","0","Y","-","-",0,0,1,0,0,0,0,0,0,"-","-","RICHMOND","CONTRA COSTA","CA",0,0
"2375220",0,0,2005,"0710","0","6","4","22",0,1,"A","Y",,,,,1200,11,"G","B","F","CUTTING BL","MARINA BAY PKY",75,"W","N","2006-03-30",710,"2005-11-26",900,"1412",,"5","5","0","0",,"0","003","-","N",,0,0,,,0,,,,"N",2,"B","-",0,,"F","A","H","-","A","D","0","Y","A",,0,0,1,0,1,0,0,0,0,"-","-","RICHMOND","CONTRA COSTA","CA",0,0
"2375224",-122.338853171,37.9444198608,2005,"0710","0","5","3","12",0,1,"C",,,,,,1200,11,"A","E","A","29TH ST","GAYNOR AV",12,"N","N","2006-03-30",710,"2005-11-25",914,"1380",,"5","5","0","0",,"0",,"-","N",,0,0,,,0,,,,"N",2,"A","-",22450,"A","N","B","H","-","A","D","0","Y","A",,0,1,0,0,0,0,0,0,0,"-","-","RICHMOND","CONTRA COSTA","CA",0,0
"2375235",-122.360033174,37.9356536865,2005,"0710","0","2","4","10",0,1,"A","Y",,,,,1800,10,"G","B","B","HARBOUR WY","MACDONALD AV",0,,"Y","2006-03-14",710,"2005-10-18",1542,"1281",,"5","5","0","0",,"0",,"-","N",,0,0,,,0,,,,"N",2,"A","-",21950,"A","N","A","H","-","A","A","0","Y","-","-",0,0,1,0,1,0,0,0,0,"-","-","RICHMOND","CONTRA COSTA","CA",0,0
"2375236",-122.348542099,37.9338874817,2005,"0710","0","6","3","07",0,3,"A",,,,,,1500,11,"D","C","A","23RD ST","BISSELL AV",96,"N","N","2006-04-04",710,"2005-11-26",1333,"1380",,"5","5","0","0",,"0",,"-","N",,0,0,,,0,,,,"Y",2,"A","-",21658,"A","N","A","H","-","A","A","0","Y","A",,0,1,2,0,0,0,0,0,0,"-","-","RICHMOND","CONTRA COSTA","CA",0,0
"2375239",-122.317942955,37.9177932739,2005,"0710","0","6","4","03",0,2,"A",,,,,,1800,11,"C","C","A","S 55TH ST","GATELY AV",528,"N","N","2006-03-25",710,"2005-11-05",1740,"1220",,"5","5","0","0",,"0",,"-","N",,0,0,,,0,,,,"N",2,"A","-",22350,,"N","A","H","-","C","D","0","Y","-","-",0,0,2,0,0,0,0,0,0,"-","-","RICHMOND","CONTRA COSTA","CA",0,0
"2375244",-122.324173168,37.9355964661,2005,"0710","0","2","4","09",0,2,"A",,,,,,1500,11,"D","C","A","BARRETT AV","MC LAUGHLIN",0,,"Y","2006-04-03",710,"2005-11-22",1456,"1239",,"5","5","0","0",,"0",,"-","N",,0,0,,,0,,,,"Y",2,"A","-",21802,,"N","A","H","-","A","A","0","Y","-",,0,0,2,0,0,0,0,0,0,"-","-","RICHMOND","CONTRA COSTA","CA",0,0
"2375255",0,0,2005,"0710","0","5","4","03",0,1,"A",,,,,,2400,10,"F","I","A","ATLAS RD","MONARCH WY",153,"W","N","2006-05-03",710,"2005-10-14",2220,"1270",,"5","5","0","0",,"0",,"-","N",,0,0,,,0,,,,"Y",2,"A","-",22350,,"N","B","H","-","C","D","0","Y","-","-",0,0,1,0,0,0,0,0,0,"-","-","RICHMOND","CONTRA COSTA","CA",0,0
"2375256",-122.360003174,37.9399833679,2005,"0710","0","4","4","08",0,1,"B",,,,,,1500,11,"D","-","A","HARBOR WY","ROOSEVELT",0,,"Y","2006-04-05",710,"2005-11-24",1210,"1416",,"5","5","0","0",,"0","007","-","N",,0,0,,,0,,,,"Y",2,"A","-",22107,,"F","A","H","-","A","A","0","Y","A",,0,0,1,0,0,0,0,0,0,"-","-","RICHMOND","CONTRA COSTA","CA",0,0
"2375263",-122.324213173,37.9783744812,2005,"0710","0","1","4","21",0,1,"A",,,,,,1200,11,"B","C","A","BLUME DR","GARRITY WY",0,,"Y","2006-04-03",710,"2005-11-07",953,"1426",,"5","5","0","0",,"0","013","-","N",,0,0,,,0,,,,"N",2,"A","-",22106,,"F","A","H","-","A","A","0","Y","A",,0,0,1,0,0,0,0,0,0,"-","-","RICHMOND","CONTRA COSTA","CA",0,0
"2375268",-122.35098245,37.9324951172,2005,"0710","0","2","4","11",0,1,"A","Y",,,,,1800,11,"G","B","D","CHANSLOR AV","19TH ST",130,"E","N","2006-04-12",710,"2005-11-22",1731,"306",,"5","5","0","0",,"0","006","-","N",,0,0,,,0,,,,"N",2,"A","-",21954,"A","N","A","H","-","D","D","0","Y","-",,0,0,1,0,1,0,0,0,0,"-","-","RICHMOND","CONTRA COSTA","CA",0,0
"2375271",-122.348603172,37.9368743896,2005,"0710","0","1","3","12",0,3,"B",,,,,,1500,11,"D","C","A","22ND ST","NEVIN AV",0,,"Y","2006-04-03",710,"2005-11-07",1426,"1281",,"5","5","0","0",,"0",,"-","N",,0,0,,,0,,,,"Y",2,"A","-",21457,"A","N","A","H","-","A","A","0","Y","-","-",0,3,0,0,0,0,0,0,0,"-","-","RICHMOND","CONTRA COSTA","CA",0,0
"2375272",-122.34770317,37.9239234924,2005,"0710","0","1","2","08",0,1,"A",,,"Y",,,2400,11,"D","C","A","MARINA BAY PKY","POTRERO AV",0,,"Y","2006-04-01",710,"2005-11-21",2105,"1033",,"5","5","0","0",,"0","003","-","N",,0,0,,,0,,,,"Y",2,"A","-",22101,"D","F","A","H","-","C","A","0","Y","A",,1,0,0,0,0,0,0,0,1,"-","-","RICHMOND","CONTRA COSTA","CA",0,0
"2375276",-122.347703286,37.9266166687,2005,"0710","0","4","3","-",0,1,"A",,"Y",,,,1800,11,"D","G","A","S 23RD ST","VIRGINIA",6,"S","N","2006-04-01",710,"2005-11-17",1542,"834",,"5","5","0","0",,"0",,"-","N",,0,0,,,0,,,,"N",2,"-","-",0,,"F","A","H","-","A","A","0","Y","-","-",0,1,0,0,0,0,1,0,0,"-","-","RICHMOND","CONTRA COSTA","CA",0,0
"2375279",-122.338593171,37.9388046265,2005,"0710","0","1","4","09",0,1,"C",,"Y",,,,2100,11,"H","G","A","ROOSEVELT AV","31ST ST",0,,"Y","2006-04-03",710,"2005-11-07",1900,"1281",,"5","5","0","0",,"0",,"-","N",,0,0,,,0,,,,"N",2,"A","-",21802,"A","N","B","H","-","C","A","0","Y","-","-",0,0,1,0,0,0,1,0,0,"-","-","RICHMOND","CONTRA COSTA","CA",0,0
"2375285",-122.346334113,37.9358291626,2005,"0710","0","4","4","11",0,1,"A","Y",,,,,2100,11,"G","B","D","24TH ST","MACDONALD AV",86,"N","N","2006-04-07",710,"2005-11-10",1802,"1281",,"5","5","0","0",,"0",,"-","N",,0,0,,,0,,,,"N",2,"A","-",21954,"A","N","A","H","-","C","D","0","Y","N","60",0,0,1,0,1,0,0,0,0,"-","-","RICHMOND","CONTRA COSTA","CA",0,0
"2375297",0,0,2005,"0710","0","3","4","04",0,1,"A",,,,,,2400,11,"C","C","A","RICHMOND PKY","W BARRETT AV",400,"N","N","2006-04-07",710,"2005-11-09",2200,"1413",,"5","5","0","0",,"0","007","-","N",,0,0,,,0,,,,"N",2,"A","-",21703,,"N","A","H","-","C","D","0","Y","-","-",0,0,1,0,0,0,0,0,0,"-","-","RICHMOND","CONTRA COSTA","CA",0,0
"2375301",-122.361863174,37.9383544922,2005,"0710","0","4","4","09",0,2,"A",,,,,,900,11,"D","C","A","BARRETT","8TH ST",0,,"Y","2006-04-07",710,"2005-11-17",812,"1239",,"5","5","0","0",,"0",,"-","N",,0,0,,,0,,,,"Y",2,"A","-",21802,,"N","A","H","-","A","A","0","Y","A",,0,0,2,0,0,0,0,0,0,"-","-","RICHMOND","CONTRA COSTA","CA",0,0
"2375305",-122.342029051,37.9349594116,2005,"0710","0","2","3","10",0,1,"A","Y",,,,,900,11,"A","B","B","MACDONALD AV","28TH ST",10,"E","N","2006-04-01",710,"2005-11-22",800,"1348",,"5","5","0","0",,"0",,"-","N",,0,0,,,0,,,,"N",2,"A","-",21950,"A","N","A","H","-","A","D","0","Y","A",,0,1,0,0,1,0,0,0,0,"-","-","RICHMOND","CONTRA COSTA","CA",0,0
"2375317",-122.334033913,37.9890441895,2005,"0710","0","4","4","04",0,2,"A",,,,,,1200,11,"C","C","A","SAN PABLO AV","RICHMOND PKY",715,"S","N","2006-04-05",710,"2005-11-10",1020,"1242",,"5","5","0","0",,"0",,"-","N",,0,0,,,0,,,,"Y",2,"A","-",21703,,"N","A","H","-","A","D","0","Y","A",,0,0,2,0,0,0,0,0,0,"-","-","RICHMOND","CONTRA COSTA","CA",0,0
"2375321",-122.329280774,37.918586731,2005,"0710","0","7","4","01",0,2,"A",,,,,"Y",300,11,"D","E","A","CARLSON BL","45TH ST",21,"S","N","2006-03-31",710,"2005-11-20",150,"1287","SE","5","5","0","0",,"0","004","-","N",,0,0,,,0,,,,"Y",2,"A","-",23152,"A","N","A","H","-","C","D","0","Y","A",,0,0,2,0,0,0,0,0,0,"-","-","RICHMOND","CONTRA COSTA","CA",0,0
"2375325",0,0,2005,"0710","0","1","3","10",0,1,"A","Y",,,,,900,11,"G","B","B","MACDONALD AV","HARRY ELLS PL",0,,"Y","2006-03-31",710,"2005-11-21",812,"1239",,"5","5","0","0",,"0",,"-","N",,0,0,,,0,,,,"N",2,"A","-",21950,"A","F","A","H","-","A","A","0","Y","A",,0,1,0,0,1,0,0,0,0,"-","-","RICHMOND","CONTRA COSTA","CA",0,0
"2397189",-122.318707372,37.975272891,2005,"0710","1","3","3","08",0,1,"A",,,,,,1200,9,"E","I","A","RT 80","HILLTOP DR",528,"W","N","2006-03-09",9370,"2005-09-28",914,"01353",,"1","5","0","1",,"2","083","-","Y","CC",4,80,"-","-",5.89,"H","-","E","Y",1,"A","-",22107,,"N","A","H","-","A","D","6","Y","A","01",0,1,0,0,0,0,0,0,0,"-","-","RICHMOND","CONTRA COSTA","CA",0,0
"2401706",-122.324420751,37.945021001,2005,"0710","1","7","4","08",0,1,"A",,,,,,600,11,"E","I","A","RT 80","SOLANO AV",625,"E","N","2006-04-18",9370,"2005-11-06",504,"17661",,"3","5","0","1",,"2","082","-","Y","CC",4,80,"-","-",3.53,"H","-","W","Y",1,"A","-",22107,,"N","A","H","-","D","D","6","Y","A","01",0,0,1,0,0,0,0,0,0,"-","-","RICHMOND","CONTRA COSTA","CA",0,0
"2402385",-122.312305972,37.902852279,2005,"0710","1","4","4","08",0,1,"A",,,,,,600,11,"E","I","A","RT 80","CENTRAL AV",528,"E","N","2006-04-15",9370,"2005-11-24",535,"17661",,"3","5","0","1",,"2","082","-","Y","CC",4,80,"-","-",0.35,"H","-","W","Y",1,"A","-",22107,,"N","A","H","-","D","D","6","Y","A","01",0,0,1,0,0,0,0,0,0,"-","-","RICHMOND","CONTRA COSTA","CA",0,0
"2407521",-122.315605581,37.985560198,2005,"0710","1","3","4","08",0,1,"A",,,,,,2100,11,"B","C","A","RT 80","RICHMOND PKY",1056,"W","N","2006-04-07",9370,"2005-11-16",1855,"01750",,"2","5","0","1",,"2","083","-","Y","CC",4,80,"-","-",6.7,"H","-","W","Y",3,"A","-",22107,,"N","A","H","-","D","D","6","Y","D","22",0,0,1,0,0,0,0,0,0,"-","-","RICHMOND","CONTRA COSTA","CA",0,0
"2407569",-122.326903168,37.935805007,2005,"0710","1","7","4","08",0,1,"A",,,,,,300,12,"F","A","A","RT 80","SAN PABLO AV",528,"W","N","2006-05-04",9370,"2005-12-04",115,"17939",,"3","5","0","1",,"2","082","-","Y","CC",4,80,"-","-",2.86,"H","-","W","Y",1,"A","-",22107,,"N","A","H","-","D","D","6","Y","A","01",0,0,1,0,0,0,0,0,0,"-","-","RICHMOND","CONTRA COSTA","CA",0,0
"2407577",-122.373053174,37.927275003,2005,"0710","1","5","3","01",0,1,"A",,,,"Y","Y",2400,12,"C","C","A","RT 580","CANAL BL",40,"E","N","2006-05-04",9370,"2005-12-02",2225,"17939",,"3","5","0","1",,"2","058","-","Y","CC",4,580,"-","R",4.482,"R","1","W","Y",2,"A","-",23152,"A","M","A","H","-","C","A","1","Y","A","08",0,1,0,0,0,0,0,0,0,"T","-","RICHMOND","CONTRA COSTA","CA",0,0