"CASEID","POINT_X","POINT_Y","YEAR_","LOCATION","CHPTYPE","DAYWEEK","CRASHSEV","VIOLCAT","KILLED","INJURED","WEATHER1","PEDCOL","BICCOL","MCCOL","TRUCKCOL","ETOH","TIMECAT","MONTH_","CRASHTYP","INVOLVE","PED","PRIMARYRD","SECONDRD","DISTANCE","DIRECT","INTERSECT_","PROCDATE","JURIS","DATE_","TIME_","BADGE","JURIDIST","SHIFT","POP","SPECIAL","BEATTYPE","LAPDDIV","BEATCLAS","BEATNUMB","WEATHER2","STATEHW","CALTRANC","CALTRAND","STROUTE","ROUTESUF","POSTPRE","POSTMILE","LOCATYPE","RAMP","SIDEHW","TOWAWAY","PARTIES","PCF","VIOLCODE","VIOL","VIOLSUB","HITRUN","ROADSURF","RDCOND1","RDCOND2","LIGHTING","RIGHTWAY","CHPRDTYP","NOTPRIV","STFAULT","CHPFAULT","SEVINJ","OTHERINJ","COP","PEDKILL","PEDINJ","BICKILL","BICINJ","MCKILL","MCINJURE","RAMP1","RAMP2","CITY","COUNTY","STATE","X_CHP","Y_CHP"
"2471079",-122.360014736,37.9388198853,2006,"0710","0","1","4","04",0,1,"A",,,,,,1200,1,"C","C","A","HARBOR WY","BARRETT AV",166,"N","N","2006-05-30",710,"2006-01-23",1145,"1242",,"5","5","0","0",,"0",,"-","N",,0,0,,,0,,,,"N",2,"A","-",21703,,"N","A","H","-","A","D","0","Y","I","11",0,0,1,0,0,0,0,0,0,"-","-","RICHMOND","CONTRA COSTA","CA",0,0
"2471089",-122.348603172,37.9357566833,2006,"0710","0","4","4","12",0,4,"A",,,,,,1800,2,"-","C","A","MACDONALD AV","22ND ST",0,,"Y","2006-05-31",710,"2006-02-02",1650,"1426",,"5","5","0","0",,"0","008","-","N",,0,0,,,0,,,,"Y",2,"A","-",21453,"A","N","A","H","-","A","A","0","Y","-","-",0,0,4,0,0,0,0,0,0,"-","-","RICHMOND","CONTRA COSTA","CA",0,0
"2471094",-122.36009536,37.927230835,2006,"0710","0","1","4","04",0,1,"A",,,,,,1500,1,"C","C","A","HARBOUR WY S","MAINE AV",300,"S","N","2006-05-10",710,"2006-01-30",1445,"1233",,"5","5","0","0",,"0",,"-","N",,0,0,,,0,,,,"N",2,"A","-",21703,,"M","A","H","-","A","A","0","Y","A",,0,0,1,0,0,0,0,0,0,"-","-","RICHMOND","CONTRA COSTA","CA",0,0
"2471097",-122.359572079,37.9586334229,2006,"0710","0","3","4","08",0,1,"B",,,,,,1200,2,"D","C","A","MARKET ST","7TH ST",578,"E","N","2006-05-31",710,"2006-02-01",900,"1242",,"5","5","0","0",,"0",,"-","N",,0,0,,,0,,,,"Y",2,"A","-",22102,,"F","A","H","-","A","D","0","Y","D","22",0,0,1,0,0,0,0,0,0,"-","-","RICHMOND","CONTRA COSTA","CA",0,0
"2471101",-122.360033174,37.9356536865,2006,"0710","0","2","4","09",0,1,"A",,,,,,1200,2,"D","C","A","HARBOR WY","MACDONALD AV",0,,"Y","2006-05-31",710,"2006-02-07",950,"1281",,"5","5","0","0",,"0",,"-","N",,0,0,,,0,,,,"Y",2,"A","-",21801,"A","F","A","H","-","A","A","0","Y","-","-",0,0,1,0,0,0,0,0,0,"-","-","RICHMOND","CONTRA COSTA","CA",0,0
"2471109",-122.378739286,37.9252929688,2006,"0710","0","7","2","00",0,2,"A",,,,,,300,2,"E","I","A","W CUTTING BL","W CUTTING BL 915",0,,"N","2006-05-31",710,"2006-02-05",123,"1385",,"5","5","0","0",,"0","001","-","N",,0,0,,,0,,,,"Y",1,"A","-",23103,,"F","A","B","-","C","D","0","Y","-","-",2,0,0,0,0,0,0,0,0,"-","-","RICHMOND","CONTRA COSTA","CA",0,0
"2471110",-122.332943176,37.9907951355,2006,"0710","0","7","4","12",0,3,"B",,,,,,900,1,"D","C","A","RICHMOND PKY","SAN PABLO AV",0,,"Y","2006-05-10",710,"2006-01-29",820,"1242",,"5","5","0","0",,"0",,"-","N",,0,0,,,0,,,,"N",2,"A","-",21453,"A","N","B","H","-","A","A","0","Y","A","01",0,0,3,0,0,0,0,0,0,"-","-","RICHMOND","CONTRA COSTA","CA",0,0
"2471767",-122.309781307,37.901096344,2006,"0710","0","3","4","03",0,1,"B",,,,,,1800,1,"C","C","A","CENTRAL AV","PIERCE ST",36,"E","N","2006-05-10",710,"2006-01-18",1629,"1281",,"5","5","0","0",,"0",,"-","N",,0,0,,,0,,,,"Y",4,"A","-",22350,,"N","B","H","-","A","A","0","Y","-","-",0,0,1,0,0,0,0,0,0,"-","-","RICHMOND","CONTRA COSTA","CA",0,0
"2471768",-122.330683168,37.9254150391,2006,"0710","0","4","4","12",0,2,"A",,,,,,1800,1,"D","C","A","CUTTING BL","S 41ST ST",0,,"Y","2006-05-11",710,"2006-01-12",1630,"1233",,"5","5","0","0",,"0","005","-","N",,0,0,,,0,,,,"N",2,"A","-",21453,"A","N","A","H","-","A","A","0","Y","A",,0,0,2,0,0,0,0,0,0,"-","-","RICHMOND","CONTRA COSTA","CA",0,0
"2471776",-122.317583165,37.914445006,2006,"0710","0","2","4","09",0,1,"B",,,,,,1500,1,"D","C","A","CARLSON BL","RT 80",0,,"Y","2006-05-25",710,"2006-01-03",1306,"1242",,"5","5","0","0",,"0",,"-","Y","CC",4,80,"-","-",1.187,"R","4","W","Y",2,"A","-",21802,"A","N","A","H","-","A","A","0","Y","A","01",0,0,1,0,0,0,0,0,0,"-","W","RICHMOND","CONTRA COSTA","CA",0,0
"2471780",-122.288948184,37.9718170166,2006,"0710","0","3","4","03",0,1,"A",,,,,,1800,1,"C","E","A","MAY RD","VALLEY VIEW RD",150,"W","N","2006-05-11",710,"2006-01-11",1530,"1266",,"5","5","0","0",,"0",,"-","N",,0,0,,,0,,,,"N",2,"A","-",22350,,"F","A","H","-","A","D","0","Y","A",,0,0,1,0,0,0,0,0,0,"-","-","RICHMOND","CONTRA COSTA","CA",0,0
"2471787",-122.324353169,37.9432640076,2006,"0710","0","1","4","09",0,1,"A",,,,,,1500,1,"D","C","A","SOLANO AV","HUMBOLDT  AV",0,,"Y","2006-05-26",710,"2006-01-09",1322,"1281",,"5","5","0","0",,"0",,"-","N",,0,0,,,0,,,,"Y",2,"A","-",21801,"A","N","A","H","-","A","D","0","Y","-","-",0,0,1,0,0,0,0,0,0,"-","-","RICHMOND","CONTRA COSTA","CA",0,0
"2471788",-122.316447532,37.9867858887,2006,"0710","0","3","4","04",0,1,"B",,,,,,900,1,"C","C","A","RICHMOND PKY","BLUME DR",214,"E","N","2006-05-11",710,"2006-01-04",730,"1242",,"5","5","0","0",,"0",,"-","N",,0,0,,,0,,,,"Y",3,"A","-",21703,,"N","B","H","-","A","A","0","Y","-","-",0,0,1,0,0,0,0,0,0,"-","-","RICHMOND","CONTRA COSTA","CA",0,0
"2471808",-122.349553172,37.9399757385,2006,"0710","0","6","4","08",0,1,"B",,,,,,1500,1,"D","C","A","ROOSEVELT AV","21ST ST",0,,"Y","2006-05-11",710,"2006-01-07",1255,"1400",,"5","5","0","0",,"0","009","C","N",,0,0,,,0,,,,"Y",3,"A","-",22100,"B","N","B","H","-","A","D","0","Y","A",,0,0,1,0,0,0,0,0,0,"-","-","RICHMOND","CONTRA COSTA","CA",0,0
"2471814",-122.334793169,37.9301834106,2006,"0710","0","5","2","03",0,1,"B",,,,,,1800,1,"D","C","A","37TH ST","CENTER AV",0,,"Y","2006-05-11",710,"2006-01-13",1701,"1220",,"5","5","0","0",,"0",,"-","N",,0,0,,,0,,,,"Y",2,"A","-",22350,,"F","A","H","-","B","A","0","Y","-","-",1,0,0,0,0,0,0,0,0,"-","-","RICHMOND","CONTRA COSTA","CA",0,0
"2471815",-122.322893167,37.927935007,2006,"0710","0","5","4","03",0,1,"A",,,,,,1200,1,"C","C","A","CUTTING BL","RT 80",0,,"N","2006-05-25",710,"2006-01-06",1045,"1382",,"5","5","0","0",,"0","005","-","Y","CC",4,80,"-","-",2.15,"R","4","W","N",2,"A","-",22350,,"N","A","H","-","A","A","0","Y","A",,0,0,1,0,0,0,0,0,0,"-","-","RICHMOND","CONTRA COSTA","CA",0,0
"2471818",-122.328273169,37.942035675,2006,"0710","0","2","4","09",0,1,"A",,,,,,1500,1,"D","C","A","SAN PABLO AV","SOLANO WY",0,,"Y","2006-05-11",710,"2006-01-10",1300,"1242",,"5","5","0","0",,"0",,"-","N",,0,0,,,0,,,,"Y",2,"A","-",21801,"A","N","A","H","-","A","A","0","Y","A","01",0,0,1,0,0,0,0,0,0,"-","-","RICHMOND","CONTRA COSTA","CA",0,0
"2471823",-122.360053173,37.9324951172,2006,"0710","0","4","4","12",0,2,"A",,,,,,1800,1,"D","C","A","HARBOUR WY","CHANSLOR AV",0,,"Y","2006-05-15",710,"2006-01-12",1630,"1427",,"5","5","0","0",,"0",,"-","N",,0,0,,,0,,,,"Y",2,"A","-",21453,"A","N","A","H","-","A","A","0","Y","-","-",0,0,2,0,0,0,0,0,0,"-","-","RICHMOND","CONTRA COSTA","CA",0,0
"2471834",-122.332943176,37.9907951355,2006,"0710","0","1","4","12",0,1,"B",,,,,,900,1,"A","C","A","SAN PABLO AV","RICHMOND PKY",0,,"Y","2006-05-10",710,"2006-01-09",630,"1164",,"5","5","0","0",,"0",,"-","N",,0,0,,,0,,,,"Y",2,"A","-",21453,"A","N","A","H","-","B","A","0","Y","-","-",0,0,1,0,0,0,0,0,0,"-","-","RICHMOND","CONTRA COSTA","CA",0,0
"2492818",-122.317572116,37.915407529,2006,"0710","1","5","4","21",0,1,"B",,,,,,1200,2,"C","C","A","RT 80","CARLSON BL",1584,"E","N","2006-06-28",9370,"2006-02-03",905,"01353",,"1","5","0","1",,"2","082","-","Y","CC",4,80,"-","-",1.33,"H","-","W","N",2,"A","-",22106,,"N","A","H","-","A","D","6","Y","A","08",0,0,1,0,0,0,0,0,0,"-","-","RICHMOND","CONTRA COSTA","CA",0,0
"2492862",-122.324756671,37.913262124,2006,"0710","1","3","3","01",0,1,"C",,,,,"Y",1800,2,"E","I","A","RT 580","BAYVIEW AV",383,"W","N","2006-06-23",9370,"2006-02-01",1640,"17654",,"2","5","0","1",,"2","058","-","Y","CC",4,580,"-","-",1.28,"H","-","W","Y",1,"A","-",23152,"A","N","B","H","-","A","D","1","Y","D","22",0,1,0,0,0,0,0,0,0,"-","-","RICHMOND","CONTRA COSTA","CA",0,0
"2493846",-122.317771303,37.977997141,2006,"0710","1","1","4","03",0,1,"A",,,,,,1800,1,"C","C","A","RT 80","HILLTOP DR",200,"E","N","2006-06-05",9370,"2006-01-23",1725,"01793",,"2","5","0","1",,"2","083","-","Y","CC",4,80,"-","-",6.02,"H","-","E","N",2,"A","-",22350,,"N","A","H","-","A","D","6","Y","D","22",0,0,1,0,0,0,0,0,0,"-","-","RICHMOND","CONTRA COSTA","CA",0,0
"2493858",-122.315953173,37.984745012,2006,"0710","1","6","3","01",0,2,"B",,,,,"Y",300,1,"C","C","A","RT 80","RICHMOND PKY",528,"W","N","2006-05-24",9370,"2006-01-21",233,"01769",,"3","5","0","1",,"2","083","-","Y","CC",4,80,"-","-",6.64,"H","-","W","Y",2,"A","-",23152,"A","N","B","H","-","C","D","6","Y","A","01",0,1,1,0,0,0,0,0,0,"-","-","RICHMOND","CONTRA COSTA","CA",0,0
"2493867",-122.319443268,37.973499451,2005,"0710","1","2","4","11",0,1,"B","Y",,,,,2400,12,"G","B","D","RT 80","HILLTOP DR",528,"W","N","2006-05-06",9370,"2005-12-27",2330,"17939",,"3","5","0","1",,"2","083","-","Y","CC",4,80,"-","-",5.88,"H","-","W","N",2,"A","-",21461,"5","N","B","H","-","D","D","6","Y","N","60",0,0,1,0,1,0,0,0,0,"-","-","RICHMOND","CONTRA COSTA","CA",0,0
"2493883",-122.320289094,37.970563752,2005,"0710","1","7","4","03",0,2,"C",,,,,,1800,12,"C","C","A","RT 80","EL PORTAL DR",1056,"E","N","2006-05-09",9370,"2005-12-25",1520,"17710",,"2","5","0","1",,"2","083","-","Y","CC",4,80,"-","-",5.48,"H","-","E","Y",4,"A","-",22350,,"M","B","H","-","A","D","6","Y","A","01",0,0,2,0,0,0,0,0,0,"-","-","RICHMOND","CONTRA COSTA","CA",0,0
"2493901",-122.326919606,37.934209149,2006,"0710","1","4","4","03",0,1,"B",,,,,,600,1,"C","C","A","RT 80","BARRETT AV",200,"W","N","2006-06-05",9370,"2006-01-26",545,"01419",,"3","5","0","1",,"2","082","-","Y","CC",4,80,"-","-",2.78,"H","-","W","N",2,"A","-",22350,,"F","A","H","-","A","D","6","Y","A","01",0,0,1,0,0,0,0,0,0,"-","-","RICHMOND","CONTRA COSTA","CA",0,0
"2493982",-122.325417432,37.947450926,2006,"0710","1","4","4","03",0,2,"A",,,,,,1800,1,"C","C","A","RT 80","MCBRYDE AV",75,"W","N","2006-05-26",9370,"2006-01-12",1522,"17232",,"2","5","0","1",,"2","082","-","Y","CC",4,80,"-","-",3.79,"H","-","E","N",2,"A","-",22350,,"N","A","H","-","A","D","6","Y","D","22",0,0,2,0,0,0,0,0,0,"-","-","RICHMOND","CONTRA COSTA","CA",0,0
"2493998",-122.319393269,37.973648504,2006,"0710","1","3","3","03",0,5,"B",,,,,,900,1,"C","C","A","RT 80","HILLTOP DR",450,"W","N","2006-06-02",9370,"2006-01-11",740,"01633",,"1","5","0","1",,"2","083","-","Y","CC",4,80,"-","-",5.89,"H","-","W","Y",6,"A","-",22350,,"N","A","H","-","A","D","6","Y","I","12",0,2,3,0,0,0,0,0,0,"-","-","RICHMOND","CONTRA COSTA","CA",0,0
"2495187",-122.405439022,37.932548463,2006,"0710","1","3","4","03",0,1,"A",,,,,,1200,1,"C","C","A","RT 580","TOLL PLAZA",10,"W","N","2006-06-05",9350,"2006-01-25",945,"01661",,"1","5","0","1",,"2","115","-","Y","CC",4,580,"-","-",6.14,"H","-","W","N",2,"A","-",22350,,"N","A","H","-","A","D","1","Y","A","01",0,0,1,0,0,0,0,0,0,"-","-","RICHMOND","CONTRA COSTA","CA",0,0
"2531859",-122.315791374,37.908322375,2006,"0710","1","6","3","04",0,1,"B",,,,,"Y",600,1,"B","C","A","RT 80","CARLSON BL",818,"W","N","2006-06-05",9370,"2006-01-14",303,"17089",,"3","5","0","1",,"2","082","C","Y","CC",4,80,"-","-",0.85,"H","-","E","Y",2,"A","-",21703,,"N","B","H","-","C","D","6","Y","A","01",0,1,0,0,0,0,0,0,0,"-","-","RICHMOND","CONTRA COSTA","CA",0,0
"2531911",-122.318625527,37.975895212,2006,"0710","1","1","3","01",0,1,"A",,,,,"Y",2100,2,"B","C","A","RT 80","HILLTOP DR",250,"E","N","2006-06-26",9370,"2006-02-06",1954,"17232",,"2","5","0","1",,"2","083","-","Y","CC",4,80,"-","-",6.03,"H","-","W","Y",2,"A","-",23152,"A","N","A","H","-","D","D","6","Y","A","01",0,1,0,0,0,0,0,0,0,"-","-","RICHMOND","CONTRA COSTA","CA",0,0
"2532015",-122.317583164,37.914734303,2006,"0710","1","3","4","07",0,1,"A",,,,,,900,2,"B","C","A","RT 80","CARLSON BL",1056,"E","N","2006-06-20",9370,"2006-02-22",730,"01353",,"1","5","0","1",,"2","082","-","Y","CC",4,80,"-","-",1.23,"H","-","W","N",3,"A","-",21658,"A","N","A","H","-","A","D","6","Y","A","01",0,0,1,0,0,0,0,0,0,"-","-","RICHMOND","CONTRA COSTA","CA",0,0
"2532054",-122.31991793,37.971657003,2006,"0710","1","2","4","01",0,1,"B",,,,,"Y",2500,3,"E","J","A","RT 80","HILLTOP DR",1500,"W","N","2006-07-10",9370,"2006-03-14",2500,"18007",,"4","5","0","1",,"2","083","C","Y","CC",4,80,"-","-",5.7,"H","-","E","Y",1,"A","-",23152,"A","N","B","H","-","D","D","6","Y","A","01",0,0,1,0,0,0,0,0,0,"-","-","RICHMOND","CONTRA COSTA","CA",0,0
"2532125",-122.319243267,37.974095677,2006,"0710","1","6","4","07",0,1,"B",,,,,,900,1,"B","C","A","RT 80","HILLTOP DR",300,"W","N","2006-06-02",9370,"2006-01-21",835,"16332",,"1","5","0","1",,"2","083","-","Y","CC",4,80,"-","-",5.92,"H","-","W","Y",3,"A","-",21658,"A","M","A","H","-","A","D","6","Y","A","08",0,0,1,0,0,0,0,0,0,"-","-","RICHMOND","CONTRA COSTA","CA",0,0
"2532504",-122.342213398,37.9377098083,2006,"0710","S","2","4","03",0,1,"B",,,,,,1800,1,"C","C","A","BARRETT AV","27TH ST",35,"E","N","2006-05-23",9370,"2006-01-10",1535,"01747",,"2","5","1","4",,"2","901","-","N",,0,0,,,0,,,,"N",2,"A","-",22350,,"N","A","H","-","A","A","0","Y","A","01",0,0,1,0,0,0,0,0,0,"-","-","RICHMOND","CONTRA COSTA","CA",0,0
"2532518",-122.372983175,37.927085003,2006,"0710","1","5","3","08",0,1,"A",,,,"Y",,1500,1,"F","I","A","RT 580","CANAL ST",42,"E","N","2006-06-02",9370,"2006-01-27",1449,"01780",,"2","5","0","1",,"2","058","-","Y","CC",4,580,"-","R",4.504,"R","3","E","Y",1,"A","-",22107,,"N","A","H","-","A","A","1","Y","G","27",0,1,0,0,0,0,0,0,0,"-","-","RICHMOND","CONTRA COSTA","CA",0,0
"2532564",-122.380711383,37.927415583,2006,"0710","1","7","2","03",0,1,"E",,,,,,900,2,"E","I","A","RT 580","CASTRO ST",1056,"W","N","2006-06-26",9370,"2006-02-12",620,"01644",,"1","5","0","1",,"2","058","-","Y","CC",4,580,"-","R",4.776,"R","2","E","Y",1,"A","-",22350,,"N","A","H","-","D","D","1","Y","A","01",1,0,0,0,0,0,0,0,0,"-","-","RICHMOND","CONTRA COSTA","CA",0,0
"2532582",-122.318133172,37.976875011,2006,"0710","1","3","4","03",0,1,"A",,,,,,1800,2,"C","C","A","RT 80","HILLTOP DR",200,"W","N","2006-06-16",9370,"2006-02-22",1515,"01788",,"2","5","0","1",,"2","083","-","Y","CC",4,80,"-","-",5.95,"H","-","E","Y",2,"A","-",22350,,"N","A","H","-","A","D","6","Y","D","22",0,0,1,0,0,0,0,0,0,"-","-","RICHMOND","CONTRA COSTA","CA",0,0
"2532622",-122.309397631,37.897977652,2006,"0710","1","4","4","07",0,1,"A",,,,"Y",,900,2,"C","C","A","RT 80","ALAMEDA/CONTRA COSTA CO LINE",50,"E","N","2006-07-11",9370,"2006-02-23",855,"12484",,"1","5","0","1",,"2","082","-","Y","CC",4,80,"-","-",0.01,"H","-","W","Y",2,"A","-",21658,"A","N","A","H","-","A","D","6","Y","A","07",0,0,1,0,0,0,0,0,0,"-","-","RICHMOND","CONTRA COSTA","CA",0,0
"2533121",-122.348574105,37.9384155273,2006,"0710","0","7","4","12",0,1,"C",,,,,,2100,3,"D","C","A","22ND ST","BARRETT AV",18,"W","N","2006-06-24",710,"2006-03-05",1930,"1412",,"5","5","0","0",,"0","009","-","N",,0,0,,,0,,,,"N",3,"A","-",21453,"A","N","B","H","-","C","A","0","Y","A",,0,0,1,0,0,0,0,0,0,"-","-","RICHMOND","CONTRA COSTA","CA",0,0
"2533133",-122.368713175,37.9368438721,2006,"0710","0","4","3","09",0,1,"A",,,,,,1500,3,"A","C","A","NEVIN AV","1ST ST",0,,"Y","2006-06-28",710,"2006-03-02",1219,"1426",,"5","5","0","0",,"0","007","-","N",,0,0,,,0,,,,"Y",3,"A","-",21802,"A","F","A","H","-","A","D","0","Y","A",,0,1,0,0,0,0,0,0,0,"-","-","RICHMOND","CONTRA COSTA","CA",0,0
"2533145",-122.347513172,37.9422531128,2006,"0710","0","4","3","10",0,1,"C","Y",,,,,2100,3,"G","B","B","23RD ST","CLINTON AV",0,,"Y","2006-06-21",710,"2006-03-09",1824,"1430","034","5","5","0","0",,"0","010","-","N",,0,0,,,0,,,,"N",2,"A","-",21950,"A","N","B","H","-","C","A","0","Y","-","-",0,1,0,0,1,0,0,0,0,"-","-","RICHMOND","CONTRA COSTA","CA",0,0
"2533149",-122.347712706,37.9252815247,2006,"0710","0","4","4","07",0,1,"A",,,,,,600,3,"B","C","A","S 23RD ST","CUTTING BL",24,"N","N","2006-06-21",710,"2006-03-09",552,"963",,"5","5","0","0",,"0","002","B","N",,0,0,,,0,,,,"Y",2,"A","-",21658,"A","N","A","H","-","B","A","0","Y","-","-",0,0,1,0,0,0,0,0,0,"-","-","RICHMOND","CONTRA COSTA","CA",0,0
"2533154",-122.347513172,37.942199707,2006,"0710","0","1","3","04",0,2,"C",,,,,,1800,3,"C","C","A","23RD ST","CLINTON",20,"S","N","2006-06-24",710,"2006-03-20",1530,"1327",,"5","5","0","0",,"0","010","-","N",,0,0,,,0,,,,"Y",2,"A","-",21703,,"N","B","H","-","A","A","0","Y","A",,0,1,1,0,0,0,0,0,0,"-","-","RICHMOND","CONTRA COSTA","CA",0,0
"2533166",-122.338844088,37.9464378357,2006,"0710","0","6","2","03",0,1,"A",,,,,,2100,3,"A","I","A","29TH ST","LINCOLN AV",23,"N","N","2006-06-28",710,"2006-03-18",1808,"1220",,"5","5","0","0",,"0","011","-","N",,0,0,,,0,,,,"Y",1,"A","-",22350,,"N","A","H","-","A","D","0","Y","A",,1,0,0,0,0,0,0,0,0,"-","-","RICHMOND","CONTRA COSTA","CA",0,0
"2533169",-122.340706583,37.9787597656,2006,"0710","0","7","4","03",0,1,"C",,,,,,2100,3,"A","J","A","SAN PABLO AV","LA PUERTA DR",24,"S","N","2006-06-21",710,"2006-03-05",2010,"1341",,"5","5","0","0",,"0","013","-","N",,0,0,,,0,,,,"N",1,"A","-",22350,,"N","B","G","-","D","D","0","Y","-","-",0,0,1,0,0,0,0,0,0,"-","-","RICHMOND","CONTRA COSTA","CA",0,0
"2533174",-122.331703167,37.920375824,2006,"0710","0","5","1","12",1,1,"A",,,,,,1800,3,"D","C","A","CARLSON BL","S 41ST ST",0,,"Y","2006-08-03",710,"2006-03-17",1617,"1382",,"5","5","0","0",,"0","004","-","N",,0,0,,,0,,,,"Y",2,"A","-",22450,"A","N","A","H","-","A","A","0","Y","D",,0,0,1,0,0,0,0,0,0,"-","-","RICHMOND","CONTRA COSTA","CA",0,0
"2533177",-122.354303172,37.9324951172,2006,"0710","0","4","4","12",0,3,"C",,,,,,2100,3,"D","C","A","CHANSLOR AV","16TH ST",0,,"Y","2006-06-23",710,"2006-03-02",1936,"1380",,"5","5","0","0",,"0","006","-","N",,0,0,,,0,,,,"Y",2,"A","-",22450,"A","F","B","H","-","C","D","0","Y","D",,0,0,3,0,0,0,0,0,0,"-","-","RICHMOND","CONTRA COSTA","CA",0,0
"2533185",-122.323293168,37.9358444214,2006,"0710","0","2","4","12",0,2,"B",,,,,,1500,2,"D","C","A","BARRETT AV","KEY BL",0,,"Y","2006-06-17",710,"2006-02-28",1300,"1242",,"5","5","0","0",,"0",,"-","N",,0,0,,,0,,,,"N",2,"A","-",22450,,"F","A","H","-","A","A","0","Y","-","-",0,0,2,0,0,0,0,0,0,"-","-","RICHMOND","CONTRA COSTA","CA",0,0
"2533189",-122.329973169,37.9330749512,2006,"0710","0","4","3","12",0,5,"A",,,,,,1500,3,"D","C","A","MACDONALD AV","42ND ST",0,,"Y","2006-06-21",710,"2006-03-02",1221,"1281",,"5","5","0","0",,"0",,"-","N",,0,0,,,0,,,,"Y",2,"A","-",21453,"A","N","A","H","-","A","A","0","Y","-","-",0,1,4,0,0,0,0,0,0,"-","-","RICHMOND","CONTRA COSTA","CA",0,0
"2533190",0,0,2006,"0710","0","2","3","05",0,4,"B",,,,,,1500,3,"E","I","A","HILLTOP DR","VISTA DEL MAR AV",79,"E","N","2006-06-24",710,"2006-03-14",1240,"1281",,"5","5","0","0",,"0",,"-","N",,0,0,,,0,,,,"Y",3,"A","-",21651,"A","F","A","H","-","A","D","0","Y","-","-",0,1,3,0,0,0,0,0,0,"-","-","RICHMOND","CONTRA COSTA","CA",0,0
"2533194",-122.348729247,37.9384651184,2006,"0710","0","7","3","-",0,2,"C",,,,,,1500,3,"C","D","A","BARRETT AV","22ND ST",45,"W","Y","2006-06-24",710,"2006-03-12",1302,"1345",,"5","5","0","0",,"0","009","-","N",,0,0,,,0,,,,"Y",3,"A","-",0,,"N","B","H","-","B","A","0","Y","A",,0,2,0,0,0,0,0,0,0,"-","-","RICHMOND","CONTRA COSTA","CA",0,0
"2533240",-122.327213167,37.9254760742,2006,"0710","0","5","4","04",0,4,"A",,,,,,1200,2,"C","C","A","CUTTING BL","S 45TH ST",0,,"Y","2006-06-20",710,"2006-02-24",1120,"1382",,"5","5","0","0",,"0","005","-","N",,0,0,,,0,,,,"Y",2,"A","-",21703,,"N","A","H","-","A","A","0","Y","D",,0,0,4,0,0,0,0,0,0,"-","-","RICHMOND","CONTRA COSTA","CA",0,0
"2533248",-122.325683909,37.9365882874,2006,"0710","0","5","4","04",0,2,"B",,,,,"Y",1800,3,"C","C","A","SAN PABLO AV","ROOSEVELT ST",150,"S","N","2006-06-24",710,"2006-03-03",1715,"1430","034","5","5","0","0",,"0","010","-","N",,0,0,,,0,,,,"N",2,"A","-",21703,,"N","A","H","-","A","A","0","Y","-","-",0,0,2,0,0,0,0,0,0,"-","-","RICHMOND","CONTRA COSTA","CA",0,0
"2533252",-122.355913172,37.9266357422,2006,"0710","0","5","4","12",0,1,"B",,,,,,1200,2,"D","C","A","MARINA WY SOUTH","VIRGINIA AV",0,,"Y","2006-06-19",710,"2006-02-17",959,"1382",,"5","5","0","0",,"0","002","-","N",,0,0,,,0,,,,"Y",2,"A","-",22450,"A","N","A","H","-","A","A","0","Y","A",,0,0,1,0,0,0,0,0,0,"-","-","RICHMOND","CONTRA COSTA","CA",0,0
"2533268",-122.342173176,37.975944519,2006,"0710","0","7","3","03",0,2,"C",,,,,,2100,3,"B","C","A","ROBERT H MILLER","SAN PABLO AV",0,,"-","2006-07-25",710,"2006-03-05",1858,"1405",,"5","5","0","0",,"0","012","-","N",,0,0,,,0,,,,"Y",2,"A","-",22350,,"N","B","F","-","C","A","0","Y","-","-",0,1,1,0,0,0,0,0,0,"-","-","RICHMOND","CONTRA COSTA","CA",0,0
"2534355",-122.34671317,37.9251937866,2006,"0710","0","2","3","04",0,4,"B",,,,,,1800,2,"C","C","A","CUTTING BL","SOUTH 24TH ST",0,,"Y","2006-06-08",710,"2006-02-28",1545,"1242",,"5","5","0","0",,"0",,"-","N",,0,0,,,0,,,,"Y",3,"A","-",21703,,"N","A","H","-","A","D","0","Y","A",,0,1,3,0,0,0,0,0,0,"-","-","RICHMOND","CONTRA COSTA","CA",0,0
"2534356",-122.324673168,37.9325065613,2006,"0710","0","6","4","09",0,1,"A",,,,,,1200,2,"B","C","A","MAC DONALD AV","WILSON AV",0,,"Y","2006-06-08",710,"2006-02-25",1116,"1357",,"5","5","0","0",,"0","010","-","N",,0,0,,,0,,,,"Y",2,"A","-",21801,,"N","A","D","-","A","D","0","Y","-","-",0,0,1,0,0,0,0,0,0,"-","-","RICHMOND","CONTRA COSTA","CA",0,0
"2534367",-122.359259705,37.9356536865,2006,"0710","0","1","2","10",0,1,"C","Y",,,,,2100,2,"G","B","C","MACDONALD AV","HARBOUR WY",223,"E","N","2006-06-08",710,"2006-02-27",1832,"1281",,"5","5","0","0",,"0",,"-","N",,0,0,,,0,,,,"N",2,"A","-",21950,"A","F","B","H","-","C","A","0","Y","-","-",1,0,0,0,1,0,0,0,0,"-","-","RICHMOND","CONTRA COSTA","CA",0,0