"CASEID","POINT_X","POINT_Y","YEAR_","LOCATION","CHPTYPE","DAYWEEK","CRASHSEV","VIOLCAT","KILLED","INJURED","WEATHER1","PEDCOL","BICCOL","MCCOL","TRUCKCOL","ETOH","TIMECAT","MONTH_","CRASHTYP","INVOLVE","PED","PRIMARYRD","SECONDRD","DISTANCE","DIRECT","INTERSECT_","PROCDATE","JURIS","DATE_","TIME_","BADGE","JURIDIST","SHIFT","POP","SPECIAL","BEATTYPE","LAPDDIV","BEATCLAS","BEATNUMB","WEATHER2","STATEHW","CALTRANC","CALTRAND","STROUTE","ROUTESUF","POSTPRE","POSTMILE","LOCATYPE","RAMP","SIDEHW","TOWAWAY","PARTIES","PCF","VIOLCODE","VIOL","VIOLSUB","HITRUN","ROADSURF","RDCOND1","RDCOND2","LIGHTING","RIGHTWAY","CHPRDTYP","NOTPRIV","STFAULT","CHPFAULT","SEVINJ","OTHERINJ","COP","PEDKILL","PEDINJ","BICKILL","BICINJ","MCKILL","MCINJURE","RAMP1","RAMP2","CITY","COUNTY","STATE","X_CHP","Y_CHP"
"3012528",-122.398428935,37.932337669,2006,"0710","1","2","4","03",0,1,"A",,,,,,900,12,"C","C","A","RT 580","WESTERN DR",528,"E","N","2007-03-01",9370,"2006-12-05",710,"01248",,"1","5","0","1",,"2","058","-","Y","CC",4,580,"-","-",5.91,"H","-","W","N",2,"A","-",22350,,"N","A","H","-","A","D","1","Y","A","01",0,0,1,0,0,0,0,0,0,"-","-","RICHMOND","CONTRA COSTA","CA",0,0
"3012538",-122.320915224,37.968698381,2006,"0710","1","4","3","07",0,3,"A",,,,,,1800,11,"B","C","A","RT 80","EL PORTAL DR",500,"E","N","2007-03-06",9370,"2006-11-23",1525,"17810",,"2","5","0","1",,"2","083","-","Y","CC",4,80,"-","-",5.37,"H","-","E","Y",2,"A","-",21658,"A","N","A","H","-","A","D","6","Y","A","01",0,3,0,0,0,0,0,0,0,"-","-","RICHMOND","CONTRA COSTA","CA",0,0
"3012540",-122.317408335,37.912847094,2006,"0710","1","2","4","03",0,1,"A",,,,,,1800,12,"C","C","A","RT 80","CARLSON BL",10,"E","N","2007-02-28",9370,"2006-12-05",1540,"14464",,"2","5","0","1",,"2","082","-","Y","CC",4,80,"-","-",1.04,"H","-","E","Y",3,"A","-",22350,,"N","A","H","-","A","D","6","Y","D","22",0,0,1,0,0,0,0,0,0,"-","-","RICHMOND","CONTRA COSTA","CA",0,0
"3012617",-122.317869342,37.977675572,2006,"0710","1","5","4","03",0,1,"A",,,,,,1800,12,"C","C","A","RT 80","HILLTOP DR",100,"E","N","2007-02-28",9370,"2006-12-22",1558,"17810",,"2","5","0","1",,"2","083","-","Y","CC",4,80,"-","-",6,"H","-","E","N",3,"A","-",22350,,"N","A","H","-","A","D","6","Y","D","22",0,0,1,0,0,0,0,0,0,"-","-","RICHMOND","CONTRA COSTA","CA",0,0
"3012645",-122.318417103,37.976073676,2006,"0710","1","2","3","03",0,6,"A",,,,,,1500,10,"C","C","A","RT 80","HILLTOP DR",380,"W","N","2007-02-22",9370,"2006-10-24",1450,"16663",,"2","5","0","1",,"2","083","-","Y","CC",4,80,"-","-",5.92,"H","-","E","Y",4,"A","-",22350,,"N","A","H","-","A","D","6","Y","D","22",0,2,4,0,0,0,0,0,0,"-","-","RICHMOND","CONTRA COSTA","CA",0,0
"3012676",-122.324726016,37.939771234,2007,"0710","1","3","3","07",0,3,"A",,,,,,1800,1,"B","C","A","RT 80","SOLANO AV",1056,"W","N","2007-05-18",9370,"2007-01-03",1600,"16710",,"2","5","0","1",,"2","083","-","Y","CC",4,80,"-","-",3.11,"H","-","E","Y",2,"A","-",21658,"A","N","A","H","-","A","D","6","Y","I","09",0,1,2,0,0,0,0,0,0,"-","-","RICHMOND","CONTRA COSTA","CA",0,0
"3013944",-122.323884903,37.942761653,2006,"0710","1","7","3","08",0,6,"A",,,,,,1800,12,"B","C","A","RT 80","SOLANO AV",200,"W","N","2007-05-08",9370,"2006-12-31",1502,"17810",,"2","5","0","1",,"2","082","-","Y","CC",4,80,"-","-",3.39,"H","-","W","Y",2,"A","-",22107,,"N","A","H","-","A","D","6","Y","A","01",0,2,4,0,0,0,0,0,0,"-","-","RICHMOND","CONTRA COSTA","CA",0,0
"3014210",-122.330158562,37.960766794,2006,"0710","1","6","4","07",0,1,"A",,,,,,1200,12,"B","C","A","RT 80","SAN PABLO DAM RD",1584,"E","N","2007-03-02",9370,"2006-12-23",1125,"01819",,"1","5","0","1",,"2","083","-","Y","CC",4,80,"-","-",4.64,"H","-","E","Y",2,"A","-",21658,"A","N","A","H","-","A","D","6","Y","A","07",0,0,1,0,0,0,0,0,0,"-","-","RICHMOND","CONTRA COSTA","CA",0,0
"3014234",-122.316791255,37.980876457,2006,"0710","1","4","4","07",0,1,"A",,,,,,1200,12,"C","C","A","RT 80","HILLTOP DR",1500,"E","N","2007-03-02",9370,"2006-12-07",1155,"14115",,"1","5","0","1",,"2","083","-","Y","CC",4,80,"-","-",6.26,"H","-","E","Y",3,"A","-",21658,"A","N","A","H","-","A","D","6","Y","A","01",0,0,1,0,0,0,0,0,0,"-","-","RICHMOND","CONTRA COSTA","CA",0,0
"3014258",-122.319293269,37.973946617,2007,"0710","1","3","4","07",0,1,"A",,,,,,900,1,"C","C","A","RT 80","HILLTOP DR",420,"W","N","2007-05-24",9370,"2007-01-17",800,"01793",,"1","5","0","1",,"2","083","-","Y","CC",4,80,"-","-",5.91,"H","-","W","N",2,"A","-",21658,"A","N","B","H","-","A","D","6","Y","A","01",0,0,1,0,0,0,0,0,0,"-","-","RICHMOND","CONTRA COSTA","CA",0,0
"3014589",-122.394363178,37.932355002,2007,"0710","1","3","4","08",0,1,"A",,,,,,2400,1,"E","I","A","RT 580","CASTRO ST",528,"W","N","2007-05-21",9370,"2007-01-10",2130,"18277",,"2","5","0","1",,"2","058","-","Y","CC",4,580,"-","R",5.56,"R","2","E","Y",1,"A","-",22107,,"N","A","H","-","C","D","1","Y","A","01",0,0,1,0,0,0,0,0,0,"T","-","RICHMOND","CONTRA COSTA","CA",0,0
"3068283",-122.318707372,37.975272891,2006,"0710","1","4","4","07",0,1,"A",,,,,,2400,12,"E","I","A","RT 80","HILLTOP DR",528,"W","N","2007-04-27",9370,"2006-12-14",2130,"01353",,"2","5","0","1",,"2","083","-","Y","CC",4,80,"-","-",5.89,"H","-","E","Y",2,"A","-",21658,"A","N","A","H","-","C","D","6","Y","A","01",0,0,1,0,0,0,0,0,0,"-","-","RICHMOND","CONTRA COSTA","CA",0,0
"3068314",-122.324895607,37.93989698,2006,"0710","1","7","3","07",0,3,"A",,,,,,2400,12,"C","C","A","RT 80","SAN PABLO AV",325,"E","N","2007-04-27",9370,"2006-12-24",2130,"14853",,"2","5","0","1",,"2","082","-","Y","CC",4,80,"-","-",3.08,"H","-","W","Y",2,"A","-",21658,"A","F","A","H","-","C","D","6","Y","A","01",0,2,1,0,0,0,0,0,0,"-","-","RICHMOND","CONTRA COSTA","CA",0,0
"3068352",-122.319343268,37.973797564,2007,"0710","1","5","3","08",0,3,"A",,,,,,1500,1,"B","C","A","RT 80","HILLTOP RD",500,"W","N","2007-06-08",9370,"2007-01-12",1420,"01788",,"2","5","0","1",,"2","083","-","Y","CC",4,80,"-","-",5.9,"H","-","W","Y",2,"A","-",22107,,"N","A","H","-","A","D","6","Y","A","01",0,1,2,0,0,0,0,0,0,"-","-","RICHMOND","CONTRA COSTA","CA",0,0
"3068398",-122.389109731,37.930182391,2007,"0710","1","5","3","08",0,3,"A",,,,,,1800,1,"E","I","A","RT 580","MARINE ST",364,"E","N","2007-06-05",9370,"2007-01-19",1509,"18260",,"2","5","0","1",,"2","058","-","Y","CC",4,580,"-","R",5.36,"H","-","W","Y",2,"A","-",22107,,"N","A","H","-","A","D","1","Y","-","-",0,3,0,0,0,0,0,0,0,"-","-","RICHMOND","CONTRA COSTA","CA",0,0
"3068421",-122.323246692,37.965801569,2007,"0710","1","3","3","08",0,1,"A",,,,,,300,1,"F","A","A","RT 80","EL PORTAL DR",1091,"W","N","2007-06-11",9370,"2007-01-31",220,"01826",,"3","5","0","1",,"2","083","-","Y","CC",4,80,"-","-",5.04,"H","-","W","Y",1,"A","-",22107,,"N","A","H","-","D","D","6","Y","A","01",0,1,0,0,0,0,0,0,0,"-","-","RICHMOND","CONTRA COSTA","CA",0,0
"3068449",-122.355030803,37.921748148,2007,"0710","1","5","4","07",0,2,"B",,,,,"Y",1800,1,"D","C","A","RT 580","MARINA WY",50,"E","N","2007-06-13",9370,"2007-01-26",1637,"01396",,"2","5","0","1",,"2","058","C","Y","CC",4,580,"-","R",3.34,"H","-","E","Y",2,"A","-",21658,"A","N","B","H","-","A","D","1","Y","D","22",0,0,2,0,0,0,0,0,0,"-","-","RICHMOND","CONTRA COSTA","CA",0,0
"3084003",-122.356501185,37.922007007,2007,"0710","1","4","4","08",0,3,"C",,,,,,1800,2,"C","C","A","RT 580","HARBOR WY",50,"E","N","2007-07-02",9370,"2007-02-08",1528,"18260",,"2","5","0","1",,"2","058","-","Y","CC",4,580,"-","R",3.48,"H","-","E","Y",2,"A","-",22107,,"N","B","H","-","A","D","1","Y","A","01",0,0,3,0,0,0,0,0,0,"-","-","RICHMOND","CONTRA COSTA","CA",0,0
"3084008",-122.320585691,37.907900108,2007,"0710","1","3","3","08",0,1,"B",,,,,,1500,2,"F","J","A","RT 580","BAYVIEW AV",1584,"E","N","2007-07-02",9370,"2007-02-14",1441,"01353",,"2","5","0","1",,"2","058","-","Y","CC",4,580,"-","-",0.91,"H","-","E","Y",1,"A","-",22107,,"N","A","H","-","A","D","1","Y","A","01",0,1,0,0,0,0,0,0,0,"-","-","RICHMOND","CONTRA COSTA","CA",0,0
"3084025",-122.318754775,37.922524284,2007,"0710","1","6","4","07",0,1,"C",,,,,,300,2,"B","C","A","RT 80","POTRERO AV",350,"E","N","2007-06-27",9370,"2007-02-10",135,"01793",,"3","5","0","1",,"2","082","-","Y","CC",4,80,"-","-",1.79,"H","-","E","Y",2,"A","-",21658,"A","M","B","H","-","D","D","6","Y","A","01",0,0,1,0,0,0,0,0,0,"-","-","RICHMOND","CONTRA COSTA","CA",0,0
"3084028",-122.405439022,37.932548463,2007,"0710","1","5","4","03",0,1,"A",,,,,,1500,2,"C","C","A","RT 580","RICHMOND SAN RAFAEL TP",5,"W","N","2007-07-02",9370,"2007-02-16",1440,"01430",,"2","5","0","1",,"2","058","-","Y","CC",4,580,"-","-",6.14,"H","-","W","N",2,"A","-",22350,,"N","A","H","-","-","A","0","Y","D","22",0,0,1,0,0,0,0,0,0,"-","-","RICHMOND","CONTRA COSTA","CA",0,0
"3084040",-122.33080774,37.958994264,2007,"0710","1","6","4","07",0,1,"C",,,,,,2100,2,"E","I","A","RT 80","SAN PABLO DAM RD",528,"E","N","2007-06-27",9370,"2007-02-10",1855,"01827",,"2","5","0","1",,"2","083","-","Y","CC",4,80,"-","-",4.44,"H","-","W","Y",3,"A","-",21658,"A","M","B","H","-","C","D","6","Y","A","01",0,0,1,0,0,0,0,0,0,"-","-","RICHMOND","CONTRA COSTA","CA",0,0
"3084113",-122.362453176,37.9561767578,2007,"0710","5","5","4","09",0,2,"A",,,,,,1200,2,"D","C","A","GROVE AV","6TH ST",0,,"Y","2007-06-21",9370,"2007-02-02",1010,"01788",,"1","5","0","3",,"2","010","-","N",,0,0,,,0,,,,"Y",2,"A","-",21800,"A","N","A","H","-","A","D","0","Y","A","01",0,0,2,0,0,0,0,0,0,"-","-","RICHMOND","CONTRA COSTA","CA",0,0
"3102437",-122.33602923,37.9641647339,2007,"0710","4","6","4","11",0,1,"B","Y",,,,,2100,2,"G","B","D","ROLLINGWOOD DR","GREENWOOD DR",20,"N","N","2007-06-12",9370,"2007-02-24",1820,"01819",,"2","5","0","2",,"1","011","C","N",,0,0,,,0,,,,"N",2,"A","-",21954,"A","N","B","H","-","D","D","0","Y","N","60",0,0,1,0,1,0,0,0,0,"-","-","RICHMOND","CONTRA COSTA","CA",0,0
"3102471",-122.320458676,37.970479711,2007,"0710","1","1","3","01",0,1,"C",,,,,"Y",600,2,"C","C","A","RT 80","EL PORTAL",590,"E","N","2007-06-26",9370,"2007-02-26",433,"01793",,"3","5","0","1",,"2","083","-","Y","CC",4,80,"-","-",5.39,"H","-","W","Y",2,"A","-",23152,"A","F","B","H","-","D","D","6","Y","A","07",0,1,0,0,0,0,0,0,0,"-","-","RICHMOND","CONTRA COSTA","CA",0,0
"3104554",-122.330413172,37.960155009,2007,"0710","1","5","4","03",0,1,"A",,,,,,1800,2,"C","C","A","RT 80","SAN PABLO DAM RD",150,"E","N","2007-07-11",9370,"2007-02-23",1625,"18260",,"2","5","0","1",,"2","083","-","Y","CC",4,80,"-","-",4.583,"R","1","E","Y",3,"A","-",22350,,"N","A","H","-","A","D","6","Y","A","01",0,0,1,0,0,0,0,0,0,"-","-","RICHMOND","CONTRA COSTA","CA",0,0
"3104644",-122.323111042,37.928907512,2007,"0710","1","5","3","07",0,2,"A",,,,,"Y",1800,3,"C","C","A","RT 80","CUTTING BL",779,"E","N","2007-08-23",9370,"2007-03-09",1510,"01396",,"2","5","0","1",,"2","082","-","Y","CC",4,80,"-","-",2.22,"H","-","E","Y",3,"A","-",21658,"A","N","A","H","-","A","D","6","Y","D","22",0,1,1,0,0,0,0,0,0,"-","-","RICHMOND","CONTRA COSTA","CA",0,0
"3105670",-122.330151739,37.956592144,2007,"0710","1","6","2","08",0,4,"A",,,,,,2100,1,"F","I","A","RT 80","SAN PABLO DAM RD",300,"E","N","2007-05-31",9370,"2007-01-27",2000,"01788",,"2","5","0","1",,"2","083","-","Y","CC",4,80,"-","-",4.4,"H","-","E","Y",1,"A","-",22107,,"N","A","H","-","D","D","6","Y","A","01",2,0,2,0,0,0,0,0,0,"-","-","RICHMOND","CONTRA COSTA","CA",0,0
"3106137",-122.398428935,37.932337669,2007,"0710","1","3","4","03",0,1,"A",,,,,,1500,3,"C","C","A","RT 580","WESTERN DR",530,"E","N","2007-08-22",9370,"2007-03-07",1330,"18260",,"1","5","0","1",,"2","058","-","Y","CC",4,580,"-","-",5.91,"H","-","W","Y",3,"A","-",22350,,"N","A","H","-","A","D","1","Y","A","01",0,0,1,0,0,0,0,0,0,"-","-","RICHMOND","CONTRA COSTA","CA",0,0
"3115493",-122.313506675,37.899558076,2007,"0710","1","4","4","18",0,1,"A",,,,,,1200,1,"E","I","A","RT 580","CENTRAL AV",198,"E","N","2007-05-31",9370,"2007-01-11",910,"14115",,"1","5","0","1",,"2","058","-","Y","CC",4,580,"-","-",0.2,"H","-","W","Y",1,"C","-",0,,"N","A","G","-","A","D","0","Y","-","-",0,0,1,0,0,0,0,0,0,"-","-","RICHMOND","CONTRA COSTA","CA",0,0
"3127928",-122.317183587,37.980227963,2007,"0710","1","6","4","08",0,1,"B",,,,,,600,4,"E","I","A","RT 80","HILLTOP DR",1000,"E","N","2007-08-28",9370,"2007-04-07",550,"01780",,"3","5","0","1",,"2","083","C","Y","CC",4,80,"-","-",6.18,"H","-","W","Y",3,"A","-",22107,,"N","B","C","-","C","D","6","Y","A","01",0,0,1,0,0,0,0,0,0,"-","-","RICHMOND","CONTRA COSTA","CA",0,0
"3127932",-122.323333175,37.9928665161,2007,"0710","5","3","4","12",0,1,"A",,,,,,1800,4,"D","C","A","SHAMROCK DR","KENNEY DR",0,,"Y","2007-08-21",9370,"2007-04-04",1710,"01827",,"2","5","0","3",,"2","012","-","N",,0,0,,,0,,,,"Y",2,"A","-",22450,"A","N","A","H","-","A","D","0","Y","A","07",0,0,1,0,0,0,0,0,0,"-","-","RICHMOND","CONTRA COSTA","CA",0,0
"3128111",-122.318797228,37.975004299,2007,"0710","1","7","4","03",0,1,"A",,,,,"Y",600,3,"C","C","A","RT 80","HILLTOP DR",528,"W","N","2007-08-27",9370,"2007-03-25",325,"01798",,"3","5","0","1",,"2","083","-","Y","CC",4,80,"-","-",5.88,"H","-","E","Y",2,"A","-",22350,,"N","A","H","-","B","D","6","Y","A","07",0,0,1,0,0,0,0,0,0,"-","-","RICHMOND","CONTRA COSTA","CA",0,0
"3128115",0,0,2007,"0710","5","6","4","03",0,1,"A",,,,,,1800,3,"C","C","A","SAN PABLO AV","KAY RD",10,"S","N","2007-08-08",9370,"2007-03-24",1605,"01827",,"2","5","0","3",,"2","010","-","N",,0,0,,,0,,,,"N",2,"A","-",22350,,"N","A","H","-","A","D","0","Y","A","01",0,0,1,0,0,0,0,0,0,"-","-","RICHMOND","CONTRA COSTA","CA",0,0
"3128164",-122.332921635,37.9908180237,2007,"0710","5","4","4","03",0,1,"A",,,,,,1800,3,"C","C","A","SAN PABLO AV","RICHMOND PKY",10,"N","N","2007-08-09",9370,"2007-03-15",1720,"01827",,"2","5","0","3",,"2","010","-","N",,0,0,,,0,,,,"Y",2,"A","-",22350,,"N","A","H","-","A","D","0","Y","A","01",0,0,1,0,0,0,0,0,0,"-","-","RICHMOND","CONTRA COSTA","CA",0,0
"3128219",-122.326168635,37.964047525,2007,"0710","1","3","4","03",0,1,"A",,,,,,1800,3,"C","C","A","RT 80","EL PORTAL DR",1056,"W","N","2007-08-15",9370,"2007-03-14",1514,"01827",,"2","5","0","1",,"2","083","-","Y","CC",4,80,"-","-",5.05,"H","-","E","Y",4,"A","-",22350,,"N","A","H","-","A","D","6","Y","D","22",0,0,1,0,0,0,0,0,0,"-","-","RICHMOND","CONTRA COSTA","CA",0,0
"3128221",-122.362423176,37.9547538757,2007,"0710","1","7","4","09",0,1,"A",,,,,,1500,3,"D","C","A","CHESLEY AV","CHERRY ST",0,,"Y","2007-08-10",9370,"2007-03-18",1335,"01826",,"1","5","0","1",,"2","083","-","N",,0,0,,,0,,,,"N",3,"A","-",21802,"A","F","A","H","-","A","A","0","Y","-","99",0,0,1,0,0,0,0,0,0,"-","-","RICHMOND","CONTRA COSTA","CA",0,0
"3128234",-122.351320744,37.921672573,2007,"0710","1","2","4","08",0,2,"B",,,,,,1200,3,"A","C","A","RT 580","MARINA BAY PKY",20,"W","N","2007-08-15",9370,"2007-03-20",1135,"01066",,"1","5","0","1",,"2","058","C","Y","CC",4,580,"-","R",3.05,"R","2","E","Y",2,"A","-",22107,,"N","B","H","-","A","D","1","Y","A","01",0,0,2,0,0,0,0,0,0,"-","-","RICHMOND","CONTRA COSTA","CA",0,0
"3128334",-122.33639317,37.9369239807,2007,"0710","S","2","4","04",0,2,"A",,,,,,900,3,"C","C","A","BARRETT AV","34TH ST",0,,"Y","2007-11-01",9370,"2007-03-13",805,"01644",,"1","5","1","4",,"2","901","-","N",,0,0,,,0,,,,"N",2,"A","-",21703,,"N","A","H","-","A","A","0","Y","A","08",0,0,2,0,0,0,0,0,0,"-","-","RICHMOND","CONTRA COSTA","CA",0,0
"3135429",-122.360235489,37.9547462463,2006,"0710","5","5","1","12",1,0,"A",,"Y",,,,2400,5,"H","F","A","CHESLEY AV","7TH ST",400,"E","N","2007-04-26",9370,"2006-05-19",2330,"17939",,"3","5","0","3",,"2","010","-","N",,0,0,,,0,,,,"N",1,"A","-",22451,"B","N","A","H","-","C","A","0","Y","L","04",0,0,0,0,0,1,0,0,0,"-","-","RICHMOND","CONTRA COSTA","CA",0,0
"3163641",-122.360003174,37.9399833679,2007,"0710","0","1","4","-",0,1,"A","Y",,,,,900,3,"B","B","D","ROOSEVELT AV","HARBOR WY",0,,"-","2007-08-13",710,"2007-03-12",808,"1415",,"5","5","0","0",,"0","005","-","N",,0,0,,,0,,,,"N",2,"-","-",0,,"N","A","-","-","A","D","0","Y","-","-",0,0,1,0,0,0,0,0,0,"-","-","RICHMOND","CONTRA COSTA","CA",0,0
"3164760",-122.36274066,37.9415168762,2007,"0710","0","5","4","05",0,2,"A",,,,,,2100,4,"C","E","A","7TH ST","ACACIA AV",90,"S","N","2007-08-24",710,"2007-04-27",2057,"1281",,"5","5","0","0",,"0",,"-","N",,0,0,,,0,,,,"Y",2,"A","-",21650,,"N","A","H","-","C","D","0","Y","-","-",0,0,2,0,0,0,0,0,0,"-","-","RICHMOND","CONTRA COSTA","CA",0,0
"3164764",-122.333153174,37.9783744812,2007,"0710","0","7","4","09",0,1,"A",,,,,,2100,4,"D","D","A","HILLTOP DR","ROBERT H MILLER DR",0,,"Y","2007-08-24",710,"2007-04-22",1927,"1434","NORT","5","5","0","0",,"0","008","-","N",,0,0,,,0,,,,"Y",3,"A","-",21802,"A","N","A","H","-","A","A","0","Y","A",,0,0,1,0,0,0,0,0,0,"-","-","RICHMOND","CONTRA COSTA","CA",0,0
"3164772",-122.351523173,37.9415245056,2007,"0710","0","5","4","00",0,1,"A","Y",,,,"Y",1200,4,"G","B","D","19TH ST","PENNSYLVANIA AV",211,"N","N","2007-08-24",710,"2007-04-27",1056,"1324","NORT","5","5","0","0",,"0","004","-","N",,0,0,,,0,,,,"N",2,"A","-",20001,"A","F","A","H","-","A","D","0","Y","-","-",0,0,1,0,1,0,0,0,0,"-","-","RICHMOND","CONTRA COSTA","CA",0,0
"3164776",-122.314983164,37.907125005,2007,"0710","0","5","3","09",0,3,"A",,,,,,1800,4,"D","C","A","CARLSON BL","RT 80",0,,"Y","2007-08-31",710,"2007-04-27",1718,"1281",,"5","5","0","0",,"0",,"-","Y","CC",4,80,"-","-",0.796,"R","4","E","Y",2,"A","-",21802,"A","N","A","H","-","A","A","0","Y","-","-",0,1,2,0,0,0,0,0,0,"-","E","RICHMOND","CONTRA COSTA","CA",0,0
"3164784",-122.330382262,37.946434021,2007,"0710","0","4","4","04",0,1,"A",,,,,,1800,4,"C","C","A","SAN PABLO AV","MCBRYDE AV",319,"S","N","2007-08-24",710,"2007-04-26",1648,"1119",,"5","5","0","0",,"0",,"-","N",,0,0,,,0,,,,"N",2,"A","-",21703,,"N","A","H","-","A","A","0","Y","A","01",0,0,1,0,0,0,0,0,0,"-","-","RICHMOND","CONTRA COSTA","CA",0,0
"3164792",-122.362773175,37.9403648376,2007,"0710","0","3","4","05",0,1,"A",,,,,,1500,4,"C","E","A","7TH ST","RIPLEY AV",0,,"N","2007-08-24",710,"2007-04-25",1341,"1242",,"5","5","0","0",,"0",,"-","N",,0,0,,,0,,,,"Y",2,"A","-",21650,,"N","A","H","-","A","D","0","Y","A","01",0,0,1,0,0,0,0,0,0,"-","-","RICHMOND","CONTRA COSTA","CA",0,0
"3164800",-122.334141272,37.9365997314,2007,"0710","0","2","3","04",0,2,"A",,,,,,1200,4,"C","C","A","BARRETT AV","37TH ST",137,"W","N","2007-08-24",710,"2007-04-24",1041,"1242",,"5","5","0","0",,"0",,"-","N",,0,0,,,0,,,,"Y",2,"A","-",21703,,"N","A","H","-","A","A","0","Y","A","01",0,1,1,0,0,0,0,0,0,"-","-","RICHMOND","CONTRA COSTA","CA",0,0
"3164805",-122.357027316,37.9459686279,2007,"0710","0","1","4","00",0,2,"A",,,,,,900,4,"H","C","A","LINCOLN AV","13TH ST",117,"E","N","2007-09-08",710,"2007-04-23",818,"1242",,"5","5","0","0",,"0",,"-","N",,0,0,,,0,,,,"N",2,"D","-",0,,"N","A","H","-","A","D","0","Y","-","-",0,0,2,0,0,0,0,0,0,"-","-","RICHMOND","CONTRA COSTA","CA",0,0
"3164817",-122.371250985,37.9713897705,2007,"0710","0","5","4","01",0,1,"A",,,,,"Y",2100,4,"E","I","A","RICHMOND PKY","PARR BL",1584,"N","N","2007-09-08",710,"2007-04-20",2047,"1281",,"5","5","0","0",,"0",,"-","N",,0,0,,,0,,,,"Y",1,"A","-",23152,"A","N","A","H","-","C","D","0","Y","-","-",0,0,1,0,0,0,0,0,0,"-","-","RICHMOND","CONTRA COSTA","CA",0,0
"3164825",-122.365803175,37.9384155273,2007,"0710","0","6","4","12",0,2,"A",,,,,,1800,4,"D","C","A","BARRETT AV","4TH ST",0,,"Y","2007-09-08",710,"2007-04-14",1750,"1288",,"5","5","0","0",,"0","005","-","N",,0,0,,,0,,,,"N",4,"A","-",22450,,"N","A","H","-","A","D","0","Y","A",,0,0,2,0,0,0,0,0,0,"-","-","RICHMOND","CONTRA COSTA","CA",0,0
"3164829",-122.322893167,37.927935007,2007,"0710","0","4","4","12",0,2,"A",,,,,,1200,4,"D","C","A","CUTTING BL","RT 80",0,,"Y","2007-09-18",710,"2007-04-26",1141,"1242",,"5","5","0","0",,"0",,"-","Y","CC",4,80,"-","-",2.15,"R","4","W","Y",2,"A","-",21453,"A","N","A","H","-","A","A","0","Y","A","08",0,0,2,0,0,0,0,0,0,"-","W","RICHMOND","CONTRA COSTA","CA",0,0
"3164833",-122.323259466,37.9254493713,2007,"0710","0","2","4","04",0,1,"C",,,,,,1200,3,"C","C","A","CUTTING BL","S 49TH ST",102,"E","N","2007-09-08",710,"2007-03-20",1158,"348",,"5","5","0","0",,"0","120","-","N",,0,0,,,0,,,,"Y",2,"A","-",21703,,"N","B","H","-","A","A","0","Y","-",,0,0,1,0,0,0,0,0,0,"-","-","RICHMOND","CONTRA COSTA","CA",0,0
"3164837",-122.323477929,37.925453186,2007,"0710","0","3","4","04",0,1,"A",,,,,,1800,4,"C","C","A","CUTTING BL","S 49TH ST",39,"E","N","2007-09-08",710,"2007-04-25",1529,"1119",,"5","5","0","0",,"0",,"-","N",,0,0,,,0,,,,"N",2,"A","-",21703,,"N","A","H","-","A","A","0","Y","A","01",0,0,1,0,0,0,0,0,0,"-","-","RICHMOND","CONTRA COSTA","CA",0,0
"3164841",-122.337733175,37.9761543274,2007,"0710","0","6","4","09",0,3,"C",,,,,,1800,4,"D","C","A","ROBERT H MILLER DR","BIRMINGHAM DR",0,,"Y","2007-09-08",710,"2007-04-21",1714,"1430","NORT","5","5","0","0",,"0","009","-","N",,0,0,,,0,,,,"Y",2,"A","-",21801,,"M","B","H","-","A","D","0","Y","-","-",0,0,3,0,0,0,0,0,0,"-","-","RICHMOND","CONTRA COSTA","CA",0,0
"3164845",-122.332673168,37.9280052185,2007,"0710","0","7","4","10",0,1,"A","Y",,,,,2400,4,"G","B","F","WALL AV","S 39TH ST",0,,"Y","2007-09-12",710,"2007-04-22",2325,"1421",,"5","5","0","0",,"0",,"-","N",,0,0,,,0,,,,"N",2,"A","-",21952,,"F","A","H","-","C","D","0","Y","-","-",0,0,1,0,1,0,0,0,0,"-","-","RICHMOND","CONTRA COSTA","CA",0,0
"3164857",0,0,2007,"0710","0","6","4","03",0,2,"C",,,,,,1200,4,"B","C","A","CUTTING BL","MARINA BAY PKY",174,"W","N","2007-09-08",710,"2007-04-14",1145,"1377",,"5","5","0","0",,"0","002","-","N",,0,0,,,0,,,,"Y",3,"A","-",22350,,"F","B","H","-","A","A","0","Y","A",,0,0,2,0,0,0,0,0,0,"-","-","RICHMOND","CONTRA COSTA","CA",0,0
"3164881",-122.326163169,37.933045007,2007,"0710","0","2","2","12",0,2,"B",,,,,,2100,5,"D","C","A","SAN PABLO AV","RT 80",0,,"Y","2007-10-25",710,"2007-05-01",1915,"1281",,"5","5","0","0",,"0",,"-","Y","CC",4,80,"-","-",2.752,"R","4","E","Y",2,"A","-",21453,"A","N","A","H","-","A","A","0","Y","-","-",1,0,1,0,0,0,0,0,0,"-","E","RICHMOND","CONTRA COSTA","CA",0,0