"CASEID","POINT_X","POINT_Y","YEAR_","LOCATION","CHPTYPE","DAYWEEK","CRASHSEV","VIOLCAT","KILLED","INJURED","WEATHER1","PEDCOL","BICCOL","MCCOL","TRUCKCOL","ETOH","TIMECAT","MONTH_","CRASHTYP","INVOLVE","PED","PRIMARYRD","SECONDRD","DISTANCE","DIRECT","INTERSECT_","PROCDATE","JURIS","DATE_","TIME_","BADGE","JURIDIST","SHIFT","POP","SPECIAL","BEATTYPE","LAPDDIV","BEATCLAS","BEATNUMB","WEATHER2","STATEHW","CALTRANC","CALTRAND","STROUTE","ROUTESUF","POSTPRE","POSTMILE","LOCATYPE","RAMP","SIDEHW","TOWAWAY","PARTIES","PCF","VIOLCODE","VIOL","VIOLSUB","HITRUN","ROADSURF","RDCOND1","RDCOND2","LIGHTING","RIGHTWAY","CHPRDTYP","NOTPRIV","STFAULT","CHPFAULT","SEVINJ","OTHERINJ","COP","PEDKILL","PEDINJ","BICKILL","BICINJ","MCKILL","MCINJURE","RAMP1","RAMP2","CITY","COUNTY","STATE","X_CHP","Y_CHP"
"3540520",-122.334247901,37.9280471802,2007,"0710","0","1","4","08",0,1,"-",,,,,,1200,10,"H","A","A","WALL AV","37TH ST",65,"S","N","2008-04-14",710,"2007-10-22",955,"1425",,"5","5","0","0",,"0","003","-","N",,0,0,,,0,,,,"Y",1,"A","-",22107,,"N","D","-","-","-","D","0","Y","-","-",0,0,1,0,0,0,0,0,0,"-","-","RICHMOND","CONTRA COSTA","CA",0,0
"3540884",0,0,2007,"0710","0","2","4","05",0,1,"A",,,,,,1800,12,"B","E","A","MAY RD","WINDSOR DR",15,"E","N","2008-06-19",710,"2007-12-11",1537,"1242",,"5","5","0","0",,"0",,"-","N",,0,0,,,0,,,,"Y",2,"A","-",21650,,"N","A","H","-","A","D","0","Y","A","07",0,0,1,0,0,0,0,0,0,"-","-","RICHMOND","CONTRA COSTA","CA",0,0
"3540892",0,0,2007,"0710","0","2","4","08",0,2,"A",,,,,,900,12,"D","C","A","SAN PABLO AV","SWANS WY",600,"N","N","2008-06-19",710,"2007-12-25",819,"1242",,"5","5","0","0",,"0",,"-","N",,0,0,,,0,,,,"N",2,"A","-",22102,,"F","A","H","-","A","D","0","Y","A","01",0,0,2,0,0,0,0,0,0,"-","-","RICHMOND","CONTRA COSTA","CA",0,0
"3540895",-122.332383171,37.9505958557,2007,"0710","0","3","4","00",0,1,"A","Y",,,,,900,12,"G","B","B","MARICOPA AV","SAN PABLO AV",0,,"Y","2008-06-23",710,"2007-12-19",730,"1431","NORT","5","5","0","0",,"0","007","-","N",,0,0,,,0,,,,"N",2,"D","-",0,,"N","A","H","-","A","A","0","Y","-","-",0,0,1,0,1,0,0,0,0,"-","-","RICHMOND","CONTRA COSTA","CA",0,0
"3540899",-122.351523173,37.9402008057,2007,"0710","0","2","3","08",0,1,"-",,,,,,300,12,"H","E","A","19TH ST","ROOSEVELT AV",82,"N","N","2008-06-23",710,"2007-12-25",210,"1270",,"5","5","0","0",,"0",,"-","N",,0,0,,,0,,,,"Y",3,"A","-",22107,,"F","A","H","-","C","D","0","Y","-","-",0,1,0,0,0,0,0,0,0,"-","-","RICHMOND","CONTRA COSTA","CA",0,0
"3540900",-122.320353165,37.9125137329,2007,"0710","0","2","4","04",0,1,"A",,,,,,1800,12,"C","C","A","CARLSON BL","CARL AV",0,,"Y","2008-06-19",710,"2007-12-18",1752,"1483",,"5","5","0","0",,"0",,"-","N",,0,0,,,0,,,,"N",2,"A","-",21703,,"N","A","H","-","C","D","0","Y","A","01",0,0,1,0,0,0,0,0,0,"-","-","RICHMOND","CONTRA COSTA","CA",0,0
"3540903",-122.361072165,37.9281959534,2007,"0710","0","5","3","08",0,2,"A","Y",,,,,2100,12,"B","E","E","S 9TH ST","MAINE AV",51,"N","N","2008-06-19",710,"2007-12-28",1842,"1281",,"5","5","0","0",,"0",,"-","N",,0,0,,,0,,,,"N",4,"A","-",22107,,"F","A","H","-","C","D","0","Y","-","-",0,2,0,0,2,0,0,0,0,"-","-","RICHMOND","CONTRA COSTA","CA",0,0
"3540907",-122.347403174,37.952583313,2007,"0710","0","2","4","10",0,1,"B","Y",,,,,1200,12,"G","B","C","23RD ST","ALFREDA BL",0,,"Y","2008-06-19",710,"2007-12-18",1016,"1482",,"5","5","0","0",,"0",,"C","N",,0,0,,,0,,,,"N",2,"A","-",21950,"C","F","B","H","-","A","-","0","Y","-","-",0,0,1,0,1,0,0,0,0,"-","-","RICHMOND","CONTRA COSTA","CA",0,0
"3540911",0,0,2007,"0710","0","3","4","09",0,3,"A",,,,,,1800,12,"D","C","A","HILLTOP MALL RD","HILLVIEW DR",0,,"Y","2008-06-19",710,"2007-12-26",1545,"1281",,"5","5","0","0",,"0",,"-","N",,0,0,,,0,,,,"Y",2,"A","-",21802,"A","N","A","H","-","A","A","0","Y","-","-",0,0,3,0,0,0,0,0,0,"-","-","RICHMOND","CONTRA COSTA","CA",0,0
"3540915",-122.317487963,37.9863853455,2007,"0710","0","3","4","04",0,2,"A",,,,,"Y",1500,12,"C","C","A","BLUME DR","RICHMOND PKY",200,"S","N","2008-06-19",710,"2007-12-26",1400,"1119",,"5","5","0","0",,"0",,"-","N",,0,0,,,0,,,,"N",2,"A","-",21703,,"M","A","H","-","A","A","0","Y","A","01",0,0,2,0,0,0,0,0,0,"-","-","RICHMOND","CONTRA COSTA","CA",0,0
"3540916",-122.373713178,37.9540367126,2007,"0710","0","5","4","12",0,1,"A",,,,,,1500,12,"D","C","A","RICHMOND PKY","GERTRUDE AV",0,,"Y","2008-06-19",710,"2007-12-14",1355,"267","BAYM","5","5","0","0",,"0","005","-","N",,0,0,,,0,,,,"Y",2,"A","-",21453,"A","N","A","H","-","A","A","0","Y","-","-",0,0,1,0,0,0,0,0,0,"-","-","RICHMOND","CONTRA COSTA","CA",0,0
"3540924",-122.351433889,37.9225959778,2007,"0710","0","6","4","04",0,1,"A",,,,,,1500,12,"C","C","A","HOFFMAN BL","SOUTH 18TH",69,"E","N","2008-06-19",710,"2007-12-15",1430,"1377",,"5","5","0","0",,"0","002","-","N",,0,0,,,0,,,,"N",2,"A","-",21703,,"N","A","H","-","A","D","0","Y","-","-",0,0,1,0,0,0,0,0,0,"-","-","RICHMOND","CONTRA COSTA","CA",0,0
"3540940",-122.359113173,37.9294433594,2007,"0710","0","3","4","09",0,2,"A",,,,,,1800,12,"D","C","A","FLORIDA AV","S 11TH ST",0,,"Y","2008-06-19",710,"2007-12-12",1533,"1281",,"5","5","0","0",,"0",,"-","N",,0,0,,,0,,,,"Y",2,"A","-",21800,"A","N","A","H","-","A","A","0","Y","-","-",0,0,2,0,0,0,0,0,0,"-","-","RICHMOND","CONTRA COSTA","CA",0,0
"3540944",-122.328363173,37.9764938354,2007,"0710","0","3","4","12",0,1,"A",,,,,"Y",1800,12,"D","C","A","HILLTOP DR","SHANE DR",0,,"Y","2008-06-19",710,"2007-12-12",1542,"1119",,"5","5","0","0",,"0",,"-","N",,0,0,,,0,,,,"Y",2,"A","-",21453,"A","F","A","H","-","A","A","0","Y","A","01",0,0,1,0,0,0,0,0,0,"-","-","RICHMOND","CONTRA COSTA","CA",0,0
"3540948",-122.359567719,37.9420967102,2007,"0710","0","4","4","03",0,1,"A",,,,,,1500,12,"C","C","A","PENNSYLVANIA AV","HARBOURWAY",120,"E","N","2008-06-19",710,"2007-12-13",1217,"1119",,"5","5","0","0",,"0",,"-","N",,0,0,,,0,,,,"N",2,"A","-",22350,,"N","A","H","-","A","A","0","Y","D","22",0,0,1,0,0,0,0,0,0,"-","-","RICHMOND","CONTRA COSTA","CA",0,0
"3540955",-122.353566621,37.9796600342,2007,"0710","0","3","3","03",0,1,"C",,,,,,2100,12,"E","I","A","RICHMOND PKY","GIANT RD",300,"S","N","2008-06-19",710,"2007-12-19",1911,"1426",,"5","5","0","0",,"0","008","-","N",,0,0,,,0,,,,"Y",1,"A","-",22350,,"N","B","H","-","D","D","0","Y","A",,0,1,0,0,0,0,0,0,0,"-","-","RICHMOND","CONTRA COSTA","CA",0,0
"3543845",-122.337653175,37.9760360718,2007,"0710","0","4","4","08",0,1,"C",,,,,,2100,12,"D","C","A","ROBERT MILLER DR","BIRMINGHAM DR",0,,"-","2008-07-02",710,"2007-12-06",2038,"0710",,"5","5","0","0",,"0",,"-","N",,0,0,,,0,,,,"Y",2,"A","-",22100,"B","N","B","H","-","C","A","0","Y","A",,0,0,1,0,0,0,0,0,0,"-","-","RICHMOND","CONTRA COSTA","CA",0,0
"3544748",-122.37128384,37.927290734,2008,"0710","1","4","4","03",0,1,"A",,,,"Y",,900,1,"C","C","A","RT 580","CANAL RD",1584,"E","N","2008-10-02",9370,"2008-01-31",625,"01827",,"1","5","0","1",,"2","058","-","Y","CC",4,580,"-","R",4.34,"H","-","W","Y",4,"A","-",22350,,"N","A","H","-","C","D","1","Y","A","01",0,0,1,0,0,0,0,0,0,"-","-","RICHMOND","CONTRA COSTA","CA",0,0
"3545452",-122.348573172,37.9384651184,2007,"0710","0","3","4","-",0,1,"A",,"Y",,,,1800,11,"H","G","A","BARRETT","22ND ST",0,,"Y","2008-06-02",710,"2007-11-21",1620,"1327",,"5","5","0","0",,"0","004","-","N",,0,0,,,0,,,,"N",2,"A","-",0,,"N","A","H","-","A","A","0","Y","L",,0,0,1,0,0,0,1,0,0,"-","-","RICHMOND","CONTRA COSTA","CA",0,0
"3547769",-122.368713175,37.9357261658,2007,"0710","0","6","4","05",0,1,"A",,,,,,1800,12,"A","C","A","MACDONALD AV","1ST ST",0,,"Y","2008-07-10",710,"2007-12-08",1726,"1405","CENT","5","5","0","0",,"0","006","-","N",,0,0,,,0,,,,"Y",2,"A","-",21650,,"N","A","H","-","C","A","0","Y","-","-",0,0,1,0,0,0,0,0,0,"-","-","RICHMOND","CONTRA COSTA","CA",0,0
"3547793",-122.333753067,37.9826774597,2007,"0710","0","1","3","05",0,2,"A",,,,,"Y",2100,12,"E","I","A","HILLTOP DR","HILLVIEW DR",24,"N","N","2008-07-10",710,"2007-12-31",1954,"1281",,"5","5","0","0",,"0",,"-","N",,0,0,,,0,,,,"Y",3,"A","-",21651,"A","F","A","H","-","C","A","0","Y","-","-",0,2,0,0,0,0,0,0,0,"-","-","RICHMOND","CONTRA COSTA","CA",0,0
"3550004",-122.358102411,37.9398841858,2007,"0710","0","5","4","12",0,1,"-",,,,,,2100,9,"D","D","A","12TH ST","ROOSEVELT AV",30,"S","-","2008-04-02",710,"2007-09-07",2041,"1425",,"5","5","0","0",,"0","004","-","N",,0,0,,,0,,,,"Y",3,"A","-",22450,,"F","-","-","-","-","A","0","Y","-","-",0,0,1,0,0,0,0,0,0,"-","-","RICHMOND","CONTRA COSTA","CA",0,0
"3557993",-122.345755884,37.9382324219,2008,"0710","0","7","1","09",1,0,"C",,"Y",,,"Y",1800,1,"G","G","A","BARRETT AV","24TH ST",8,"E","N","2008-02-27",710,"2008-01-27",1544,"1119",,"5","5","0","0",,"0",,"-","N",,0,0,,,0,,,,"Y",2,"A","-",21802,"A","N","B","H","-","A","A","0","Y","L","04",0,0,0,0,0,1,0,0,0,"-","-","RICHMOND","CONTRA COSTA","CA",0,0
"3564693",-122.323243165,37.911105005,2007,"0710","1","5","3","01",0,1,"A",,,,,"Y",2400,12,"F","A","A","RT 580","BAYVIEW AV",5,"W","N","2008-06-20",9370,"2007-12-21",2129,"18568",,"2","5","0","1",,"2","058","-","Y","CC",4,580,"-","-",1.21,"R","2","E","Y",1,"A","-",23152,"A","N","A","H","-","D","D","1","Y","A","01",0,1,0,0,0,0,0,0,0,"-","-","RICHMOND","CONTRA COSTA","CA",0,0
"3579122",-122.352239944,37.921653306,2008,"0710","1","5","4","03",0,1,"B",,,,,,1200,1,"E","I","A","RT 580","SOUTH 23RD ST",528,"W","N","2008-10-02",9370,"2008-01-25",1142,"01878",,"1","5","0","1",,"2","058","C","Y","CC",4,580,"-","R",3.08,"H","-","E","Y",1,"A","-",22350,,"N","B","H","-","A","D","1","Y","A","01",0,0,1,0,0,0,0,0,0,"-","-","RICHMOND","CONTRA COSTA","CA",0,0
"3579166",-122.321043165,37.908745005,2008,"0710","1","3","4","03",0,3,"A",,,,,,1800,1,"C","C","A","RT 580","BAYVIEW AV",20,"E","N","2008-07-28",9370,"2008-01-02",1645,"18192",,"2","5","0","1",,"2","057","-","Y","CC",4,580,"-","-",1,"R","1","W","N",2,"A","-",22350,,"N","A","H","-","A","A","1","Y","A","01",0,0,3,0,0,0,0,0,0,"-","-","RICHMOND","CONTRA COSTA","CA",0,0
"3583768",-122.348613171,37.9252052307,2008,"0710","0","5","4","09",0,1,"B",,,,,,1500,1,"D","C","A","CUTTING BL","S 22ND ST",0,,"Y","2008-07-31",710,"2008-01-11",1350,"1377",,"5","5","0","0",,"0","002","-","N",,0,0,,,0,,,,"N",2,"A","-",21802,"A","N","A","H","-","A","A","0","Y","-","-",0,0,1,0,0,0,0,0,0,"-","-","RICHMOND","CONTRA COSTA","CA",0,0
"3583780",-122.341013172,37.9505958557,2008,"0710","0","1","3","-",0,2,"A","Y",,,,,900,1,"B","B","D","MARICOPA AV","28TH ST",0,,"Y","2008-07-31",710,"2008-01-07",834,"1431","NORT","5","5","0","0",,"0","007","-","N",,0,0,,,0,,,,"N",3,"A","-",0,,"N","B","H","-","A","D","0","Y","A",,0,1,1,0,2,0,0,0,0,"-","-","RICHMOND","CONTRA COSTA","CA",0,0
"3583784",-122.350413171,37.9252052307,2008,"0710","0","1","4","-",0,1,"A","Y",,,,,900,1,"G","B","B","CUTTING BL","SOUTH 20TH",0,,"Y","2008-07-30",710,"2008-01-07",825,"1039","SOUT","5","5","0","0",,"0","002","-","N",,0,0,,,0,,,,"N",2,"A","-",0,,"N","B","H","-","A","A","0","Y","N","60",0,0,1,0,1,0,0,0,0,"-","-","RICHMOND","CONTRA COSTA","CA",0,0
"3583792",-122.350433977,37.9252052307,2008,"0710","0","4","3","10",0,1,"C","Y",,,,,2100,1,"G","B","B","CUTTING BL","20TH ST",6,"W","N","2008-07-30",710,"2008-01-03",1807,"1281",,"5","5","0","0",,"0",,"-","N",,0,0,,,0,,,,"N",2,"A","-",21950,"A","N","B","H","-","C","A","0","Y","-","-",0,1,0,0,1,0,0,0,0,"-","-","RICHMOND","CONTRA COSTA","CA",0,0
"3583824",-122.368716062,37.9373016357,2008,"0710","0","5","4","05",0,1,"A",,,,,,1800,1,"B","C","A","1ST ST","NEVIN AV",166,"N","N","2008-07-30",710,"2008-01-18",1608,"1119",,"5","5","0","0",,"0",,"-","N",,0,0,,,0,,,,"N",2,"A","-",21650,,"N","A","H","-","A","D","0","Y","A","08",0,0,1,0,0,0,0,0,0,"-","-","RICHMOND","CONTRA COSTA","CA",0,0
"3583839",-122.332529332,37.9336204529,2008,"0710","0","4","4","05",0,1,"A",,"Y",,,,1800,1,"G","G","A","39TH ST","MACDONALD AV",6,"N","N","2008-07-30",710,"2008-01-03",1555,"1119",,"5","5","0","0",,"0",,"-","N",,0,0,,,0,,,,"N",2,"A","-",21650,"1","N","B","H","-","A","A","0","Y","L","04",0,0,1,0,0,0,1,0,0,"-","-","RICHMOND","CONTRA COSTA","CA",0,0
"3583857",-122.319705431,37.9156265259,2008,"0710","0","1","4","21",0,2,"A",,,,,,1800,1,"D","C","A","BAYVIEW AV","S 54TH ST",315,"W","N","2008-07-31",710,"2008-01-14",1604,"1119",,"5","5","0","0",,"0",,"-","N",,0,0,,,0,,,,"N",2,"A","-",22106,,"N","A","H","-","A","D","0","Y","D","22",0,0,2,0,0,0,0,0,0,"-","-","RICHMOND","CONTRA COSTA","CA",0,0
"3584051",-122.316911355,37.9868087769,2008,"0710","0","4","4","03",0,2,"C",,,,,"Y",1500,1,"C","C","A","RICHMOND PKY","BLUME DR",80,"E","N","2008-07-25",710,"2008-01-03",1309,"1119",,"5","5","0","0",,"0","008","-","N",,0,0,,,0,,,,"N",3,"A","-",22350,,"M","B","H","-","A","A","0","Y","A","01",0,0,2,0,0,0,0,0,0,"-","-","RICHMOND","CONTRA COSTA","CA",0,0
"3593749",-122.313353173,37.988145012,2008,"0710","1","7","2","08",0,1,"A",,,,"Y",,2100,2,"B","C","A","RT 80","RICHMOND PKY",965,"W","N","2008-09-24",9370,"2008-02-17",1903,"01831",,"2","5","0","1",,"2","083","-","Y","CC",4,80,"-","-",6.73,"R","2","E","Y",2,"A","-",22107,,"N","A","H","-","C","D","6","Y","A","01",1,0,0,0,0,0,0,0,0,"-","-","RICHMOND","CONTRA COSTA","CA",0,0
"3594473",-122.365293179,37.9742164612,2008,"0710","0","4","4","05",0,1,"A",,,,"Y",,1200,2,"C","C","A","RICHMOND PKY","GOODRICK AV",0,,"Y","2008-08-29",710,"2008-02-07",948,"1324",,"5","5","0","0",,"0","008","-","N",,0,0,,,0,,,,"Y",2,"A","-",21650,,"N","A","H","-","A","A","0","Y","A","01",0,0,1,0,0,0,0,0,0,"-","-","RICHMOND","CONTRA COSTA","CA",0,0
"3607868",-122.314704467,37.906728451,2008,"0710","1","1","4","03",0,1,"A",,,,,,1800,1,"C","C","A","RT 80","CARLSON BL",1320,"W","N","2008-09-30",9370,"2008-01-07",1545,"01812",,"2","5","0","1",,"2","082","-","Y","CC",4,80,"-","-",0.75,"H","-","E","N",2,"A","-",22350,,"N","A","H","-","A","D","6","Y","A","01",0,0,1,0,0,0,0,0,0,"-","-","RICHMOND","CONTRA COSTA","CA",0,0
"3607888",-122.316539998,37.90943143,2008,"0710","1","1","4","21",0,1,"A",,,,,,1200,1,"C","C","A","RT 80","CARLSON BL",528,"W","N","2008-09-17",9370,"2008-01-07",1025,"18318",,"1","5","0","1",,"2","082","-","Y","CC",4,80,"-","-",0.9,"H","-","E","Y",2,"A","-",22106,,"N","A","H","-","A","D","6","Y","A","08",0,0,1,0,0,0,0,0,0,"-","-","RICHMOND","CONTRA COSTA","CA",0,0
"3607913",-122.324656029,37.930938656,2008,"0710","1","3","4","03",0,1,"A",,,,,,2100,1,"C","C","A","RT 80","MACDONALD AV",100,"W","N","2008-09-17",9370,"2008-01-30",1840,"01812",,"2","5","0","1",,"2","082","-","Y","CC",4,80,"-","-",2.6,"H","-","E","N",3,"A","-",22350,,"N","A","H","-","C","D","6","Y","A","07",0,0,1,0,0,0,0,0,0,"-","-","RICHMOND","CONTRA COSTA","CA",0,0
"3607947",-122.327766079,37.952355287,2008,"0710","1","4","4","07",0,2,"C",,,,,,1500,1,"C","C","A","RT 80","SAN PABLO DAM RD",300,"W","N","2008-09-25",9370,"2008-01-03",1305,"15258",,"1","5","0","1",,"2","082","-","Y","CC",4,80,"-","-",4.16,"H","-","E","Y",2,"A","-",21658,"A","N","B","H","-","A","D","6","Y","A","01",0,0,2,0,0,0,0,0,0,"-","-","RICHMOND","CONTRA COSTA","CA",0,0
"3607967",-122.317548031,37.917394632,2008,"0710","1","3","4","03",0,3,"B",,,,,,2400,1,"A","C","A","RT 80","PORTER AV",528,"W","N","2008-10-06",9370,"2008-01-02",2240,"18640",,"3","5","0","1",,"2","082","-","Y","CC",4,80,"-","-",1.57,"H","-","W","Y",2,"A","-",22350,,"N","A","H","-","D","D","6","Y","A","01",0,0,3,0,0,0,0,0,0,"-","-","RICHMOND","CONTRA COSTA","CA",0,0
"3608412",-122.32411583,37.9301922,2008,"0710","1","5","4","03",0,1,"A",,,,,,1200,2,"C","C","A","RT 80","MC DONALD AV",550,"W","N","2008-11-06",9370,"2008-02-01",906,"01514",,"1","5","0","1",,"2","082","-","Y","CC",4,80,"-","-",2.52,"H","-","E","Y",2,"A","-",22350,,"N","A","H","-","A","D","6","Y","A","01",0,0,1,0,0,0,0,0,0,"-","-","RICHMOND","CONTRA COSTA","CA",0,0
"3618794",-122.314403727,37.906296353,2008,"0710","1","4","4","08",0,1,"A",,,,,,2100,2,"B","C","A","RT 80","CARLSON BL",1584,"W","N","2008-10-15",9370,"2008-02-07",2055,"01808",,"2","5","0","1",,"2","082","-","Y","CC",4,80,"-","-",0.7,"H","-","E","Y",2,"A","-",22107,,"N","A","H","-","C","D","6","Y","A","08",0,0,1,0,0,0,0,0,0,"-","-","RICHMOND","CONTRA COSTA","CA",0,0
"3619356",-122.313592291,37.905185602,2008,"0710","1","5","4","03",0,1,"A",,,,,,1800,1,"C","C","A","RT 80","SACRAMENTO AV",375,"E","N","2008-09-03",9370,"2008-01-18",1620,"01881",,"2","5","0","1",,"2","082","-","Y","CC",4,80,"-","-",0.57,"H","-","E","N",2,"A","-",22350,,"N","A","H","-","B","D","6","Y","A","01",0,0,1,0,0,0,0,0,0,"-","-","RICHMOND","CONTRA COSTA","CA",0,0
"3619441",0,0,2008,"0710","0","6","4","13",0,1,"A",,,,,"Y",300,2,"C","C","A","MARTIN DR","ELLISON LN",69,"N","N","2008-07-21",710,"2008-02-09",102,,,"5","5","0","0",,"0",,"-","N",,0,0,,,0,,,,"Y",2,"A","-",22515,"A","N","A","H","-","C","D","0","Y","A","01",0,0,1,0,0,0,0,0,0,"-","-","RICHMOND","CONTRA COSTA","CA",0,0
"3622241",-122.334273169,37.9338645935,2008,"0710","0","2","4","09",0,1,"C",,,,,,1200,1,"D","C","A","37TH ST","MACDONALD AV",0,,"Y","2008-07-19",710,"2008-01-22",953,"1119",,"5","5","0","0",,"0",,"-","N",,0,0,,,0,,,,"Y",3,"A","-",21801,"A","N","B","H","-","A","A","0","Y","A","01",0,0,1,0,0,0,0,0,0,"-","-","RICHMOND","CONTRA COSTA","CA",0,0
"3622245",-122.338843172,37.9463768005,2008,"0710","0","4","4","09",0,1,"C",,,,,,1500,1,"D","C","A","29TH ST","LINCOLN AV",0,,"Y","2008-07-19",710,"2008-01-24",1315,"1281",,"5","5","0","0",,"0",,"-","N",,0,0,,,0,,,,"Y",2,"A","-",21802,"A","N","B","H","-","A","D","0","Y","-","-",0,0,1,0,0,0,0,0,0,"-","-","RICHMOND","CONTRA COSTA","CA",0,0
"3622249",-122.342818229,37.9741477966,2008,"0710","0","6","2","01",0,2,"C",,,,,"Y",2100,1,"F","I","A","SAN PABLO AV","RIVERS AV",766,"N","N","2008-07-19",710,"2008-01-05",2041,"348",,"5","5","0","0",,"0","008","-","N",,0,0,,,0,,,,"Y",1,"A","-",23153,"A","N","B","H","-","C","A","0","Y","-","-",1,1,0,0,0,0,0,0,0,"-","-","RICHMOND","CONTRA COSTA","CA",0,0
"3622257",-122.388243177,37.9289741516,2008,"0710","0","3","4","09",0,1,"B",,,,,,1800,1,"D","E","A","TEWKSBURY AV","EDDY ST",0,,"N","2008-07-19",710,"2008-01-09",1522,"1242",,"5","5","0","0",,"0",,"-","N",,0,0,,,0,,,,"Y",2,"A","-",21804,"A","N","A","H","-","A","D","0","Y","A","01",0,0,1,0,0,0,0,0,0,"-","-","RICHMOND","CONTRA COSTA","CA",0,0
"3622265",-122.324573174,37.9818267822,2008,"0710","0","6","4","09",0,1,"B",,,,,,1500,1,"D","C","A","HILLTOP MALL RD","KLOSE WY",0,,"Y","2008-07-19",710,"2008-01-26",1252,"1119",,"5","5","0","0",,"0",,"-","N",,0,0,,,0,,,,"Y",2,"A","-",21801,"A","N","A","H","-","A","D","0","Y","A","01",0,0,1,0,0,0,0,0,0,"-","-","RICHMOND","CONTRA COSTA","CA",0,0
"3622269",-122.355805017,37.9356689453,2008,"0710","0","2","4","04",0,1,"B",,,,,,1200,1,"C","C","A","MACDONALD AV","15TH ST",162,"W","N","2008-07-19",710,"2008-01-22",1150,"1119",,"5","5","0","0",,"0",,"-","N",,0,0,,,0,,,,"Y",2,"A","-",21703,,"N","B","H","-","A","A","0","Y","D","22",0,0,1,0,0,0,0,0,0,"-","-","RICHMOND","CONTRA COSTA","CA",0,0
"3622273",0,0,2008,"0710","0","4","4","03",0,1,"C",,,,,,300,1,"B","I","A","SWAN WY","SAN PABLO AV",33,"S","N","2008-10-01",710,"2008-01-24",121,"1407",,"5","5","0","0",,"0","007","-","N",,0,0,,,0,,,,"Y",1,"A","-",22350,,"F","B","H","-","C","A","0","Y","A",,0,0,1,0,0,0,0,0,0,"-","-","RICHMOND","CONTRA COSTA","CA",0,0
"3622281",-122.330405618,37.9464797974,2008,"0710","0","6","4","09",0,1,"A",,,,,,1200,1,"D","C","A","SAN PABLO AV","MCBRYDE AV",300,"S","N","2008-07-19",710,"2008-01-19",1120,"1119",,"5","5","0","0",,"0",,"-","N",,0,0,,,0,,,,"Y",3,"A","-",21804,"A","N","A","H","-","A","D","0","Y","A","01",0,0,1,0,0,0,0,0,0,"-","-","RICHMOND","CONTRA COSTA","CA",0,0
"3622285",-122.333153174,37.9783744812,2008,"0710","0","4","4","09",0,1,"A",,,,,,1800,1,"D","C","A","ROBERT H  MILLER","HILLTOP DR",0,,"Y","2008-07-19",710,"2008-01-17",1748,"1119",,"5","5","0","0",,"0",,"-","N",,0,0,,,0,,,,"Y",2,"A","-",21801,"A","N","A","H","-","C","A","0","Y","A","01",0,0,1,0,0,0,0,0,0,"-","-","RICHMOND","CONTRA COSTA","CA",0,0
"3622289",-122.313376436,37.9039611816,2008,"0710","0","2","3","01",0,1,"B",,,,,"Y",1800,1,"C","C","A","SAN JOAQUIN AV","SACRAMENTO AV",50,"S","N","2008-07-19",710,"2008-01-29",1723,"1281",,"5","5","0","0",,"0",,"-","N",,0,0,,,0,,,,"Y",2,"A","-",23152,"A","N","B","H","-","B","A","0","Y","-","-",0,1,0,0,0,0,0,0,0,"-","-","RICHMOND","CONTRA COSTA","CA",0,0
"3622313",-122.331953174,37.9791946411,2008,"0710","0","7","4","09",0,3,"A",,,,,,1800,1,"D","C","A","HILLTOP MALL RD","ROBERT H MILLER",0,,"Y","2008-07-19",710,"2008-01-20",1512,"267",,"5","5","0","0",,"0","008","-","N",,0,0,,,0,,,,"Y",2,"A","-",21803,"A","N","A","H","-","A","D","0","Y","-","-",0,0,3,0,0,0,0,0,0,"-","-","RICHMOND","CONTRA COSTA","CA",0,0
"3622356",0,0,2008,"0710","0","5","3","09",0,4,"C",,,,,,2100,1,"A","C","A","RICHMOND PKY","HILLTOP DR",0,,"Y","2008-07-19",710,"2008-01-25",1945,"1445",,"5","5","0","0",,"0","008","-","N",,0,0,,,0,,,,"Y",2,"A","-",21453,"C","N","B","H","-","C","A","0","Y","-","-",0,1,3,0,0,0,0,0,0,"-","-","RICHMOND","CONTRA COSTA","CA",0,0
"3622400",-122.353833174,37.9495735168,2008,"0710","0","4","3","09",0,1,"B",,,,,,2100,1,"D","C","A","RHEEM AV","17TH ST",0,,"Y","2008-07-19",710,"2008-01-24",2027,"1281",,"5","5","0","0",,"0",,"-","N",,0,0,,,0,,,,"Y",3,"A","-",21802,"A","F","A","H","-","C","A","0","Y","-","-",0,1,0,0,0,0,0,0,0,"-","-","RICHMOND","CONTRA COSTA","CA",0,0
"3622525",-122.347440997,37.9498901367,2008,"0710","0","7","4","03",0,1,"A",,,,,,1800,2,"C","C","A","23RD ST","RHEEM AV",42,"N","N","2008-09-05",710,"2008-02-10",1721,"1281",,"5","5","0","0",,"0",,"-","N",,0,0,,,0,,,,"Y",2,"A","-",22350,,"N","A","H","-","B","D","0","Y","-","-",0,0,1,0,0,0,0,0,0,"-","-","RICHMOND","CONTRA COSTA","CA",0,0
"3622529",-122.338829912,37.9527244568,2008,"0710","0","3","3","05",0,2,"A",,,,,,2400,2,"A","E","A","29TH ST","HOWARD ST",43,"S","N","2008-09-05",710,"2008-02-06",2240,"1281",,"5","5","0","0",,"0",,"-","N",,0,0,,,0,,,,"Y",3,"A","-",21650,,"N","A","H","-","C","D","0","Y","-","-",0,1,1,0,0,0,0,0,0,"-","-","RICHMOND","CONTRA COSTA","CA",0,0