"CASEID","POINT_X","POINT_Y","YEAR_","LOCATION","CHPTYPE","DAYWEEK","CRASHSEV","VIOLCAT","KILLED","INJURED","WEATHER1","PEDCOL","BICCOL","MCCOL","TRUCKCOL","ETOH","TIMECAT","MONTH_","CRASHTYP","INVOLVE","PED","PRIMARYRD","SECONDRD","DISTANCE","DIRECT","INTERSECT_","PROCDATE","JURIS","DATE_","TIME_","BADGE","JURIDIST","SHIFT","POP","SPECIAL","BEATTYPE","LAPDDIV","BEATCLAS","BEATNUMB","WEATHER2","STATEHW","CALTRANC","CALTRAND","STROUTE","ROUTESUF","POSTPRE","POSTMILE","LOCATYPE","RAMP","SIDEHW","TOWAWAY","PARTIES","PCF","VIOLCODE","VIOL","VIOLSUB","HITRUN","ROADSURF","RDCOND1","RDCOND2","LIGHTING","RIGHTWAY","CHPRDTYP","NOTPRIV","STFAULT","CHPFAULT","SEVINJ","OTHERINJ","COP","PEDKILL","PEDINJ","BICKILL","BICINJ","MCKILL","MCINJURE","RAMP1","RAMP2","CITY","COUNTY","STATE","X_CHP","Y_CHP"
"3623241",-122.317210515,37.98012982,2008,"0710","1","4","3","07",0,2,"A",,,,"Y",,2100,3,"B","C","A","RT 80","HILLTOP DR",1000,"E","N","2008-11-12",9370,"2008-03-06",1925,"01881",,"2","5","0","1",,"2","083","-","Y","CC",4,80,"-","-",6.17,"H","-","W","Y",3,"A","-",21658,"A","F","A","H","-","D","D","6","Y","D","22",0,2,0,0,0,0,0,0,0,"-","-","RICHMOND","CONTRA COSTA","CA",0,0
"3631042",-122.407674485,37.932514251,2008,"0710","1","2","4","07",0,3,"A",,,,,,2100,2,"B","C","A","RT 580","RICHMOND BR TP",1500,"W","N","2008-10-02",9350,"2008-02-05",1920,"17702",,"2","5","0","1",,"2","115","-","Y","CC",4,580,"-","-",6.41,"H","-","E","Y",2,"A","-",21658,"A","N","A","H","-","C","D","1","Y","A","01",0,0,3,0,0,0,0,0,0,"-","-","RICHMOND","CONTRA COSTA","CA",0,0
"3631900",0,0,2008,"0710","0","2","4","18",0,1,"A",,,,,,1500,3,"E","E","A","VALLEY VIEW RD","DE ANZA HIGH",74,"S","N","2008-09-18",710,"2008-03-04",1236,"1242",,"5","5","0","0",,"0",,"-","N",,0,0,,,0,,,,"Y",6,"C","-",0,,"N","A","H","-","A","D","0","Y","-","-",0,0,1,0,0,0,0,0,0,"-","-","RICHMOND","CONTRA COSTA","CA",0,0
"3633528",0,0,2008,"0710","0","7","3","-",0,1,"A",,,,,,2400,3,"C","E","A","MEADOW VIEW DR","CITY LIGHT POST 13963",75,"S","-","2008-09-18",710,"2008-03-09",2111,"1454",,"5","5","0","0",,"0","008","-","N",,0,0,,,0,,,,"Y",2,"A","-",0,,"N","A","H","-","C","D","0","Y","-","-",0,1,0,0,0,0,0,0,0,"-","-","RICHMOND","CONTRA COSTA","CA",0,0
"3633629",-122.309934331,37.9010772705,2008,"0710","0","7","2","10",0,1,"B","Y",,,,,2400,2,"G","B","B","CENTRAL AV","PIERCE ST",9,"W","N","2008-09-15",710,"2008-02-24",2151,"1380",,"5","5","0","0",,"0",,"-","N",,0,0,,,0,,,,"N",2,"A","-",21950,"A","N","B","H","-","C","A","0","Y","-","-",1,0,0,0,1,0,0,0,0,"-","-","RICHMOND","CONTRA COSTA","CA",0,0
"3633633",-122.34771317,37.9252166748,2008,"0710","0","4","4","04",0,1,"A",,,,,,1200,2,"C","C","A","SOUTH 23RD","CUTTING BL",0,,"Y","2008-09-15",710,"2008-02-28",1104,"1324","SOUT","5","5","0","0",,"0","001","-","N",,0,0,,,0,,,,"N",2,"A","-",21703,,"N","A","A","B","A","A","0","Y","D","22",0,0,1,0,0,0,0,0,0,"-","-","RICHMOND","CONTRA COSTA","CA",0,0
"3633950",-122.324172027,37.943321228,2008,"0710","0","3","4","09",0,2,"A",,,,,,900,3,"D","C","A","SOLANO AV","RT 80",85,"W","N","2008-10-27",710,"2008-03-05",750,"1242",,"5","5","0","0",,"0",,"-","N",,0,0,,,0,,,,"Y",3,"A","-",21804,"A","N","A","H","-","A","D","0","Y","A","07",0,0,2,0,0,0,0,0,0,"-","W","RICHMOND","CONTRA COSTA","CA",0,0
"3633974",-122.312388066,37.9151420593,2008,"0710","0","3","4","09",0,1,"A",,,,,,900,3,"D","C","A","WENK AV","SAN PABLO AV",255,"W","N","2008-09-24",710,"2008-03-05",832,"1119",,"5","5","0","0",,"0",,"-","N",,0,0,,,0,,,,"N",2,"A","-",21804,"A","N","A","H","-","A","D","0","Y","A","01",0,0,1,0,0,0,0,0,0,"-","-","RICHMOND","CONTRA COSTA","CA",0,0
"3634016",-122.362560737,37.9425964355,2008,"0710","0","6","4","10",0,1,"A","Y",,,,,1500,2,"G","B","B","PENNSYLVANIA AV","7TH ST",18,"E","-","2008-09-12",710,"2008-02-16",1450,"1477",,"5","5","0","0",,"0","005","-","N",,0,0,,,0,,,,"N",2,"A","-",21950,"A","N","A","H","-","A","A","0","Y","-","-",0,0,1,0,1,0,0,0,0,"-","-","RICHMOND","CONTRA COSTA","CA",0,0
"3634020",-122.357306905,37.9482116699,2008,"0710","0","2","4","05",0,3,"A",,,,,,1200,2,"D","C","A","13TH ST","HELLINGS AV",32,"N","N","2008-09-12",710,"2008-02-05",1028,"1242",,"5","5","0","0",,"0",,"-","N",,0,0,,,0,,,,"Y",2,"A","-",21650,,"N","A","H","-","A","A","0","Y","A","01",0,0,3,0,0,0,0,0,0,"-","-","RICHMOND","CONTRA COSTA","CA",0,0
"3634024",-122.348573172,37.9384651184,2008,"0710","0","1","4","09",0,2,"B",,,,,,2400,2,"D","C","A","BARRETT AV","22ND ST",0,,"Y","2008-09-23",710,"2008-02-18",2240,"1296",,"5","5","0","0",,"0",,"-","N",,0,0,,,0,,,,"Y",2,"A","-",21801,"A","N","A","H","-","C","A","0","Y","J","48",0,0,2,0,0,0,0,0,0,"-","-","RICHMOND","CONTRA COSTA","CA",0,0
"3634033",0,0,2008,"0710","0","4","2","10",0,1,"C","Y",,,,,2100,1,"G","B","D","ATLAS RD","OAKMONT CT",0,,"Y","2008-07-29",710,"2008-01-31",1825,"348","BAY","5","5","0","0",,"0",,"-","N",,0,0,,,0,,,,"N",2,"A","-",21950,"A","F","B","H","-","C","D","0","Y","A","01",1,0,0,0,1,0,0,0,0,"-","-","RICHMOND","CONTRA COSTA","CA",0,0
"3634044",-122.347513172,37.9415283203,2008,"0710","0","2","2","11",0,1,"A","Y",,,,,2100,2,"G","B","D","23RD ST","GRANT AV",45,"N","N","2008-09-12",710,"2008-02-12",1926,"1281",,"5","5","0","0",,"0",,"-","N",,0,0,,,0,,,,"N",2,"A","-",21954,"A","F","A","H","-","C","D","0","Y","N","60",1,0,0,0,1,0,0,0,0,"-","-","RICHMOND","CONTRA COSTA","CA",0,0
"3634052",0,0,2008,"0710","0","7","4","03",0,1,"A",,,"Y",,,1800,2,"F","A","A","RICHMOND PKY","GOODRICK AV",100,,"N","2008-09-12",710,"2008-02-17",1545,"1276","NORT","5","5","0","0",,"0","008","-","N",,0,0,,,0,,,,"N",1,"A","-",22350,,"N","A","H","-","A","A","0","Y","C",,0,0,1,0,0,0,0,0,1,"-","-","RICHMOND","CONTRA COSTA","CA",0,0
"3634060",-122.331560399,37.9253807068,2008,"0710","0","1","4","05",0,1,"A",,,,,,2100,2,"E","I","A","CUTTING BL","BERK AV",47,"E","N","2008-09-12",710,"2008-02-18",1830,"348",,"5","5","0","0",,"0",,"-","N",,0,0,,,0,,,,"Y",1,"A","-",21650,,"N","A","H","-","C","D","0","Y","-","-",0,0,1,0,0,0,0,0,0,"-","-","RICHMOND","CONTRA COSTA","CA",0,0
"3634076",-122.368654216,37.9357261658,2008,"0710","0","6","3","12",0,2,"C",,,,,,1800,2,"D","C","A","MACDONALD AV","1ST ST",17,"E","-","2008-09-12",710,"2008-02-23",1500,"1477","034","5","5","0","0",,"0","006","-","N",,0,0,,,0,,,,"N",2,"A","-",22450,,"N","B","H","-","A","A","0","Y","-","-",0,1,1,0,0,0,0,0,0,"-","-","RICHMOND","CONTRA COSTA","CA",0,0
"3634152",-122.343533171,37.9363555908,2008,"0710","0","2","4","09",0,1,"A",,,,,,1800,2,"A","C","A","NEVIN AV","CIVIC CENTER DR",0,,"Y","2008-09-12",710,"2008-02-19",1703,"1281",,"5","5","0","0",,"0",,"-","N",,0,0,,,0,,,,"N",2,"A","-",21800,"B","N","A","-","-","A","D","0","Y","-","-",0,0,1,0,0,0,0,0,0,"-","-","RICHMOND","CONTRA COSTA","CA",0,0
"3634156",-122.347513172,37.9426307678,2008,"0710","0","3","4","04",0,1,"A",,,,,,1500,2,"C","C","A","23RD ST","DOWNER AV",126,"S","N","2008-09-12",710,"2008-02-27",1320,"1119",,"5","5","0","0",,"0",,"-","N",,0,0,,,0,,,,"N",2,"A","-",21703,,"N","A","H","-","A","D","0","Y","A","01",0,0,1,0,0,0,0,0,0,"-","-","RICHMOND","CONTRA COSTA","CA",0,0
"3634484",-122.319895208,37.972157094,2008,"0710","1","2","2","03",0,3,"C",,,,,,2400,2,"D","C","A","RT 80","EL PORTAL DR",2112,"E","N","2008-09-30",9370,"2008-02-19",2216,"01881",,"3","5","0","1",,"2","083","-","Y","CC",4,80,"-","-",5.68,"H","-","W","Y",3,"A","-",22350,,"N","B","H","-","D","D","6","Y","A","07",2,0,1,0,0,0,0,0,0,"-","-","RICHMOND","CONTRA COSTA","CA",0,0
"3636963",-122.367453174,37.926895004,2008,"0710","1","6","3","01",0,1,"B",,,,,"Y",1800,2,"E","C","A","RT 580","CUTTING BL",35,"W","N","2008-10-02",9370,"2008-02-23",1720,"01812",,"2","5","0","1",,"2","058","C","Y","CC",4,580,"-","R",4,"R","1","E","Y",1,"A","-",23152,"A","N","B","H","-","A","A","1","Y","D","22",0,1,0,0,0,0,0,0,0,"T","-","RICHMOND","CONTRA COSTA","CA",0,0
"3636975",-122.328233183,37.952886146,2008,"0710","1","5","4","07",0,1,"A",,,,,,2100,2,"B","C","A","RT 80","SAN PABLO DAM RD",1056,"W","N","2008-12-01",9370,"2008-02-15",1830,"18316",,"2","5","0","1",,"2","082","-","Y","SOL",4,80,"-","-",4.14,"H","-","W","N",2,"A","-",21658,"A","N","A","H","-","B","D","6","Y","A","07",0,0,1,0,0,0,0,0,0,"-","-","RICHMOND","CONTRA COSTA","CA",0,0
"3637033",-122.319895208,37.972157094,2008,"0710","1","2","3","08",0,1,"C",,,,,,2400,2,"E","I","A","RT 80","EL PORTAL DR",2112,"E","N","2008-09-22",9370,"2008-02-19",2212,"01881",,"3","5","0","1",,"2","083","-","Y","CC",4,80,"-","-",5.68,"H","-","W","Y",1,"A","-",22107,,"N","B","H","-","D","D","6","Y","A","01",0,1,0,0,0,0,0,0,0,"-","-","RICHMOND","CONTRA COSTA","CA",0,0
"3641090",-122.313484686,37.904614837,2008,"0710","1","2","4","08",0,1,"A",,,,,,1500,3,"E","I","A","RT 80","CENTRAL AV",1584,"E","N","2008-11-07",9370,"2008-03-04",1200,"10521",,"1","5","0","1",,"2","082","-","Y","CC",4,80,"-","-",0.55,"H","-","W","N",1,"A","-",22107,,"N","A","H","-","A","D","6","Y","A","01",0,0,1,0,0,0,0,0,0,"-","-","RICHMOND","CONTRA COSTA","CA",0,0
"3641106",-122.322520467,37.927413236,2008,"0710","1","6","3","08",0,1,"A",,,,,,2100,3,"E","I","A","RT 80","CUTTING BL",200,"E","N","2008-11-07",9370,"2008-03-01",2010,"18318",,"2","5","0","1",,"2","082","-","Y","CC",4,80,"-","-",2.12,"H","-","W","Y",1,"A","-",22107,,"N","A","H","-","C","D","6","Y","A","01",0,1,0,0,0,0,0,0,0,"-","-","RICHMOND","CONTRA COSTA","CA",0,0
"3641185",-122.317408335,37.912847094,2008,"0710","1","5","4","08",0,1,"A",,,,"Y",,1200,2,"E","I","A","RT 80","CARLSON BL",2,"E","N","2008-10-27",9370,"2008-02-15",1115,"15141",,"1","5","0","1",,"2","008","-","Y","CC",4,80,"-","-",1.04,"H","-","E","Y",1,"A","-",22107,,"N","A","H","-","A","D","6","Y","G","25",0,0,1,0,0,0,0,0,0,"-","-","RICHMOND","CONTRA COSTA","CA",0,0
"3641189",-122.358756796,37.92275612,2008,"0710","1","2","3","08",0,2,"B",,,,"Y",,1200,2,"B","C","A","RT 580","HARBOUR",75,"E","N","2008-10-02",9370,"2008-02-19",1040,"15141",,"1","5","0","1",,"2","058","C","Y","CC",4,580,"-","R",3.59,"H","-","E","Y",2,"A","-",22107,,"N","B","H","-","A","D","1","Y","A","01",0,2,0,0,0,0,0,0,0,"-","-","RICHMOND","CONTRA COSTA","CA",0,0
"3659461",-122.324149323,37.930235023,2008,"0710","1","6","4","03",0,2,"B",,,,,,600,3,"C","C","A","RT 80","MACDONALD AV",300,"W","N","2008-10-06",9370,"2008-03-15",540,"01857",,"3","5","0","1",,"2","082","-","Y","CC",4,80,"-","-",2.53,"H","-","E","Y",2,"A","-",22350,,"N","B","H","-","C","D","6","Y","A","01",0,0,2,0,0,0,0,0,0,"-","-","RICHMOND","CONTRA COSTA","CA",0,0
"3659523",-122.343448093,37.921563743,2008,"0710","1","1","3","03",0,1,"A",,,"Y",,,1800,3,"F","I","A","RT 580","S 23RD ST",350,"E","N","2008-10-16",9370,"2008-03-24",1510,"18782",,"2","5","0","1",,"2","058","-","Y","CC",4,580,"-","R",2.73,"H","-","E","N",1,"A","-",22350,,"N","A","H","-","A","D","1","Y","C","02",0,1,0,0,0,0,0,0,1,"-","-","RICHMOND","CONTRA COSTA","CA",0,0
"3659529",-122.398757865,37.9322503,2008,"0710","1","2","4","03",0,1,"B",,,,,,900,3,"C","C","A","RT 580","WESTERN AV",400,"E","N","2008-11-12",9370,"2008-03-25",800,"01419",,"1","5","0","1",,"2","058","-","Y","CC",4,580,"-","-",5.93,"H","-","W","Y",2,"A","-",22350,,"N","A","H","-","A","D","1","Y","D","22",0,0,1,0,0,0,0,0,0,"-","-","RICHMOND","CONTRA COSTA","CA",0,0
"3667289",-122.316003173,37.983215012,2008,"0710","1","2","4","03",0,1,"A",,,,,,1800,3,"C","C","A","RT 80","RICHMOND PKY",6,"W","N","2008-11-04",9370,"2008-03-04",1630,"18317",,"2","5","0","1",,"2","083","-","Y","CC",4,80,"-","-",6.57,"R","1","E","N",2,"A","-",22350,,"N","A","H","-","A","A","6","Y","A","07",0,0,1,0,0,0,0,0,0,"T","-","RICHMOND","CONTRA COSTA","CA",0,0
"3667303",-122.324895607,37.93989698,2008,"0710","1","6","4","03",0,1,"A",,,,,,2400,3,"C","C","A","RT 80","SAN PABLO AV",500,"E","N","2008-10-22",9370,"2008-03-01",2105,"01847",,"2","5","0","1",,"2","082","-","Y","CC",4,80,"-","-",3.08,"H","-","W","N",2,"A","-",22350,,"N","A","H","-","D","D","6","Y","A","01",0,0,1,0,0,0,0,0,0,"-","-","RICHMOND","CONTRA COSTA","CA",0,0
"3667351",-122.309416375,37.89852211,2008,"0710","1","5","4","03",0,1,"A",,,,,,2100,3,"C","C","A","RT 80","CENTRAL AV",550,"W","N","2008-10-06",9370,"2008-03-07",1930,"01881",,"2","5","0","1",,"2","082","-","Y","CC",4,80,"-","-",0.12,"H","-","E","N",2,"A","-",22350,,"N","A","H","-","D","D","6","Y","A","01",0,0,1,0,0,0,0,0,0,"-","-","RICHMOND","CONTRA COSTA","CA",0,0
"3667653",-122.324460804,37.930659697,2008,"0710","1","5","4","08",0,1,"A",,,,,,300,2,"E","I","A","RT 80","MACDONALD AV",10,"W","N","2008-09-30",9370,"2008-02-29",115,"01881",,"3","5","0","1",,"2","082","-","Y","CC",4,80,"-","-",2.58,"H","-","E","Y",1,"A","-",22107,,"N","A","H","-","D","D","6","Y","A","01",0,0,1,0,0,0,0,0,0,"-","-","RICHMOND","CONTRA COSTA","CA",0,0
"3667665",0,0,2008,"0710","0","5","3","-",0,1,"A",,,,,,1500,2,"-","A","A","EAST SERVICE RD EXTEN OF CREST","DEAD END",900,"W","N","2008-09-17",710,"2008-02-29",1415,"71","EBRP","5","5","0","0",,"0","001","-","N",,0,0,,,0,,,,"Y",1,"A","-",0,,"N","A","B","G","A","D","0","Y","M","50",0,1,0,0,0,0,0,0,0,"-","-","RICHMOND","CONTRA COSTA","CA",0,0
"3670362",-122.348501146,37.9399871826,2008,"0710","0","7","4","10",0,1,"A","Y",,,,,1200,3,"G","B","B","ROOSEVELT AV","22ND ST",15,"E","N","2008-10-06",710,"2008-03-09",930,"1439","CENT","5","5","0","0",,"0","004","-","N",,0,0,,,0,,,,"N",2,"A","-",21950,"A","N","A","H","-","A","A","0","Y","A",,0,0,1,0,1,0,0,0,0,"-","-","RICHMOND","CONTRA COSTA","CA",0,0
"3670374",-122.364270028,37.9481506348,2008,"0710","0","2","4","12",0,1,"A",,,,,,2100,3,"D","C","A","7TH ST","HENSLEY ST",18,"S","N","2008-10-08",710,"2008-03-11",1810,"1477","0710","5","5","0","0",,"0","005","-","N",,0,0,,,0,,,,"Y",2,"A","-",22450,,"N","A","H","-","A","A","0","Y","-","-",0,0,1,0,0,0,0,0,0,"-","-","RICHMOND","CONTRA COSTA","CA",0,0
"3670378",-122.373537875,37.9184532166,2008,"0710","0","2","4","05",0,1,"A",,,,,,1800,3,"E","I","A","CANAL BL","WARF ST",336,"S","N","2008-10-06",710,"2008-03-11",1505,"1281",,"5","5","0","0",,"0",,"-","N",,0,0,,,0,,,,"Y",1,"A","-",21650,,"N","A","H","-","A","D","0","Y","-","-",0,0,1,0,0,0,0,0,0,"-","-","RICHMOND","CONTRA COSTA","CA",0,0
"3670521",-122.362773175,37.9403648376,2008,"0710","0","2","3","09",0,1,"A",,"Y",,,,1200,2,"D","G","A","7TH ST","RIPLEY AV",0,,"Y","2008-08-18",710,"2008-02-26",1022,"1242",,"5","5","0","0",,"0",,"-","N",,0,0,,,0,,,,"N",2,"A","-",21800,"B","F","A","H","-","A","A","0","Y","A","01",0,1,0,0,0,0,1,0,0,"-","-","RICHMOND","CONTRA COSTA","CA",0,0
"3681637",-122.356725647,37.935749054,2008,"0710","0","2","4","06",0,1,"A",,,,,,1500,4,"B","C","A","MACDONALD AV","MARINA WY",142,"W","N","2008-10-27",710,"2008-04-22",1348,"348",,"5","5","0","0",,"0",,"-","N",,0,0,,,0,,,,"N",2,"A","-",21750,,"N","A","A","-","A","A","0","Y","-","-",0,0,1,0,0,0,0,0,0,"-","-","RICHMOND","CONTRA COSTA","CA",0,0
"3686289",-122.425957941,37.93370093,2008,"0710","1","1","4","03",0,1,"A",,,,,,900,4,"-","C","A","RT 580","RICHMOND-SAN RAFAEL BRIDGE TOL",6336,"W","N","2009-01-09",9350,"2008-04-07",758,"01345",,"1","5","0","1",,"2","115","-","Y","CC",4,580,"-","-",7.33,"H","-","W","N",2,"A","-",22350,,"N","A","H","-","A","D","1","Y","A","07",0,0,1,0,0,0,0,0,0,"-","-","RICHMOND","CONTRA COSTA","CA",0,0
"3692565",-122.317414383,37.913099109,2008,"0710","1","3","3","03",0,1,"A",,,,,,1800,3,"C","C","A","RT 80","CARLSON BL",100,"E","N","2008-10-25",9370,"2008-03-26",1548,"18503",,"2","5","0","1",,"2","082","-","Y","CC",4,80,"-","-",1.05,"H","-","E","Y",2,"A","-",22350,,"N","A","H","-","A","D","6","Y","A","01",0,1,0,0,0,0,0,0,0,"-","-","RICHMOND","CONTRA COSTA","CA",0,0
"3692589",-122.317283173,37.979865012,2008,"0710","1","2","3","08",0,1,"A",,,,,,1200,3,"F","J","A","RT 80","HILLTOP DR",270,"E","N","2008-11-04",9370,"2008-03-25",1120,"15258",,"1","5","0","1",,"2","083","-","Y","CC",4,80,"-","-",6.143,"R","2","W","Y",1,"A","-",22107,,"N","A","H","-","A","D","6","Y","A","01",0,1,0,0,0,0,0,0,0,"T","-","RICHMOND","CONTRA COSTA","CA",0,0
"3697416",0,0,2008,"0710","0","3","4","03",0,1,"A",,,,,,1500,3,"F","J","A","PARK CENTRAL AV","PARK VIEW DR",596,"N","N","2008-09-30",710,"2008-03-19",1439,"1324","NORT","5","5","0","0",,"0","009","-","N",,0,0,,,0,,,,"Y",1,"A","-",22350,,"N","A","H","-","A","D","0","Y","A","01",0,0,1,0,0,0,0,0,0,"-","-","RICHMOND","CONTRA COSTA","CA",0,0
"3697428",-122.327472864,37.9403419495,2008,"0710","0","2","3","09",0,2,"A",,,,,,900,3,"D","C","A","SAN PABLO AV","CLINTON AV",25,"S","N","2008-09-30",710,"2008-03-25",820,"1485",,"5","5","0","0",,"0",,"-","N",,0,0,,,0,,,,"Y",2,"A","-",21804,"A","N","A","H","-","A","D","0","Y","-","-",0,1,1,0,0,0,0,0,0,"-","-","RICHMOND","CONTRA COSTA","CA",0,0
"3697432",-122.324858326,37.934715271,2008,"0710","0","1","3","04",0,2,"A",,,,,,1500,3,"C","C","A","SAN PABLO AV","BARRETT AV",240,"S","N","2008-09-30",710,"2008-03-24",1330,"1473",,"5","5","0","0",,"0","007","-","N",,0,0,,,0,,,,"N",3,"A","-",21703,,"N","A","H","-","A","A","0","Y","-","-",0,1,1,0,0,0,0,0,0,"-","-","RICHMOND","CONTRA COSTA","CA",0,0
"3697436",-122.35524481,37.9354095459,2008,"0710","0","2","4","05",0,1,"B",,,,,,1200,3,"B","C","A","15TH ST","MACDONALD AV",93,"S","-","2008-09-30",710,"2008-03-25",1125,"1473",,"5","5","0","0",,"0","006","-","N",,0,0,,,0,,,,"N",2,"A","-",21650,,"N","A","H","-","A","A","0","Y","-","-",0,0,1,0,0,0,0,0,0,"-","-","RICHMOND","CONTRA COSTA","CA",0,0
"3697445",-122.361793175,37.9444351196,2008,"0710","0","5","4","12",0,1,"A",,,"Y",,,900,3,"D","C","A","LUCAS AV","8TH ST",0,,"Y","2008-09-30",710,"2008-03-28",735,"1324","CENT","5","5","0","0",,"0","005","-","N",,0,0,,,0,,,,"Y",2,"A","-",22450,"A","N","A","H","-","A","A","0","Y","C","02",0,0,1,0,0,0,0,0,1,"-","-","RICHMOND","CONTRA COSTA","CA",0,0
"3697453",-122.34346317,37.921815004,2008,"0710","0","2","4","12",0,1,"A",,,,,,2100,3,"D","C","A","MARINA BAY PKY","RT 580",0,,"Y","2008-10-29",710,"2008-03-11",1930,"1281",,"5","5","0","0",,"0",,"-","Y","CC",4,580,"-","R",2.728,"R","4","W","Y",2,"A","-",21453,"A","N","A","H","-","C","A","0","Y","-","-",0,0,1,0,0,0,0,0,0,"-","W","RICHMOND","CONTRA COSTA","CA",0,0
"3697469",-122.31700364,37.9868202209,2008,"0710","0","5","4","03",0,1,"B",,,,,,900,3,"E","I","A","RICHMOND PKY","BLUME DR",53,"E","N","2008-09-30",710,"2008-03-14",637,"1276","NORT","5","5","0","0",,"0","008","C","N",,0,0,,,0,,,,"Y",1,"A","-",22350,,"N","B","H","-","B","A","0","Y","-","-",0,0,1,0,0,0,0,0,0,"-","-","RICHMOND","CONTRA COSTA","CA",0,0
"3697510",-122.306953162,37.9053153992,2008,"0710","0","4","4","09",0,1,"A",,,,,,1200,3,"D","C","A","CARLSON BL","COLUMBIA AV",0,,"Y","2008-10-02",710,"2008-03-20",1058,"1119",,"5","5","0","0",,"0",,"-","N",,0,0,,,0,,,,"Y",2,"A","-",21802,"A","N","A","H","-","A","A","0","Y","-","-",0,0,1,0,0,0,0,0,0,"-","-","RICHMOND","CONTRA COSTA","CA",0,0
"3697514",-122.368003173,37.9266815186,2008,"0710","0","1","3","08",0,1,"A","Y",,,,,600,3,"B","B","E","S 2ND ST","MAINE AV",500,"S","N","2008-10-02",710,"2008-03-24",408,"1431","SOUT","5","5","0","0",,"0","001","-","N",,0,0,,,0,,,,"N",2,"A","-",22107,,"F","A","H","-","D","D","0","Y","-",,0,1,0,0,1,0,0,0,0,"-","-","RICHMOND","CONTRA COSTA","CA",0,0
"3703902",-122.347513172,37.9421386719,2008,"0710","0","3","4","04",0,1,"A",,,,,,2100,3,"-","C","A","23RD ST","CLINTON AV",42,"S","N","2008-09-30",710,"2008-03-26",1809,"1119",,"5","5","0","0",,"0",,"-","N",,0,0,,,0,,,,"N",2,"A","-",21703,,"N","A","D","-","A","A","0","Y","A","01",0,0,1,0,0,0,0,0,0,"-","-","RICHMOND","CONTRA COSTA","CA",0,0
"3704998",-122.320289094,37.970563752,2008,"0710","1","7","4","08",0,1,"A",,,,,,1500,3,"B","C","A","RT 80","EL PORTAL DR",1056,"E","N","2008-11-14",9370,"2008-03-09",1340,"01857",,"1","5","0","1",,"2","083","-","Y","CC",4,80,"-","-",5.48,"H","-","E","Y",2,"A","-",22107,,"N","A","H","-","A","D","6","Y","A","01",0,0,1,0,0,0,0,0,0,"-","-","RICHMOND","CONTRA COSTA","CA",0,0
"3705012",-122.322893167,37.927935007,2008,"0710","1","5","3","21",0,1,"A",,"Y",,,"Y",1800,3,"-","G","A","RT 80","CUTTING BL",8,"E","N","2008-11-14",9370,"2008-03-21",1735,"18317",,"2","5","0","1",,"2","082","-","Y","CC",4,80,"-","-",2.15,"R","1","W","N",2,"A","-",22106,,"N","A","H","-","A","A","6","Y","L","04",0,1,0,0,0,0,1,0,0,"-","-","RICHMOND","CONTRA COSTA","CA",0,0
"3705672",-122.326068095,37.937301387,2008,"0710","1","1","4","03",0,1,"A",,,,,,1800,3,"C","C","A","RT 80","SAN PABLO AV",50,"W","N","2008-11-04",9370,"2008-03-31",1705,"18719",,"2","5","0","1",,"2","082","-","Y","CC",4,80,"-","-",2.95,"H","-","E","N",3,"A","-",22350,,"N","A","H","-","A","D","6","Y","D","22",0,0,1,0,0,0,0,0,0,"-","-","RICHMOND","CONTRA COSTA","CA",0,0
"3705938",-122.319803172,37.971995011,2008,"0710","1","4","4","03",0,1,"A",,,,,,1500,4,"C","C","A","RT 80","HILLTOP DR",20,"W","N","2008-11-25",9370,"2008-04-17",1320,"01871",,"1","5","0","1",,"2","083","-","Y","CC",4,80,"-","-",5.768,"R","1","E","Y",2,"A","-",22350,,"N","A","H","-","A","D","6","Y","A","01",0,0,1,0,0,0,0,0,0,"-","-","RICHMOND","CONTRA COSTA","CA",0,0
"3707457",-122.325170953,37.938954267,2008,"0710","1","5","4","04",0,2,"A",,,,,,2100,4,"C","C","A","RT 80","SAN PABLO AV",200,"E","N","2008-12-03",9370,"2008-04-18",1820,"01808",,"2","5","0","1",,"2","082","-","Y","CC",4,80,"-","-",3.03,"H","-","E","N",3,"A","-",21703,,"N","A","H","-","A","D","6","Y","E","22",0,0,2,0,0,0,0,0,0,"-","-","RICHMOND","CONTRA COSTA","CA",0,0
"3709427",-122.422509571,37.933494126,2008,"0710","1","1","4","04",0,1,"A",,,,,,900,4,"C","C","A","RT 580","TP",5280,"W","N","2008-12-04",9350,"2008-04-07",803,"13450",,"1","5","0","1",,"2","115","-","Y","CC",4,580,"-","-",7.13,"H","-","W","N",5,"A","-",21703,,"N","A","H","-","A","D","1","Y","A","01",0,0,1,0,0,0,0,0,0,"-","-","RICHMOND","CONTRA COSTA","CA",0,0
"3712425",0,0,2008,"0710","0","7","4","03",0,1,"A",,,,,,1200,3,"E","I","A","S 31TH ST","POWER POLE #110249938",3,"W","N","2008-10-07",710,"2008-03-30",937,"1461","SOUT","5","5","0","0",,"0","002","-","N",,0,0,,,0,,,,,2,"A","-",22350,,"N","A","H","-","A","A","0","Y","-","-",0,0,1,0,0,0,0,0,0,"-","-","RICHMOND","CONTRA COSTA","CA",0,0