"CASEID","POINT_X","POINT_Y","YEAR_","LOCATION","CHPTYPE","DAYWEEK","CRASHSEV","VIOLCAT","KILLED","INJURED","WEATHER1","PEDCOL","BICCOL","MCCOL","TRUCKCOL","ETOH","TIMECAT","MONTH_","CRASHTYP","INVOLVE","PED","PRIMARYRD","SECONDRD","DISTANCE","DIRECT","INTERSECT_","PROCDATE","JURIS","DATE_","TIME_","BADGE","JURIDIST","SHIFT","POP","SPECIAL","BEATTYPE","LAPDDIV","BEATCLAS","BEATNUMB","WEATHER2","STATEHW","CALTRANC","CALTRAND","STROUTE","ROUTESUF","POSTPRE","POSTMILE","LOCATYPE","RAMP","SIDEHW","TOWAWAY","PARTIES","PCF","VIOLCODE","VIOL","VIOLSUB","HITRUN","ROADSURF","RDCOND1","RDCOND2","LIGHTING","RIGHTWAY","CHPRDTYP","NOTPRIV","STFAULT","CHPFAULT","SEVINJ","OTHERINJ","COP","PEDKILL","PEDINJ","BICKILL","BICINJ","MCKILL","MCINJURE","RAMP1","RAMP2","CITY","COUNTY","STATE","X_CHP","Y_CHP"
"3712441",0,0,2008,"0710","0","2","3","12",0,2,"A",,,,,,900,3,"D","C","A","BARRETT AV","SWANNS WY",0,,"Y","2008-09-29",710,"2008-03-18",819,"1324","NORT","5","5","0","0",,"0","007","-","N",,0,0,,,0,,,,"Y",2,"A","-",21453,"A","N","A","H","-","A","A","0","Y","A","01",0,1,1,0,0,0,0,0,0,"-","-","RICHMOND","CONTRA COSTA","CA",0,0
"3712445",-122.325103168,37.935333252,2008,"0710","0","4","4","09",0,1,"A",,"Y",,,,1200,3,"D","G","A","SAN PABLO AV","BARRETT AV",0,,"Y","2008-09-29",710,"2008-03-20",1027,"348",,"5","5","0","0",,"0",,"-","N",,0,0,,,0,,,,"N",2,"A","-",21802,"A","N","A","H","-","A","A","0","Y","-","-",0,0,1,0,0,0,1,0,0,"-","-","RICHMOND","CONTRA COSTA","CA",0,0
"3712453",-122.346703171,37.9280052185,2008,"0710","0","4","3","12",0,1,"A",,"Y",,,,1800,3,"D","G","A","S 24TH","MAINE AV",0,,"Y","2008-10-07",710,"2008-03-20",1744,"348",,"5","5","0","0",,"0",,"-","N",,0,0,,,0,,,,"N",2,"A","-",22450,"A","N","A","H","-","A","A","0","Y","L","04",0,1,0,0,0,0,1,0,0,"-","-","RICHMOND","CONTRA COSTA","CA",0,0
"3712457",-122.336143169,37.9267349243,2008,"0710","0","7","4","-",0,1,"A",,,,,,2100,3,"C","C","A","S 35TH ST","BECK ST",0,,"Y","2008-09-29",710,"2008-03-09",1803,"1475",,"5","5","0","0",,"0",,"-","N",,0,0,,,0,,,,"Y",2,"A","-",0,,"N","A","H","-","A","D","0","Y","-","-",0,0,1,0,0,0,0,0,0,"-","-","RICHMOND","CONTRA COSTA","CA",0,0
"3712465",-122.37377313,37.9673156738,2008,"0710","0","5","4","05",0,1,"A",,,,,,1800,3,"E","I","A","RICHMOND PKY","PARR BL",149,"S","N","2008-09-29",710,"2008-03-14",1745,"1343",,"5","5","0","0",,"0",,"-","N",,0,0,,,0,,,,"N",1,"A","-",21650,,"N","A","B","-","A","D","0","Y","-","-",0,0,1,0,0,0,0,0,0,"-","-","RICHMOND","CONTRA COSTA","CA",0,0
"3712483",-122.32422171,37.947971344,2008,"0710","0","1","3","05",0,1,"A",,,,,,2400,4,"F","E","A","KERN ST","ESMOND AV",246,"N","N","2008-10-21",710,"2008-04-07",2211,"1478","NORT","5","5","0","0",,"0","007","-","N",,0,0,,,0,,,,"Y",2,"A","-",21650,,"M","A","H","-","C","D","0","Y","-","-",0,1,0,0,0,0,0,0,0,"-","-","RICHMOND","CONTRA COSTA","CA",0,0
"3712491",-122.349583172,37.9356842041,2008,"0710","0","3","4","03",0,1,"A",,,,,,1200,4,"C","C","A","MACDONALD AV","21ST ST",0,,"Y","2008-10-21",710,"2008-04-09",908,"1324","CENT","5","5","0","0",,"0","004","-","N",,0,0,,,0,,,,"Y",2,"A","-",22350,,"N","A","H","-","A","D","0","Y","A","01",0,0,1,0,0,0,0,0,0,"-","-","RICHMOND","CONTRA COSTA","CA",0,0
"3712492",-122.351295057,37.9384536743,2008,"0710","0","4","4","08",0,1,"A","Y",,,,,2100,4,"G","B","E","BARRETT AV","19TH ST",60,"E","N","2008-10-21",710,"2008-04-17",1830,"1215","0710","5","5","0","0",,"0","004","-","N",,0,0,,,0,,,,"Y",2,"A","-",22107,,"N","A","H","-","B","A","0","Y","-","-",0,0,1,0,1,0,0,0,0,"-","-","RICHMOND","CONTRA COSTA","CA",0,0
"3712495",-122.345363172,37.949798584,2008,"0710","0","4","4","09",0,1,"A",,,,,,1200,4,"-","C","A","24TH ST","RHEEM AV",20,"S","N","2008-10-21",710,"2008-04-10",901,"1476",,"5","5","0","0",,"0","007","-","N",,0,0,,,0,,,,"N",2,"A","-",21802,"A","N","A","D","-","A","-","0","Y","-","-",0,0,1,0,0,0,0,0,0,"-","-","RICHMOND","CONTRA COSTA","CA",0,0
"3712503",-122.360052785,37.9325294495,2008,"0710","0","6","4","12",0,2,"A",,,,,,1500,4,"D","C","A","HARBOUR WY","CHANSLOR AV",12,"N","N","2008-10-21",710,"2008-04-12",1253,"1439","CENT","5","5","0","0",,"0","006","-","N",,0,0,,,0,,,,"Y",3,"A","-",21453,"A","F","A","H","-","A","A","0","Y","A",,0,0,2,0,0,0,0,0,0,"-","-","RICHMOND","CONTRA COSTA","CA",0,0
"3712508",-122.347448812,37.9494552612,2008,"0710","0","3","4","03",0,2,"A",,,,,"Y",1800,4,"C","C","A","23RD ST","RHEEM AV",117,"S","N","2008-10-21",710,"2008-04-16",1714,"1119",,"5","5","0","0",,"0",,"-","N",,0,0,,,0,,,,"Y",3,"A","-",22350,,"F","A","H","-","A","A","0","Y","A","01",0,0,2,0,0,0,0,0,0,"-","-","RICHMOND","CONTRA COSTA","CA",0,0
"3712511",-122.347513173,37.944355011,2008,"0710","0","6","4","10",0,1,"A",,"Y",,,"Y",2400,4,"G","G","A","23RD ST","GAYNOR AV",0,,"Y","2008-10-21",710,"2008-04-12",2130,"1459","NORT","5","5","0","0",,"0","007","-","N",,0,0,,,0,,,,"N",2,"A","-",21950,"A","F","A","B","-","C","D","0","Y","-","-",0,0,1,0,0,0,1,0,0,"-","-","RICHMOND","CONTRA COSTA","CA",0,0
"3712512",-122.331613028,37.977432251,2008,"0710","0","1","4","18",0,1,"A",,,,,,1500,4,"E","I","A","HILLTOP RD","SHANE DR",1000,"W","N","2008-10-21",710,"2008-04-21",1344,"1242",,"5","5","0","0",,"0",,"-","N",,0,0,,,0,,,,"Y",1,"C","-",0,,"N","A","H","-","A","D","0","Y","-","-",0,0,1,0,0,0,0,0,0,"-","-","RICHMOND","CONTRA COSTA","CA",0,0
"3712516",-122.365293179,37.9742164612,2008,"0710","0","5","2","00",0,1,"A",,,,,"Y",300,4,"B","I","A","RICHMOND PKY","GOODRICK AV",0,,"Y","2008-10-24",710,"2008-04-25",245,"1434","NORT","5","5","0","0",,"0","008","-","N",,0,0,,,0,,,,"Y",1,"A","-",23103,"A","N","A","H","-","C","A","0","Y","A",,1,0,0,0,0,0,0,0,0,"-","-","RICHMOND","CONTRA COSTA","CA",0,0
"3712519",-122.328163167,37.9177246094,2008,"0710","0","1","4","12",0,4,"A",,,,,"Y",1500,4,"D","C","A","CARLSON BL","S 47TH ST",0,,"Y","2008-10-21",710,"2008-04-14",1208,"348",,"5","5","0","0",,"0",,"-","N",,0,0,,,0,,,,"N",2,"A","-",21453,"A","N","A","H","-","A","A","0","Y","-","-",0,0,4,0,0,0,0,0,0,"-","-","RICHMOND","CONTRA COSTA","CA",0,0
"3712523",-122.348114154,37.935749054,2008,"0710","0","7","4","03",0,4,"A",,,,,,1500,4,"C","C","A","MACDONALD AV","22ND ST",141,"E","N","2008-10-21",710,"2008-04-13",1312,"1119",,"5","5","0","0",,"0",,"-","N",,0,0,,,0,,,,"N",2,"A","-",22350,,"N","A","H","-","A","A","0","Y","-","-",0,0,4,0,0,0,0,0,0,"-","-","RICHMOND","CONTRA COSTA","CA",0,0
"3712527",0,0,2008,"0710","0","1","3","08",0,1,"-",,"Y",,,,1200,4,"D","G","A","13TH ST","ESMOND AV",90,"S","N","2008-10-21",710,"2008-04-14",935,"1242",,"5","5","0","0",,"0",,"-","N",,0,0,,,0,,,,"N",2,"A","-",22107,,"N","A","H","-","A","D","0","Y","L","04",0,1,0,0,0,0,1,0,0,"-","-","RICHMOND","CONTRA COSTA","CA",0,0
"3712531",-122.356183173,37.9383544922,2008,"0710","0","5","3","-",0,2,"B",,,,,,2400,4,"D","C","A","BARRETT AV","MARINA WY",0,,"Y","2008-10-21",710,"2008-04-04",2256,"1415","CENT","5","5","0","0",,"0","006","-","N",,0,0,,,0,,,,"Y",2,"-","-",0,,"N","A","H","-","C","A","0","Y","-","-",0,1,1,0,0,0,0,0,0,"-","-","RICHMOND","CONTRA COSTA","CA",0,0
"3712534",-122.328403287,37.9423027039,2008,"0710","0","3","4","04",0,1,"B",,,,,,1800,4,"C","C","A","SAN PABLO AV","SOLANO AV",105,"N","N","2008-10-17",710,"2008-04-02",1730,"1119",,"5","5","0","0",,"0",,"-","N",,0,0,,,0,,,,"N",3,"A","-",21703,,"N","A","H","-","A","A","0","Y","A","07",0,0,1,0,0,0,0,0,0,"-","-","RICHMOND","CONTRA COSTA","CA",0,0
"3712542",-122.352112257,37.9480400085,2008,"0710","0","4","4","12",0,2,"A",,,,,,1200,4,"B","C","A","18TH ST","HELLINGS AV",24,"S","N","2008-10-17",710,"2008-04-03",900,"1477",,"5","5","0","0",,"0","004","-","N",,0,0,,,0,,,,"Y",2,"A","-",22450,,"N","A","H","-","A","A","0","Y","-","-",0,0,2,0,0,0,0,0,0,"-","-","RICHMOND","CONTRA COSTA","CA",0,0
"3712550",-122.360083173,37.9294433594,2008,"0710","0","5","4","04",0,1,"A",,,,,,900,4,"C","C","A","HARBOR WY S","FLORIDA AV",0,,"Y","2008-10-17",710,"2008-04-04",830,"1224",,"5","5","0","0",,"0","002","-","N",,0,0,,,0,,,,"Y",2,"A","-",21703,,"N","A","H","-","A","D","0","Y","M",,0,0,1,0,0,0,0,0,0,"-","-","RICHMOND","CONTRA COSTA","CA",0,0
"3712554",-122.334603172,37.9485664368,2008,"0710","0","6","3","09",0,2,"A",,,,,,1500,4,"B","C","A","34TH ST","HUMPHREY AV",15,"N","N","2008-10-17",710,"2008-04-05",1300,"1439",,"5","5","0","0",,"0","007","-","N",,0,0,,,0,,,,"N",2,"A","-",21800,"A","N","A","H","-","A","D","0","Y","-","-",0,1,1,0,0,0,0,0,0,"-","-","RICHMOND","CONTRA COSTA","CA",0,0
"3712555",-122.356183173,37.9383544922,2008,"0710","0","7","4","08",0,1,"A",,,,,,600,4,"A","I","A","MARINA WY","BARRETT AV",0,,"Y","2008-10-21",710,"2008-04-20",322,"1415","CENT","5","5","0","0",,"0","006","-","N",,0,0,,,0,,,,"Y",1,"A","-",22100,"B","N","A","H","-","C","A","0","Y","-","-",0,0,1,0,0,0,0,0,0,"-","-","RICHMOND","CONTRA COSTA","CA",0,0
"3712558",-122.360063173,37.9308433533,2008,"0710","0","3","3","12",0,2,"A",,,,,,1200,4,"D","C","A","HARBOR WY S","OHIO ST",0,,"Y","2008-10-17",710,"2008-04-09",1003,"348",,"5","5","0","0",,"0",,"-","N",,0,0,,,0,,,,"Y",3,"A","-",21453,"A","N","A","H","-","A","A","0","Y","-","-",0,1,1,0,0,0,0,0,0,"-","-","RICHMOND","CONTRA COSTA","CA",0,0
"3712559",-122.325123514,37.9790916443,2008,"0710","0","5","2","-",0,4,"A",,,,"Y",,2400,4,"A","C","A","HILLTOP MALL RD","GARRITY WY",61,"N","N","2008-10-21",710,"2008-04-18",2107,"1434","NORT","5","5","0","0",,"0","008","-","N",,0,0,,,0,,,,"Y",2,"A","-",0,,"N","A","H","-","C","A","0","Y","F",,2,1,1,0,0,0,0,0,0,"-","-","RICHMOND","CONTRA COSTA","CA",0,0
"3714337",-122.329134782,37.9438209534,2008,"0710","0","5","4","18",0,1,"A",,,,,,900,3,"C","C","A","SAN PABLO AV","GARVIN AV",26,"N","N","2008-10-17",710,"2008-03-28",805,"S985",,"5","5","0","0",,"0","007","-","N",,0,0,,,0,,,,"Y",2,"C","-",0,,"N","A","H","-","A","A","0","Y","-","-",0,0,1,0,0,0,0,0,0,"-","-","RICHMOND","CONTRA COSTA","CA",0,0
"3719122",-122.356183173,37.9383544922,2008,"0710","0","7","2","01",0,4,"A",,,,,"Y",600,1,"E","I","A","BARRETT AV","MARINA WY",0,,"Y","2008-07-24",710,"2008-01-20",436,"1242",,"5","5","0","0",,"0",,"-","N",,0,0,,,0,,,,"Y",1,"A","-",23152,"A","N","A","H","-","C","A","0","Y","A","01",2,2,0,0,0,0,0,0,0,"-","-","RICHMOND","CONTRA COSTA","CA",0,0
"3726260",-122.323780897,37.929763972,2008,"0710","1","7","3","01",0,3,"A",,,,,,1500,4,"C","C","A","RT 80","MACDONALD AV",1056,"W","N","2008-12-16",9370,"2008-04-27",1445,"01831",,"2","5","0","1",,"2","082","-","Y","CC",4,80,"-","-",2.42,"H","-","E","Y",3,"A","-",23152,"A","N","A","H","-","A","D","6","Y","A","08",0,3,0,0,0,0,0,0,0,"-","-","RICHMOND","CONTRA COSTA","CA",0,0
"3727036",-122.317556368,37.912835629,2008,"0710","1","3","4","03",0,3,"A",,,,,,1200,5,"C","C","A","RT 80","CARLSON BL",500,"E","N","2009-01-13",9370,"2008-05-07",905,"18570",,"1","5","0","1",,"2","082","-","Y","CC",4,80,"-","-",1.12,"H","-","W","N",3,"A","-",22350,,"N","A","H","-","A","D","6","Y","D","22",0,0,3,0,0,0,0,0,0,"-","-","RICHMOND","CONTRA COSTA","CA",0,0
"3727144",-122.328233183,37.952886146,2008,"0710","1","2","3","03",0,1,"A",,,,,,900,4,"C","C","A","RT 80","SAN PABLO DAM RD",1056,"W","N","2008-12-16",9370,"2008-04-29",615,"01881",,"1","5","0","1",,"2","082","-","Y","CC",4,80,"-","-",4.14,"H","-","W","Y",2,"A","-",22350,,"N","A","H","-","A","D","6","Y","A","01",0,1,0,0,0,0,0,0,0,"-","-","RICHMOND","CONTRA COSTA","CA",0,0
"3727172",-122.330098197,37.956130572,2008,"0710","1","3","3","03",0,1,"B",,,"Y",,,900,4,"F","A","A","RT 80","SAN PABLO DAM RD",15,"W","N","2008-12-16",9370,"2008-04-23",804,"01066",,"1","5","0","1",,"2","004","-","Y","CC",4,80,"-","-",4.33,"H","-","W","Y",1,"A","-",22350,,"N","A","H","-","A","D","6","Y","C","02",0,1,0,0,0,0,0,0,1,"-","-","RICHMOND","CONTRA COSTA","CA",0,0
"3727548",-122.327400399,37.9254722595,2008,"0710","0","6","4","05",0,1,"A",,,,,,1200,4,"B","-","A","CUTTING BL","S 45TH ST",54,"W","-","2008-11-07",710,"2008-04-05",1143,"1425",,"5","5","0","0",,"0","003","-","N",,0,0,,,0,,,,"N",1,"A","-",21650,,"N","A","-","-","A","A","0","Y","-","-",0,0,1,0,0,0,0,0,0,"-","-","RICHMOND","CONTRA COSTA","CA",0,0
"3731735",-122.398592874,37.932292586,2008,"0710","1","2","4","03",0,1,"A",,,,,,900,3,"C","C","A","RT 580","WESTERN DR",500,"E","N","2008-10-29",9370,"2008-03-18",728,"14200",,"1","5","0","1",,"2","058","-","Y","CC",4,580,"-","-",5.92,"H","-","W","N",2,"A","-",22350,,"N","A","H","-","A","D","1","Y","A","01",0,0,1,0,0,0,0,0,0,"-","-","RICHMOND","CONTRA COSTA","CA",0,0
"3734624",-122.405784816,37.932545347,2008,"0710","1","3","4","03",0,1,"A",,,,,,1200,5,"C","C","A","RT 580","RICHMOND-SAN RAFAEL BR TLPLZ",180,"W","N","2008-12-23",9350,"2008-05-07",1005,"01345",,"1","5","0","1",,"2","115","-","Y","CC",4,580,"-","-",6.16,"H","-","W","N",2,"A","-",22350,,"N","A","H","-","A","A","1","Y","A","01",0,0,1,0,0,0,0,0,0,"-","-","RICHMOND","CONTRA COSTA","CA",0,0
"3744171",-122.352103174,37.9459838867,2008,"0710","0","5","2","12",0,4,"A",,,,,,2400,5,"D","C","A","18TH ST","LINCOLN AV",0,,"Y","2008-12-05",710,"2008-05-16",2230,"1469","CENT","5","5","0","0",,"0","004","-","N",,0,0,,,0,,,,"Y",2,"A","-",22450,,"N","A","H","-","C","A","0","Y","-","-",2,2,0,0,0,0,0,0,0,"-","-","RICHMOND","CONTRA COSTA","CA",0,0
"3744183",-122.309733489,37.9008216858,2008,"0710","0","1","4","08",0,1,"B",,,"Y",,,1200,5,"D","C","A","PIERCE ST","CENTRAL AV",104,"S","N","2008-12-05",710,"2008-05-05",1000,"1119",,"5","5","0","0",,"0",,"-","N",,0,0,,,0,,,,"Y",2,"A","-",22107,,"N","A","H","-","A","D","0","Y","A","08",0,0,1,0,0,0,0,0,1,"-","-","RICHMOND","CONTRA COSTA","CA",0,0
"3744274",-122.347443173,37.9497756958,2008,"0710","0","3","4","09",0,2,"A",,,,,,1500,4,"A","C","A","23RD ST","RHEEM AV",0,,"Y","2008-11-06",710,"2008-04-23",1409,"348",,"5","5","0","0",,"0",,"-","N",,0,0,,,0,,,,"Y",2,"A","-",21801,"A","N","A","H","-","A","A","0","Y","-","-",0,0,2,0,0,0,0,0,0,"-","-","RICHMOND","CONTRA COSTA","CA",0,0
"3744282",-122.352193171,37.9266242981,2008,"0710","0","2","4","09",0,1,"B",,,,,,1200,4,"D","C","A","S 18TH ST","VIRGINIA AV",0,,"Y","2008-11-06",710,"2008-04-22",914,"1119",,"5","5","0","0",,"0",,"-","N",,0,0,,,0,,,,"Y",2,"A","-",21803,"A","N","A","H","-","A","A","0","Y","A","01",0,0,1,0,0,0,0,0,0,"-","-","RICHMOND","CONTRA COSTA","CA",0,0
"3744290",-122.345783172,37.9382362366,2008,"0710","0","3","4","09",0,1,"A",,,"Y",,,1200,4,"D","C","A","BARRETT AV","24TH ST",0,,"Y","2008-11-06",710,"2008-04-30",941,"1324","NORT","5","5","0","0",,"0","007","-","N",,0,0,,,0,,,,"Y",2,"A","-",21802,"A","N","A","H","-","A","A","0","Y","A","01",0,0,1,0,0,0,0,0,1,"-","-","RICHMOND","CONTRA COSTA","CA",0,0
"3744294",-122.330460934,37.946598053,2008,"0710","0","7","4","04",0,4,"A",,,,,,1500,4,"C","C","A","SAN PABLO AV","MCBRYDE AV",255,"S","N","2008-11-06",710,"2008-04-27",1446,"1119",,"5","5","0","0",,"0",,"-","N",,0,0,,,0,,,,"Y",2,"A","-",21703,,"N","A","H","-","A","A","0","Y","A","08",0,0,4,0,0,0,0,0,0,"-","-","RICHMOND","CONTRA COSTA","CA",0,0
"3744298",-122.337313318,37.9252891541,2008,"0710","0","5","3","06",0,1,"A",,"Y",,,,1800,4,"H","G","A","CUTTING BL","STEGE AV",81,"W","N","2008-11-06",710,"2008-04-25",1530,"1281",,"5","5","0","0",,"0",,"-","N",,0,0,,,0,,,,"N",2,"A","-",21750,,"N","A","H","-","A","D","0","Y","-","-",0,1,0,0,0,0,1,0,0,"-","-","RICHMOND","CONTRA COSTA","CA",0,0
"3744306",-122.325069981,37.9351463318,2008,"0710","0","1","4","04",0,2,"A",,,,,,1500,4,"C","C","A","SAN PABLO AV","BARRETT AV",71,"S","N","2008-11-07",710,"2008-04-28",1456,"348",,"5","5","0","0",,"0",,"-","N",,0,0,,,0,,,,"Y",2,"A","-",21703,,"N","A","H","-","A","A","0","Y","-","-",0,0,2,0,0,0,0,0,0,"-","-","RICHMOND","CONTRA COSTA","CA",0,0
"3744310",-122.332523168,37.9253540039,2008,"0710","0","6","4","01",0,3,"A",,,,,"Y",1800,4,"D","C","A","CUTTING BL","39TH ST",0,,"Y","2008-11-07",710,"2008-04-26",1619,"1119",,"5","5","0","0",,"0",,"-","N",,0,0,,,0,,,,"Y",2,"A","-",23153,"A","N","A","H","-","A","D","0","Y","A","01",0,0,3,0,0,0,0,0,0,"-","-","RICHMOND","CONTRA COSTA","CA",0,0
"3744314",-122.360103172,37.9252433777,2008,"0710","0","2","4","12",0,2,"A",,,,,,2400,4,"D","C","A","HARBOR WY","CUTTING BL",0,,"Y","2008-11-07",710,"2008-04-15",2230,"1416","0710","5","5","0","0",,"0","002","-","N",,0,0,,,0,,,,"Y",2,"A","-",21453,"A","N","A","H","-","C","A","0","Y","-",,0,0,2,0,0,0,0,0,0,"-","-","RICHMOND","CONTRA COSTA","CA",0,0
"3744345",-122.347493173,37.9459838867,2008,"0710","0","7","4","08",0,1,"A",,,,,,2400,5,"B","C","A","23RD ST","LINCOLN AV",0,,"Y","2008-11-14",710,"2008-05-11",2221,"1431","NORT","5","5","0","0",,"0","007","-","N",,0,0,,,0,,,,"N",2,"A","-",22107,,"N","A","H","-","C","A","0","Y","A",,0,0,1,0,0,0,0,0,0,"-","-","RICHMOND","CONTRA COSTA","CA",0,0
"3744357",-122.356183173,37.9383544922,2008,"0710","0","3","4","12",0,1,"A",,,,,,1500,5,"D","C","A","BARRETT AV","MARINA AV",0,,"Y","2008-11-14",710,"2008-05-14",1415,"348",,"5","5","0","0",,"0",,"-","N",,0,0,,,0,,,,"Y",2,"A","-",21453,"A","F","A","H","-","A","A","0","Y","-","-",0,0,1,0,0,0,0,0,0,"-","-","RICHMOND","CONTRA COSTA","CA",0,0
"3744361",-122.329128703,37.9438095093,2008,"0710","0","4","4","11",0,1,"A","Y",,,,,1800,5,"G","B","D","SAN PABLO AV","GARVIN AV",21,"N","N","2008-11-14",710,"2008-05-08",1513,"1281",,"5","5","0","0",,"0",,"-","N",,0,0,,,0,,,,"N",2,"A","-",21954,"A","N","A","H","-","-","A","0","Y","N","60",0,0,1,0,1,0,0,0,0,"-","-","RICHMOND","CONTRA COSTA","CA",0,0
"3744365",-122.327852288,37.9482841492,2008,"0710","0","2","3","11",0,1,"A","Y",,,,,2400,5,"G","B","E","VENTURA ST","MCBRYDE AV",50,"N","N","2008-11-14",710,"2008-05-13",2150,"1281",,"5","5","0","0",,"0",,"-","N",,0,0,,,0,,,,"N",2,"A","-",21954,"A","F","A","H","-","D","D","0","Y","N","60",0,1,0,0,1,0,0,0,0,"-","-","RICHMOND","CONTRA COSTA","CA",0,0
"3744369",-122.361863174,37.9383544922,2008,"0710","0","1","4","09",0,1,"A",,"Y",,,,1200,5,"D","G","A","BARRETT AV","8TH ST",0,,"Y","2008-11-14",710,"2008-05-12",923,"1242",,"5","5","0","0",,"0",,"-","N",,0,0,,,0,,,,"N",2,"A","-",21802,"B","F","A","H","-","-","A","0","Y","A","01",0,0,1,0,0,0,1,0,0,"-","-","RICHMOND","CONTRA COSTA","CA",0,0
"3744373",0,0,2008,"0710","0","2","4","01",0,1,"A",,,,,"Y",2400,5,"C","C","A","MARINA BAY PKWY","CUTTING BL",0,,"Y","2008-11-14",710,"2008-05-06",2154,"1416","0710","5","5","0","0",,"0","002","-","N",,0,0,,,0,,,,"N",2,"A","-",23152,"A","M","A","H","-","C","A","0","Y","A",,0,0,1,0,0,0,0,0,0,"-","-","RICHMOND","CONTRA COSTA","CA",0,0
"3745026",-122.356183173,37.9383544922,2008,"0710","0","5","4","12",0,1,"A",,,,,,2100,4,"D","C","A","BARRETT AV","MARINA WY",0,,"Y","2008-11-07",710,"2008-04-25",1940,"1421","CENT","5","5","0","0",,"0","006","-","N",,0,0,,,0,,,,"Y",2,"A","-",21453,"A","N","A","H","-","B","A","0","Y","-","-",0,0,1,0,0,0,0,0,0,"-","-","RICHMOND","CONTRA COSTA","CA",0,0
"3754836",-122.324075732,37.941734445,2008,"0710","1","5","4","07",0,1,"A",,,,"Y",,1500,4,"B","C","A","RT 80","SOLANO AV",528,"W","N","2008-12-05",9370,"2008-04-25",1420,"18317",,"2","5","0","1",,"2","082","-","Y","CC",4,80,"-","-",3.31,"H","-","W","N",2,"A","-",21658,"A","N","A","H","-","A","D","6","Y","G","25",0,0,1,0,0,0,0,0,0,"-","-","RICHMOND","CONTRA COSTA","CA",0,0
"3769776",-122.321648035,37.926197848,2008,"0710","1","1","3","08",0,3,"B",,,,,,1200,5,"E","I","A","RT 80","CUTTING BL",45,"E","N","2009-01-09",9370,"2008-05-26",1012,"01514",,"1","5","0","1",,"2","082","-","Y","CC",4,80,"-","-",2.05,"H","-","W","Y",3,"A","-",22107,,"N","A","H","-","A","D","6","Y","A","01",0,2,1,0,0,0,0,0,0,"-","-","RICHMOND","CONTRA COSTA","CA",0,0
"3779406",-122.334661401,37.9364547729,2008,"0710","0","7","4","05",0,1,"A",,"Y",,,,1500,6,"A","G","A","36TH ST","BARRETT AV",78,"S","N","2008-12-26",710,"2008-06-08",1344,"1439","NORT","5","5","0","0",,"0","007","-","N",,0,0,,,0,,,,"N",2,"A","-",21650,"1","N","A","H","-","A","A","0","Y","L",,0,0,1,0,0,0,1,0,0,"-","-","RICHMOND","CONTRA COSTA","CA",0,0
"3779410",-122.34754249,37.9384613037,2008,"0710","0","6","4","-",0,1,"A",,"Y",,,,900,6,"G","G","A","BARRETT AV","23RD ST",6,"E","N","2009-01-05",710,"2008-06-07",754,"1439","NORT","5","5","0","0",,"0","007","-","N",,0,0,,,0,,,,"N",2,"A","-",0,,"N","A","H","-","A","A","0","Y","-","-",0,0,1,0,0,0,1,0,0,"-","-","RICHMOND","CONTRA COSTA","CA",0,0
"3779414",-122.317283173,37.979865012,2008,"0710","0","7","3","03",0,1,"A",,,,,,1200,6,"D","C","A","HILLTOP DR","RT 80",0,,"Y","2009-01-17",710,"2008-06-08",1149,"1384","NORT","5","5","0","0",,"0","008","-","Y","CC",4,80,"-","-",6.143,"R","4","W","Y",2,"A","-",22350,,"F","A","H","-","A","A","0","Y","-","-",0,1,0,0,0,0,0,0,0,"-","-","RICHMOND","CONTRA COSTA","CA",0,0
"3779422",-122.361853174,37.9356651306,2008,"0710","0","5","4","12",0,1,"A",,"Y",,,,1500,6,"D","G","A","MACDONALD AV","8TH ST",0,,"Y","2008-12-26",710,"2008-06-06",1230,"1485",,"5","5","0","0",,"0",,"-","N",,0,0,,,0,,,,"N",2,"A","-",21453,"A","N","A","H","-","A","A","0","Y","-","-",0,0,1,0,0,0,1,0,0,"-","-","RICHMOND","CONTRA COSTA","CA",0,0
"3779604",-122.331283599,37.9787216187,2008,"0710","0","5","4","09",0,1,"B",,,,,,1800,5,"D","C","A","HILLTOP MALL RD","ROBERT MILLER DR",225,"E","N","2008-11-18",710,"2008-05-23",1557,"1281",,"5","5","0","0",,"0",,"-","N",,0,0,,,0,,,,"N",2,"A","-",21804,"A","N","A","H","-","A","D","0","Y","-","-",0,0,1,0,0,0,0,0,0,"-","-","RICHMOND","CONTRA COSTA","CA",0,0
"3779608",0,0,2008,"0710","0","7","4","09",0,2,"A",,,,,,1200,5,"D","C","A","LIVINGSTON LN","17TH ST",0,,"Y","2008-11-18",710,"2008-05-25",1104,"1119",,"5","5","0","0",,"0",,"-","N",,0,0,,,0,,,,"Y",2,"A","-",21801,"A","N","A","H","-","A","D","0","Y","A","01",0,0,2,0,0,0,0,0,0,"-","-","RICHMOND","CONTRA COSTA","CA",0,0
"3779612",-122.326303169,37.9426765442,2008,"0710","0","1","4","09",0,1,"A",,,,,,1500,5,"D","C","A","SOLANO AV","LASSEN ST",0,,"Y","2008-11-18",710,"2008-05-26",1444,"1119",,"5","5","0","0",,"0",,"-","N",,0,0,,,0,,,,"Y",2,"A","-",21802,"A","N","A","H","-","A","A","0","Y","A","01",0,0,1,0,0,0,0,0,0,"-","-","RICHMOND","CONTRA COSTA","CA",0,0