"CASEID","POINT_X","POINT_Y","YEAR_","LOCATION","CHPTYPE","DAYWEEK","CRASHSEV","VIOLCAT","KILLED","INJURED","WEATHER1","PEDCOL","BICCOL","MCCOL","TRUCKCOL","ETOH","TIMECAT","MONTH_","CRASHTYP","INVOLVE","PED","PRIMARYRD","SECONDRD","DISTANCE","DIRECT","INTERSECT_","PROCDATE","JURIS","DATE_","TIME_","BADGE","JURIDIST","SHIFT","POP","SPECIAL","BEATTYPE","LAPDDIV","BEATCLAS","BEATNUMB","WEATHER2","STATEHW","CALTRANC","CALTRAND","STROUTE","ROUTESUF","POSTPRE","POSTMILE","LOCATYPE","RAMP","SIDEHW","TOWAWAY","PARTIES","PCF","VIOLCODE","VIOL","VIOLSUB","HITRUN","ROADSURF","RDCOND1","RDCOND2","LIGHTING","RIGHTWAY","CHPRDTYP","NOTPRIV","STFAULT","CHPFAULT","SEVINJ","OTHERINJ","COP","PEDKILL","PEDINJ","BICKILL","BICINJ","MCKILL","MCINJURE","RAMP1","RAMP2","CITY","COUNTY","STATE","X_CHP","Y_CHP"
"3779620",-122.34289317,37.9252433777,2008,"0710","0","5","4","05",0,1,"A",,"Y",,,,1500,5,"B","G","A","CUTTING BL","28TH ST",0,,"Y","2008-11-18",710,"2008-05-30",1326,"1324",,"5","5","0","0",,"0","002","-","N",,0,0,,,0,,,,"N",2,"A","-",21202,"A","F","A","H","-","A","D","0","Y","L","04",0,0,1,0,0,0,1,0,0,"-","-","RICHMOND","CONTRA COSTA","CA",0,0
"3779628",0,0,2008,"0710","0","5","3","03",0,3,"A",,,,,,1800,5,"C","C","A","MARINA BAY PKY","FOOTHILL AV",0,,"Y","2008-11-18",710,"2008-05-30",1711,"1281",,"5","5","0","0",,"0",,"-","N",,0,0,,,0,,,,"Y",2,"A","-",22350,,"N","A","H","-","A","A","0","Y","-","-",0,1,2,0,0,0,0,0,0,"-","-","RICHMOND","CONTRA COSTA","CA",0,0
"3779632",-122.37148804,37.9357261658,2008,"0710","0","4","3","08",0,1,"A",,,"Y",,,1800,5,"D","C","A","MACDONALD AV","CURRY ST",36,"W","N","2008-11-18",710,"2008-05-29",1701,"1281",,"5","5","0","0",,"0",,"-","N",,0,0,,,0,,,,"N",2,"A","-",22107,,"N","A","H","-","A","D","0","Y","A","01",0,1,0,0,0,0,0,0,1,"-","-","RICHMOND","CONTRA COSTA","CA",0,0
"3779636",-122.360113172,37.9225654602,2008,"0710","0","4","4","12",0,2,"A",,,,,,1800,5,"D","D","A","HARBOR WY","HOFFMAN BL",0,,"Y","2008-11-18",710,"2008-05-15",1520,"1478",,"5","5","0","0",,"0","002","-","N",,0,0,,,0,,,,"Y",2,"A","-",21453,"A","N","A","H","-","A","A","0","Y","-","-",0,0,2,0,0,0,0,0,0,"-","-","RICHMOND","CONTRA COSTA","CA",0,0
"3779640",-122.377212787,37.9252815247,2008,"0710","0","3","2","05",0,1,"A",,,,,,2100,5,"C","E","A","CUTTING BL","CANAL BL",300,"E","N","2008-11-18",710,"2008-05-07",1843,"1281",,"5","5","0","0",,"0",,"-","N",,0,0,,,0,,,,,3,"A","-",21650,,"N","A","H","-","A","D","0","Y","-","-",1,0,0,0,0,0,0,0,0,"-","-","RICHMOND","CONTRA COSTA","CA",0,0
"3779667",-122.360939931,37.9533576965,2008,"0710","0","6","4","-",0,1,"A",,"Y",,,,2100,5,"G","B","A","ALAMO DR","ALAMO DR 870",0,,"N","2008-11-18",710,"2008-05-24",1913,"1385","NORT","5","5","0","0",,"0","005","-","N",,0,0,,,0,,,,"N",2,"-","-",0,,"N","A","H","-","A","D","0","Y","-","-",0,0,1,0,0,0,1,0,0,"-","-","RICHMOND","CONTRA COSTA","CA",0,0
"3779675",-122.343587369,37.9252357483,2008,"0710","0","6","4","01",0,1,"B",,,,,"Y",300,5,"C","E","A","CUTTING BL","S 27TH ST",68,"E","N","2008-11-18",710,"2008-05-24",217,"08-47",,"5","5","0","0",,"0","002","C","N",,0,0,,,0,,,,"Y",3,"A","-",23153,,"N","B","H","-","C","D","0","Y","A","01",0,0,1,0,0,0,0,0,0,"-","-","RICHMOND","CONTRA COSTA","CA",0,0
"3779681",-122.251246622,37.9640464783,2008,"0710","0","7","4","12",0,2,"A",,,,,,2400,6,"B","D","A","CASTRO RANCH RD","WOODVIEW DR",1,"W","N","2008-12-31",710,"2008-06-01",2108,"1454","NORT","5","5","0","0",,"0","009","-","N",,0,0,,,0,,,,"Y",2,"A","-",22450,"A","F","A","H","-","C","D","0","Y","-","-",0,0,2,0,0,0,0,0,0,"-","-","RICHMOND","CONTRA COSTA","CA",0,0
"3779685",-122.347443173,37.9497756958,2008,"0710","0","5","3","09",0,2,"A",,,,,,1500,6,"D","C","A","23RD ST","RHEEM AV",0,,"Y","2008-12-31",710,"2008-06-06",1203,"1119",,"5","5","0","0",,"0",,"-","N",,0,0,,,0,,,,"Y",2,"A","-",21801,"A","N","A","H","-","A","A","0","Y","D","22",0,1,1,0,0,0,0,0,0,"-","-","RICHMOND","CONTRA COSTA","CA",0,0
"3779689",-122.329353169,37.93592453,2008,"0710","0","5","4","09",0,1,"A",,,,,,900,6,"D","C","A","BARRETT AV","42ND ST",0,,"Y","2009-01-05",710,"2008-06-06",856,"1324","NORT","5","5","0","0",,"0","007","-","N",,0,0,,,0,,,,"Y",2,"A","-",21801,"A","N","A","H","-","A","D","0","Y","A","01",0,0,1,0,0,0,0,0,0,"-","-","RICHMOND","CONTRA COSTA","CA",0,0
"3779693",-122.33367317,37.9365348816,2008,"0710","0","5","4","12",0,1,"A",,,,,,1200,6,"D","C","A","BARRETT AV","37TH ST",0,,"Y","2008-12-31",710,"2008-06-06",1037,"1324","NORT","5","5","0","0",,"0","007","-","N",,0,0,,,0,,,,"Y",2,"A","-",21453,"A","N","A","H","-","A","A","0","Y","A","01",0,0,1,0,0,0,0,0,0,"-","-","RICHMOND","CONTRA COSTA","CA",0,0
"3779697",-122.339216993,37.9436454773,2008,"0710","0","3","4","05",0,1,"A",,,,,,900,6,"A","C","A","GARVIN AV","29TH ST",102,"W","N","2008-12-31",710,"2008-06-04",814,"1324","NORT","5","5","0","0",,"0","007","-","N",,0,0,,,0,,,,"Y",2,"A","-",21650,,"N","A","H","-","A","D","0","Y","A","01",0,0,1,0,0,0,0,0,0,"-","-","RICHMOND","CONTRA COSTA","CA",0,0
"3781103",-122.334699393,37.920757847,2008,"0710","1","2","4","08",0,2,"A",,,,,,2100,5,"E","I","A","RT 580","REGATTA BL",547,"W","N","2009-01-06",9370,"2008-05-06",1940,"18317",,"2","5","0","1",,"2","058","-","Y","CC",4,580,"-","R",2.19,"H","-","E","Y",1,"A","-",22107,,"N","A","H","-","A","D","1","Y","A","01",0,0,2,0,0,0,0,0,0,"T","-","RICHMOND","CONTRA COSTA","CA",0,0
"3781316",-122.325123166,37.913695005,2008,"0710","1","5","2","08",0,1,"A",,,,,,1200,5,"F","A","A","RT 580","REGATTA BL",1056,"E","N","2009-01-05",9370,"2008-05-16",922,"01833",,"1","5","0","1",,"2","058","-","Y","CC",4,580,"-","R",1.89,"H","-","W","Y",1,"A","-",22107,,"N","A","H","-","A","D","1","Y","A","01",1,0,0,0,0,0,0,0,0,"-","-","RICHMOND","CONTRA COSTA","CA",0,0
"3781332",-122.313525061,37.904676572,2008,"0710","1","7","4","01",0,1,"A",,,,,"Y",1800,5,"B","C","A","RT 80","SACRAMENTO PED O/C",300,"E","N","2009-01-09",9370,"2008-05-11",1625,"01881",,"2","5","0","1",,"2","082","-","Y","CC",4,80,"-","-",0.56,"H","-","W","Y",2,"A","-",23152,"A","N","A","H","-","A","D","6","Y","A","07",0,0,1,0,0,0,0,0,0,"-","-","RICHMOND","CONTRA COSTA","CA",0,0
"3781588",-122.405093228,37.932551579,2008,"0710","1","4","3","08",0,1,"A",,,,,,1800,4,"E","J","A","RT 580","RSR ADMIN BUILDING",27,"E","N","2009-01-09",9370,"2008-04-24",1505,"18579",,"2","5","0","1",,"2","058","-","Y","CC",4,580,"-","-",6.12,"H","-","W","Y",1,"A","-",22107,,"N","A","H","-","A","A","1","Y","D","22",0,1,0,0,0,0,0,0,0,"-","-","RICHMOND","CONTRA COSTA","CA",0,0
"3782113",-122.324183076,37.94144631,2008,"0710","1","5","3","07",0,1,"A",,,"Y","Y",,2400,6,"C","C","A","RT 80","SOLANO AV",1036,"W","N","2009-01-07",9370,"2008-06-20",2339,"01895",,"3","5","0","1",,"2","082","-","Y","CC",4,80,"-","-",3.21,"H","-","W","Y",2,"A","-",21658,"A","N","A","H","-","C","D","6","Y","C","02",0,1,0,0,0,0,0,0,1,"-","-","RICHMOND","CONTRA COSTA","CA",0,0
"3785675",-122.340818516,37.921718284,2008,"0710","1","3","4","03",0,2,"A","Y",,,,,300,6,"D","C","E","RT 580","23RD ST",2112,"E","N","2009-01-10",9370,"2008-06-04",145,"01887",,"3","5","0","1",,"2","058","-","Y","CC",4,580,"-","R",2.49,"H","-","W","Y",3,"A","-",22350,,"N","A","H","-","C","D","1","Y","A","01",0,0,2,0,1,0,0,0,0,"-","-","RICHMOND","CONTRA COSTA","CA",0,0
"3785679",-122.340818516,37.921718284,2008,"0710","1","3","4","08",0,2,"B",,,,,,300,6,"E","I","A","RT 580","23RD ST",2112,"E","N","2009-01-10",9370,"2008-06-04",143,"01892",,"3","5","0","1",,"2","058","-","Y","CC",4,580,"-","R",2.49,"H","-","W","Y",1,"A","-",22107,,"N","A","H","-","C","D","1","Y","A","01",0,0,2,0,0,0,0,0,0,"-","-","RICHMOND","CONTRA COSTA","CA",0,0
"3795216",0,0,2008,"0710","0","2","3","18",0,1,"A",,,,,,1200,6,"H","A","A","13TH ST","10TH ST",288,"E","N","2008-12-18",710,"2008-06-17",1042,"1242",,"5","5","0","0",,"0",,"-","N",,0,0,,,0,,,,"Y",2,"C","-",0,,"N","A","H","-","A","D","0","Y","-","-",0,1,0,0,0,0,0,0,0,"-","-","RICHMOND","CONTRA COSTA","CA",0,0
"3812201",-122.323780897,37.929763972,2008,"0710","1","2","4","07",0,1,"A",,,,"Y",,1500,7,"B","C","A","RT 80","MACDONALD AV",1058,"W","N","2009-03-17",9370,"2008-07-08",1405,"18874",,"2","5","0","1",,"2","082","-","Y","CC",4,80,"-","-",2.42,"H","-","E","Y",2,"A","-",21658,"A","N","A","H","-","A","D","6","Y","A","01",0,0,1,0,0,0,0,0,0,"-","-","RICHMOND","CONTRA COSTA","CA",0,0
"3812205",-122.327006258,37.934804631,2008,"0710","1","6","4","03",0,4,"A",,,,,,1500,7,"C","C","A","RT 80","BARRETT AV",10,"W","N","2009-03-23",9370,"2008-07-12",1445,"18782",,"2","5","0","1",,"2","082","-","Y","CC",4,80,"-","-",2.81,"H","-","W","Y",2,"A","-",22350,,"N","A","H","-","A","D","6","Y","I","20",0,0,4,0,0,0,0,0,0,"-","-","RICHMOND","CONTRA COSTA","CA",0,0
"3814883",-122.326634981,37.933443331,2008,"0710","1","3","3","08",0,1,"A",,,,,,2400,7,"E","I","A","RT 80","MACDONALD AV",550,"E","N","2009-03-20",9370,"2008-07-09",2115,"01887",,"2","5","0","1",,"2","082","-","Y","CC",4,80,"-","-",2.74,"H","-","W","Y",1,"A","-",22107,,"N","A","H","-","C","D","6","Y","A","01",0,1,0,0,0,0,0,0,0,"-","-","RICHMOND","CONTRA COSTA","CA",0,0
"3814939",-122.317183587,37.980227963,2008,"0710","1","1","4","08",0,2,"A",,,,,,2100,7,"E","I","A","RT 80","HILLTOP DR",1056,"E","N","2009-03-16",9370,"2008-07-21",1910,"18593",,"2","5","0","1",,"2","083","-","Y","CC",4,80,"-","-",6.18,"H","-","W","N",1,"A","-",22107,,"N","A","H","-","D","D","6","Y","A","01",0,0,2,0,0,0,0,0,0,"-","-","RICHMOND","CONTRA COSTA","CA",0,0
"3815114",-122.30923076,37.898009801,2008,"0710","1","3","4","03",0,1,"B",,,,,,2100,7,"C","C","A","RT 80","CARLSON BL",2600,"W","N","2009-05-19",9370,"2008-07-02",1845,"18816",,"2","5","0","1",,"2","082","-","Y","ALA",4,80,"-","R",7.76,"H","-","E","N",3,"A","-",22350,,"N","A","H","-","A","D","6","Y","D","22",0,0,1,0,0,0,0,0,0,"-","-","RICHMOND","CONTRA COSTA","CA",0,0
"3815120",-122.345492402,37.921679993,2008,"0710","1","3","3","03",0,2,"A",,,,,,2400,7,"C","C","A","RT 580","SOUTH 23RD",150,"E","N","2009-03-05",9370,"2008-07-09",2230,"18640",,"3","5","0","1",,"2","058","-","Y","CC",4,580,"-","R",2.86,"H","-","E","Y",2,"A","-",22350,,"N","A","H","-","C","D","1","Y","A","01",0,2,0,0,0,0,0,0,0,"-","-","RICHMOND","CONTRA COSTA","CA",0,0
"3816859",-122.312843162,37.903625005,2008,"0710","1","6","4","03",0,1,"A",,,,,,1500,6,"C","C","A","RT 80","CENTRAL AV",75,"E","N","2009-01-23",9370,"2008-06-14",1240,"01809",,"1","5","0","1",,"2","082","-","Y","CC",4,80,"-","-",0.39,"R","1","W","Y",2,"A","-",22350,,"N","A","H","-","A","A","6","Y","A","01",0,0,1,0,0,0,0,0,0,"T","-","RICHMOND","CONTRA COSTA","CA",0,0
"3818858",-122.332939911,37.9907951355,2008,"0710","0","6","4","08",0,1,"A",,,,,,2400,6,"B","C","A","RICHMOND PKY","SAN PABLO AV",1,"E","N","2009-01-08",710,"2008-06-21",2158,"1445",,"5","5","0","0",,"0","008","-","N",,0,0,,,0,,,,"Y",2,"A","-",22107,,"N","A","H","-","C","A","0","Y","-","-",0,0,1,0,0,0,0,0,0,"-","-","RICHMOND","CONTRA COSTA","CA",0,0
"3818866",-122.331393984,37.948551178,2008,"0710","0","5","4","08",0,1,"A",,,,,,1800,6,"D","C","A","SAN PABLO AV","SAN PABLO AV 12951",0,,"N","2009-03-05",710,"2008-06-13",1650,"1459",,"5","5","0","0",,"0",,"-","N",,0,0,,,0,,,,"Y",2,"A","-",22102,,"N","A","H","-","A","D","0","Y","A","01",0,0,1,0,0,0,0,0,0,"-","-","RICHMOND","CONTRA COSTA","CA",0,0
"3821851",-122.387943176,37.9240341187,2008,"0710","0","1","4","08",0,2,"A",,,,,,900,6,"D","C","A","CREST AV","VINE AV",0,,"Y","2009-01-09",710,"2008-06-09",701,"1496",,"5","5","0","0",,"0",,"-","N",,0,0,,,0,,,,"Y",2,"A","-",22107,,"N","A","H","-","A","D","0","Y","-","-",0,0,2,0,0,0,0,0,0,"-","-","RICHMOND","CONTRA COSTA","CA",0,0
"3821864",-122.347573172,37.9357452393,2008,"0710","0","7","3","12",0,2,"B",,,,,,300,6,"C","C","A","23RD ST","MACDONALD AV",0,,"Y","2009-01-06",710,"2008-06-22",32,"1431","NORT","5","5","0","0",,"0","007","G","N",,0,0,,,0,,,,"Y",3,"A","-",21453,"A","N","A","H","-","C","A","0","Y","A",,0,1,1,0,0,0,0,0,0,"-","-","RICHMOND","CONTRA COSTA","CA",0,0
"3821868",-122.347575203,37.94140625,2008,"0710","0","5","4","10",0,1,"A","Y",,,,,2100,6,"G","B","B","GRANT AV","23RD ST",15,"E","N","2009-01-06",710,"2008-06-20",2040,,,"5","5","0","0",,"0","004","-","N",,0,0,,,0,,,,"N",2,"A","-",21950,"A","N","A","H","-","C","A","0","Y","-","-",0,0,1,0,1,0,0,0,0,"-","-","RICHMOND","CONTRA COSTA","CA",0,0
"3821902",-122.309903162,37.9010734558,2008,"0710","0","1","4","07",0,1,"A",,,,,,2100,6,"B","C","A","CENTRAL AV","SAN LUIS ST",0,,"Y","2009-01-08",710,"2008-06-09",1938,"1329","SOUT","5","5","0","0",,"0","003","-","N",,0,0,,,0,,,,"Y",3,"A","-",21658,"A","N","A","H","-","A","A","0","Y","-","-",0,0,1,0,0,0,0,0,0,"-","-","RICHMOND","CONTRA COSTA","CA",0,0
"3821910",-122.346681336,37.9356307983,2008,"0710","0","4","4","11",0,1,"A","Y",,,,,1800,6,"G","B","D","MACDONALD AV","24TH ST",87,"W","N","2009-01-06",710,"2008-06-05",1710,"1329","CENT","5","5","0","0",,"0","007","-","N",,0,0,,,0,,,,"N",2,"A","-",21954,"A","N","A","H","-","A","D","0","Y","N","60",0,0,1,0,1,0,0,0,0,"-","-","RICHMOND","CONTRA COSTA","CA",0,0
"3821914",-122.352513173,37.9399757385,2008,"0710","0","2","4","12",0,1,"A",,,,,,1200,6,"D","C","A","18TH ST","ROOSEVELT AV",0,,"Y","2009-01-06",710,"2008-06-10",1043,"1119",,"5","5","0","0",,"0",,"-","N",,0,0,,,0,,,,"N",2,"A","-",22450,"A","N","A","H","-","A","A","0","Y","A","07",0,0,1,0,0,0,0,0,0,"-","-","RICHMOND","CONTRA COSTA","CA",0,0
"3821918",-122.330683168,37.9254150391,2008,"0710","0","3","4","04",0,1,"A",,,,,,900,6,"C","C","A","CUTTING BL","S 41ST ST",0,,"Y","2009-01-06",710,"2008-06-11",859,"1364","SOUT","5","5","0","0",,"0","003","-","N",,0,0,,,0,,,,"N",2,"A","-",21703,,"F","A","H","-","A","A","0","Y","-","-",0,0,1,0,0,0,0,0,0,"-","-","RICHMOND","CONTRA COSTA","CA",0,0
"3823572",-122.346014656,37.9355430603,2008,"0710","0","2","4","05",0,1,"A",,"Y",,,"Y",1200,7,"G","G","A","MACDONALD AV","24TH ST",108,"E","N","2009-01-14",710,"2008-07-01",1055,"1119",,"5","5","0","0",,"0",,"-","N",,0,0,,,0,,,,"N",2,"A","-",21650,"1","N","A","H","-","A","D","0","Y","L","04",0,0,1,0,0,0,1,0,0,"-","-","RICHMOND","CONTRA COSTA","CA",0,0
"3824760",-122.296918542,37.994023863,2008,"0710","1","4","4","07",0,1,"A",,,,,"Y",1200,7,"B","C","A","RT 80","APPIAN WY",700,"E","N","2009-03-25",9320,"2008-07-03",1130,"18122",,"1","5","0","1",,"2","180","-","Y","CC",4,80,"-","-",7.73,"H","-","E","Y",2,"A","-",21658,"A","M","A","H","-","A","D","1","Y","-","99",0,0,1,0,0,0,0,0,0,"-","-","RICHMOND","CONTRA COSTA","CA",0,0
"3832113",-122.291433221,37.9633483887,2008,"0710","0","4","1","11",1,0,"A","Y",,,,,2400,4,"G","B","D","SAN PABLO DAM RD","MARTINS LN",101,"W","N","2008-08-25",710,"2008-04-10",2135,,,"5","5","0","0",,"0",,"-","N",,0,0,,,0,,,,"Y",5,"A","-",21954,"A","F","A","H","-","D","D","0","Y","N","60",0,0,0,1,0,0,0,0,0,"-","-","RICHMOND","CONTRA COSTA","CA",0,0
"3844796",0,0,2008,"0710","0","5","4","-",0,1,"A",,,,,"Y",2400,7,"C","C","A","RICHMOND PKY","W MACDONALD AV",0,,"Y","2009-01-30",710,"2008-07-04",2342,"1475",,"5","5","0","0",,"0",,"-","N",,0,0,,,0,,,,"Y",2,"A","-",0,,"F","A","H","-","C","A","0","Y","-","-",0,0,1,0,0,0,0,0,0,"-","-","RICHMOND","CONTRA COSTA","CA",0,0
"3846423",-122.360033174,37.9356536865,2008,"0710","0","5","4","09",0,1,"A",,,,,,1800,8,"D","C","A","MACDONALD AV","HARBOUR WY",0,,"Y","2009-03-23",710,"2008-08-22",1511,"1281",,"5","5","0","0",,"0",,"-","N",,0,0,,,0,,,,"N",2,"A","-",21800,"B","F","A","B","D","A","A","0","Y","-","-",0,0,1,0,0,0,0,0,0,"-","-","RICHMOND","CONTRA COSTA","CA",0,0
"3846431",-122.259118164,37.9624824524,2008,"0710","0","4","3","05",0,1,"A",,,,,,2100,8,"D","C","A","CASTRO RANCH RD","CONESTOGA WY",1056,"W","N","2009-03-18",710,"2008-08-28",1851,"1281",,"5","5","0","0",,"0",,"-","N",,0,0,,,0,,,,"Y",2,"A","-",21650,,"N","A","H","-","A","D","0","Y","-","-",0,1,0,0,0,0,0,0,0,"-","-","RICHMOND","CONTRA COSTA","CA",0,0
"3846435",-122.325273173,37.9789733887,2008,"0710","0","2","4","03",0,1,"A",,,,,,2100,8,"D","C","A","HILLTOP MALL RD","GARRITY WY",0,,"Y","2009-03-18",710,"2008-08-26",1814,"1281",,"5","5","0","0",,"0",,"-","N",,0,0,,,0,,,,"N",2,"A","-",22350,,"N","A","H","-","A","A","0","Y","-","-",0,0,1,0,0,0,0,0,0,"-","-","RICHMOND","CONTRA COSTA","CA",0,0
"3846439",-122.383751196,37.9253463745,2008,"0710","0","3","3","05",0,1,"A",,,,,,1800,8,"E","I","A","W CUTTING BL","S GARRARD BL",150,"W","N","2009-03-18",710,"2008-08-27",1530,"1281",,"5","5","0","0",,"0",,"-","N",,0,0,,,0,,,,"Y",1,"A","-",21650,,"N","A","H","-","A","D","0","Y","-","-",0,1,0,0,0,0,0,0,0,"-","-","RICHMOND","CONTRA COSTA","CA",0,0
"3846447",-122.336433176,37.9910469055,2008,"0710","0","5","4","-",0,1,"A","Y",,,,,2100,8,"G","B","D","RICHMOND PKY","ATLAS",0,,"Y","2009-03-18",710,"2008-08-29",1916,"1445",,"5","5","0","0",,"0","008","-","N",,0,0,,,0,,,,"N",2,"A","-",0,,"N","A","H","-","B","A","0","Y","N","60",0,0,1,0,1,0,0,0,0,"-","-","RICHMOND","CONTRA COSTA","CA",0,0
"3849368",-122.326363168,37.933015007,2008,"0710","0","7","4","-",0,1,"A",,,,,,1800,7,"D","C","A","BARRETT AV","RT 80",24,"N","N","2009-03-12",710,"2008-07-20",1552,"1459",,"5","5","0","0",,"0","007","-","Y","CC",4,80,"-","-",2.716,"R","4","W","Y",2,"-","-",0,,"N","A","H","-","A","A","0","Y","-","-",0,0,1,0,0,0,0,0,0,"W","-","RICHMOND","CONTRA COSTA","CA",0,0
"3849380",0,0,2008,"0710","0","1","4","03",0,6,"A",,,,,,2100,8,"C","C","A","CASTRO ST","REDWOOD WY",0,,"Y","2009-03-16",710,"2008-08-04",2035,"1491",,"5","5","0","0",,"0",,"-","N",,0,0,,,0,,,,"N",2,"A","-",22350,,"F","A","-","-","B","A","0","Y","-","-",0,0,6,0,0,0,0,0,0,"-","-","RICHMOND","CONTRA COSTA","CA",0,0
"3849384",-122.347573171,37.9354362488,2008,"0710","0","5","4","03",0,1,"A",,,,,,1800,8,"C","C","A","23RD ST","MACDONALD AV",112,"S","N","2009-03-16",710,"2008-08-08",1720,"1281",,"5","5","0","0",,"0",,"-","N",,0,0,,,0,,,,"N",2,"A","-",22350,,"N","A","H","-","A","A","0","Y","-","-",0,0,1,0,0,0,0,0,0,"-","-","RICHMOND","CONTRA COSTA","CA",0,0
"3849403",-122.351375511,37.981010437,2008,"0710","0","4","3","05",0,1,"A",,,,,,1500,7,"G","A","A","RICHMOND PKY","GIANT HWY",500,"E","N","2009-01-29",710,"2008-07-24",1211,"1242",,"5","5","0","0",,"0",,"-","N",,0,0,,,0,,,,"Y",1,"A","-",21650,,"N","A","H","-","A","D","0","Y","A","01",0,1,0,0,0,0,0,0,0,"-","-","RICHMOND","CONTRA COSTA","CA",0,0
"3849407",-122.339803171,37.9373931885,2008,"0710","0","4","4","12",0,1,"A",,,,,,1200,7,"D","C","A","BARRETT AV","30TH ST",0,,"Y","2009-01-29",710,"2008-07-24",1115,"1324","NORT","5","5","0","0",,"0","007","-","N",,0,0,,,0,,,,"Y",2,"A","-",22450,"A","F","A","H","-","A","D","0","Y","D","22",0,0,1,0,0,0,0,0,0,"-","-","RICHMOND","CONTRA COSTA","CA",0,0
"3849411",-122.316190688,37.9867858887,2008,"0710","0","2","4","04",0,1,"A",,,,,,1800,7,"C","D","A","RICHMOND PKY","BLUME AV",288,"E","N","2009-01-29",710,"2008-07-22",1518,"1324","NORT","5","5","0","0",,"0","008","-","N",,0,0,,,0,,,,"Y",2,"A","-",21703,,"N","A","H","-","A","D","0","Y","A","01",0,0,1,0,0,0,0,0,0,"-","-","RICHMOND","CONTRA COSTA","CA",0,0
"3849415",-122.332876094,37.9364242554,2008,"0710","0","2","3","03",0,1,"A",,,,,,1800,7,"C","C","A","BARRETT AV","38TH ST",36,"W","N","2009-01-29",710,"2008-07-29",1759,"1281",,"5","5","0","0",,"0",,"-","N",,0,0,,,0,,,,"Y",3,"A","-",22350,,"N","A","H","-","A","D","0","Y","-","-",0,1,0,0,0,0,0,0,0,"-","-","RICHMOND","CONTRA COSTA","CA",0,0
"3849424",-122.317373164,37.915705178,2008,"0710","1","1","4","08",0,1,"A",,,,,,1200,8,"E","I","A","RT 80","CARLSON BL",1232,"E","N","2009-03-25",9370,"2008-08-04",1150,"18954",,"1","5","0","1",,"2","082","-","Y","CC",4,80,"-","-",1.26,"H","-","E","Y",1,"A","-",22107,,"N","A","H","-","A","D","6","Y","A","01",0,0,1,0,0,0,0,0,0,"-","-","RICHMOND","CONTRA COSTA","CA",0,0
"3849427",-122.357086809,37.9266242981,2008,"0710","0","1","2","00",0,1,"A",,,,,"Y",300,7,"E","C","A","VIRGINIA AV","S 13TH ST",27,"W","N","2009-01-29",710,"2008-07-14",30,"1505","SOUT","5","5","0","0",,"0","002","-","N",,0,0,,,0,,,,"Y",2,"A","-",23103,,"M","A","H","-","C","D","0","Y","A","01",1,0,0,0,0,0,0,0,0,"-","-","RICHMOND","CONTRA COSTA","CA",0,0
"3849431",-122.334313168,37.9253768921,2008,"0710","0","3","4","12",0,1,"A",,,,,,1800,7,"A","C","A","CUTTING BL","S 37TH ST",0,,"Y","2009-01-29",710,"2008-07-23",1751,"1281",,"5","5","0","0",,"0",,"-","N",,0,0,,,0,,,,"Y",2,"A","-",21453,"A","N","A","H","-","A","A","0","Y","-","-",0,0,1,0,0,0,0,0,0,"-","-","RICHMOND","CONTRA COSTA","CA",0,0
"3850114",-122.382331628,37.928075838,2008,"0710","0","4","4","12",0,1,"A",,,,,,900,6,"D","C","A","CASTRO ST","RT 580",0,,"Y","2009-01-09",710,"2008-06-19",701,"1324",,"5","5","0","0",,"0","001","-","Y","CC",4,580,"-","R",4.981,"R","4","W","Y",2,"A","-",21453,"A","N","A","H","-","A","A","0","Y","A","01",0,0,1,0,0,0,0,0,0,"-","-","RICHMOND","CONTRA COSTA","CA",0,0
"3850118",-122.327213167,37.9254760742,2008,"0710","0","4","4","-",0,1,"A",,,,,,2100,6,"A","C","A","CUTTING BL","S 45TH ST",0,,"Y","2008-12-22",710,"2008-06-05",1808,"1416","0710","5","5","0","0",,"0","003","-","N",,0,0,,,0,,,,"Y",2,"A","-",0,,"N","A","H","-","A","A","0","Y","-","-",0,0,1,0,0,0,0,0,0,"-","-","RICHMOND","CONTRA COSTA","CA",0,0
"3850134",-122.34769317,37.9281959534,2008,"0710","0","2","4","03",0,1,"A",,,,,,1800,7,"C","C","A","S 23RD ST","MAINE AV",66,"N","N","2009-01-28",710,"2008-07-01",1557,"1281",,"5","5","0","0",,"0",,"-","N",,0,0,,,0,,,,"Y",3,"A","-",22350,,"N","A","H","-","A","D","0","Y","A","01",0,0,1,0,0,0,0,0,0,"-","-","RICHMOND","CONTRA COSTA","CA",0,0
"3852090",0,0,2008,"0710","0","2","4","18",0,2,"A",,,,,,1200,6,"C","C","A","13TH ST","HARBOR WY",160,"E","N","2009-01-09",710,"2008-06-17",1042,"348",,"5","5","0","0",,"0",,"-","N",,0,0,,,0,,,,"N",2,"C","-",0,,"N","A","H","-","A","A","0","Y","-","-",0,0,2,0,0,0,0,0,0,"-","-","RICHMOND","CONTRA COSTA","CA",0,0
"3852094",-122.350183173,37.9473838806,2008,"0710","0","3","3","09",0,2,"B",,,,,,1800,6,"D","C","A","COALINGA AV","20TH ST",0,,"Y","2009-01-09",710,"2008-06-25",1635,"1119",,"5","5","0","0",,"0",,"-","N",,0,0,,,0,,,,"N",2,"A","-",21802,"A","N","A","H","-","A","A","0","Y","A","01",0,2,0,0,0,0,0,0,0,"-","-","RICHMOND","CONTRA COSTA","CA",0,0