"CASEID","POINT_X","POINT_Y","YEAR_","LOCATION","CHPTYPE","DAYWEEK","CRASHSEV","VIOLCAT","KILLED","INJURED","WEATHER1","PEDCOL","BICCOL","MCCOL","TRUCKCOL","ETOH","TIMECAT","MONTH_","CRASHTYP","INVOLVE","PED","PRIMARYRD","SECONDRD","DISTANCE","DIRECT","INTERSECT_","PROCDATE","JURIS","DATE_","TIME_","BADGE","JURIDIST","SHIFT","POP","SPECIAL","BEATTYPE","LAPDDIV","BEATCLAS","BEATNUMB","WEATHER2","STATEHW","CALTRANC","CALTRAND","STROUTE","ROUTESUF","POSTPRE","POSTMILE","LOCATYPE","RAMP","SIDEHW","TOWAWAY","PARTIES","PCF","VIOLCODE","VIOL","VIOLSUB","HITRUN","ROADSURF","RDCOND1","RDCOND2","LIGHTING","RIGHTWAY","CHPRDTYP","NOTPRIV","STFAULT","CHPFAULT","SEVINJ","OTHERINJ","COP","PEDKILL","PEDINJ","BICKILL","BICINJ","MCKILL","MCINJURE","RAMP1","RAMP2","CITY","COUNTY","STATE","X_CHP","Y_CHP"
"3852095",-122.338762976,37.9498634338,2008,"0710","0","4","4","03",0,1,"A",,,,,,1800,7,"C","C","A","RHEEM AV","29TH ST",26,"E","N","2009-02-03",710,"2008-07-03",1508,"1119",,"5","5","0","0",,"0",,"-","N",,0,0,,,0,,,,"N",2,"A","-",22350,,"N","A","H","-","A","A","0","Y","D","22",0,0,1,0,0,0,0,0,0,"-","-","RICHMOND","CONTRA COSTA","CA",0,0
"3852098",-122.33076317,37.9472541809,2008,"0710","0","5","3","09",0,1,"A",,"Y",,,,900,6,"-","G","A","MCBRYDE AV","SAN PABLO AV",0,,"Y","2009-01-09",710,"2008-06-27",649,"1431",,"5","5","0","0",,"0","007","-","N",,0,0,,,0,,,,"N",2,"A","-",21453,"B","N","A","H","-","A","A","0","Y","-","-",0,1,0,0,0,0,1,0,0,"-","-","RICHMOND","CONTRA COSTA","CA",0,0
"3852099",-122.347693171,37.9280166626,2008,"0710","0","6","4","09",0,2,"A",,,,,,1500,7,"D","C","A","23RD ST","MAINE AV",0,,"Y","2009-01-29",710,"2008-07-05",1324,"1119","SOUT","5","5","0","0",,"0","002","-","N",,0,0,,,0,,,,"Y",2,"A","-",21802,"A","N","A","H","-","A","A","0","Y","A","01",0,0,2,0,0,0,0,0,0,"-","-","RICHMOND","CONTRA COSTA","CA",0,0
"3852106",-122.347443173,37.9497756958,2008,"0710","0","2","4","12",0,1,"A",,,,,,2100,6,"A","C","A","RHEEM AV","23RD ST",0,,"Y","2009-01-09",710,"2008-06-24",1850,"1407","NORT","5","5","0","0",,"0","007","-","N",,0,0,,,0,,,,"N",6,"A","-",21453,"A","N","A","H","-","A","A","0","Y","-",,0,0,1,0,0,0,0,0,0,"-","-","RICHMOND","CONTRA COSTA","CA",0,0
"3852107",-122.328604253,37.9900932312,2008,"0710","0","2","3","03",0,1,"A",,,,,,1500,7,"C","C","A","RICHMOND PKY","LAKESIDE DR",20,"E","N","2009-01-29",710,"2008-07-08",1306,"1281",,"5","5","0","0",,"0",,"-","N",,0,0,,,0,,,,"Y",2,"A","-",22350,,"N","A","H","-","A","A","0","Y","-","-",0,1,0,0,0,0,0,0,0,"-","-","RICHMOND","CONTRA COSTA","CA",0,0
"3852111",-122.351682603,37.9357910156,2008,"0710","0","1","2","05",0,1,"A",,"Y",,,"Y",2100,7,"D","G","A","19TH ST","MACDONALD AV",16,"N","N","2009-01-29",710,"2008-07-07",1805,"1119",,"5","5","0","0",,"0","004","-","N",,0,0,,,0,,,,"Y",2,"A","-",21650,,"N","A","H","-","A","D","0","Y","L","04",1,0,0,0,0,0,1,0,0,"-","-","RICHMOND","CONTRA COSTA","CA",0,0
"3852115",-122.323493168,37.9323539734,2008,"0710","0","1","3","12",0,1,"A",,,,,,2100,7,"D","C","A","SAN PABLO AV","MACDONALD AV",0,,"Y","2009-01-29",710,"2008-07-07",1805,"1281",,"5","5","0","0",,"0",,"-","N",,0,0,,,0,,,,"N",2,"A","-",21453,"A","N","A","H","-","A","A","0","Y","-","-",0,1,0,0,0,0,0,0,0,"-","-","RICHMOND","CONTRA COSTA","CA",0,0
"3852123",0,0,2008,"0710","0","3","4","-",0,1,"A",,,,,"Y",2400,7,"C","C","A","RICHMOND PKY","WEST MACDONALD AV",0,,"Y","2009-01-28",710,"2008-07-09",2342,"1475",,"5","5","0","0",,"0",,"-","N",,0,0,,,0,,,,"Y",2,"A","-",0,,"F","A","H","-","C","A","0","Y","-","-",0,0,1,0,0,0,0,0,0,"-","-","RICHMOND","CONTRA COSTA","CA",0,0
"3852131",-122.330128876,37.940776825,2008,"0710","0","7","3","-",0,1,"B","Y",,,,,600,7,"G","B","D","CLINTON AV","40TH ST",49,"W","N","2009-01-28",710,"2008-07-13",315,"1431","NORT","5","5","0","0",,"0","007","-","N",,0,0,,,0,,,,"N",2,"A","-",0,,"F","A","-","-","C","-","0","Y","-",,0,1,0,0,1,0,0,0,0,"-","-","RICHMOND","CONTRA COSTA","CA",0,0
"3852134",-122.35627479,37.9357528687,2008,"0710","0","1","4","12",0,1,"A",,"Y",,,"Y",1800,6,"-","G","A","MACDONALD AV","MARINA WY",12,"W","N","2008-12-20",710,"2008-06-30",1754,"1119",,"5","5","0","0",,"0",,"-","N",,0,0,,,0,,,,"N",2,"A","-",22450,"A","N","A","D","-","A","A","0","Y","L","04",0,0,1,0,0,0,1,0,0,"-","-","RICHMOND","CONTRA COSTA","CA",0,0
"3852139",-122.334718806,37.9226493835,2008,"0710","0","1","4","04",0,1,"A",,,,,,1200,7,"C","C","A","CARLSON BL","SOUTH 37TH ST",18,"N","N","2009-01-28",710,"2008-07-14",1108,"1242",,"5","5","0","0",,"0",,"-","N",,0,0,,,0,,,,"N",2,"A","-",21703,,"N","A","H","-","A","A","0","Y","A","01",0,0,1,0,0,0,0,0,0,"-","-","RICHMOND","CONTRA COSTA","CA",0,0
"3852143",-122.317173173,37.9868736267,2008,"0710","0","2","4","09",0,2,"A",,,,,,1500,7,"D","C","A","RICHMOND PKY","BLUME AV",0,,"Y","2009-01-28",710,"2008-07-08",1437,"1324","NORT","5","5","0","0",,"0","008","-","N",,0,0,,,0,,,,"Y",2,"A","-",21453,"C","N","A","H","-","A","A","0","Y","A","01",0,0,2,0,0,0,0,0,0,"-","-","RICHMOND","CONTRA COSTA","CA",0,0
"3852151",-122.348603172,37.9357872009,2008,"0710","0","7","4","12",0,1,"A",,,,,"Y",1800,7,"C","C","A","22ND ST","22ND ST 300",0,,"-","2009-01-28",710,"2008-07-13",1709,"1459","CENT","5","5","0","0",,"0","004","-","N",,0,0,,,0,,,,"Y",2,"A","-",21453,"A","F","A","H","-","A","A","0","Y","-","-",0,0,1,0,0,0,0,0,0,"-","-","RICHMOND","CONTRA COSTA","CA",0,0
"3852155",-122.331161026,37.9786643982,2008,"0710","0","2","4","05",0,1,"A",,,,,,1500,7,"E","I","A","HILLTOP MALL RD","ROBERT MILLER DR",266,"E","N","2009-01-28",710,"2008-07-15",1256,"1242",,"5","5","0","0",,"0",,"-","N",,0,0,,,0,,,,"N",1,"A","-",21650,,"N","A","H","-","A","D","0","Y","A","01",0,0,1,0,0,0,0,0,0,"-","-","RICHMOND","CONTRA COSTA","CA",0,0
"3855074",-122.32465729,37.965024553,2008,"0710","1","1","4","08",0,1,"B",,,,,,900,7,"F","A","A","RT 80","EL PORTAL DR",1584,"W","N","2009-03-20",9370,"2008-07-28",630,"19059",,"1","5","0","1",,"2","083","-","Y","CC",4,80,"-","-",4.95,"H","-","W","Y",1,"A","-",22107,,"N","A","H","-","A","D","6","Y","D","22",0,0,1,0,0,0,0,0,0,"-","-","RICHMOND","CONTRA COSTA","CA",0,0
"3863020",-122.315664006,37.907863848,2008,"0710","1","4","3","18",0,1,"A",,,,,,1500,7,"E","J","A","RT 80","CARLSON BL",528,"W","N","2009-03-24",9370,"2008-07-17",1215,"10521",,"1","5","0","1",,"2","082","-","Y","CC",4,80,"-","-",0.9,"H","-","W","N",1,"C","-",0,,"N","A","H","-","A","D","6","Y","-","-",0,1,0,0,0,0,0,0,0,"-","-","RICHMOND","CONTRA COSTA","CA",0,0
"3863154",-122.316027734,37.983139283,2008,"0710","1","1","3","18",0,1,"A",,,,,,1800,7,"E","I","A","RT 80","RICHMOND PKY",876,"W","N","2009-03-26",9370,"2008-07-14",1525,"18812",,"2","5","0","1",,"2","083","-","Y","CC",4,80,"-","-",6.56,"H","-","E","Y",1,"C","-",0,,"N","A","H","-","A","D","6","Y","-","-",0,1,0,0,0,0,0,0,0,"-","-","RICHMOND","CONTRA COSTA","CA",0,0
"3864235",-122.313164921,37.904583554,2008,"0710","1","2","3","03",0,1,"A",,,,,,2100,7,"C","C","A","RT 80","CENTRAL AV",1320,"E","N","2009-03-17",9370,"2008-07-22",1815,"18086",,"2","5","0","1",,"2","082","-","Y","CC",4,80,"-","-",0.5,"H","-","E","Y",4,"A","-",22350,,"N","A","H","-","A","D","6","Y","A","08",0,1,0,0,0,0,0,0,0,"-","-","RICHMOND","CONTRA COSTA","CA",0,0
"3874151",-122.313779175,37.905442083,2008,"0710","1","1","4","03",0,1,"A",,,,,,1800,8,"C","C","A","RT 80","SACRAMENTO ST",528,"E","N","2009-03-26",9370,"2008-08-04",1510,"18579",,"2","5","0","1",,"2","082","-","Y","CC",4,80,"-","-",0.6,"H","-","E","Y",4,"A","-",22350,,"N","A","H","-","A","D","6","Y","A","01",0,0,1,0,0,0,0,0,0,"-","-","RICHMOND","CONTRA COSTA","CA",0,0
"3874326",-122.404095278,37.932121007,2008,"0710","1","7","3","03",0,2,"B",,,,,,2100,9,"C","C","A","RT 580","RSRB TOLL PLAZA",500,"W","N","2009-04-27",9350,"2008-09-14",2055,"19000",,"2","5","0","1",,"2","115","-","Y","CC",4,580,"-","-",6.22,"H","-","E","Y",2,"A","-",22350,,"N","A","D","-","C","A","1","Y","A","01",0,1,1,0,0,0,0,0,0,"-","-","RICHMOND","CONTRA COSTA","CA",0,0
"3897819",-122.383977349,37.9268836975,2008,"0710","0","6","4","06",0,1,"A",,,,,,1500,9,"D","C","A","RAILROAD AV","TEWKSBURY AV",380,"S","N","2009-04-20",710,"2008-09-20",1320,"963","SOUT","5","5","0","0",,"0","001","-","N",,0,0,,,0,,,,"N",2,"A","-",21750,,"N","A","H","-","A","D","0","Y","-","-",0,0,1,0,0,0,0,0,0,"-","-","RICHMOND","CONTRA COSTA","CA",0,0
"3900035",-122.313353173,37.988145012,2008,"0710","1","2","4","08",0,1,"A",,,,,,2100,9,"B","C","A","RT 80","RICHMOND PKY",60,"W","N","2009-05-15",9370,"2008-09-02",1830,"18560",,"2","5","0","1",,"2","083","-","Y","CC",4,80,"-","-",6.73,"H","-","E","Y",2,"A","-",22107,,"N","A","H","-","A","D","6","Y","A","01",0,0,1,0,0,0,0,0,0,"-","-","RICHMOND","CONTRA COSTA","CA",0,0
"3900739",-122.319393269,37.973648504,2008,"0710","1","5","2","07",0,1,"B",,,,,,1200,8,"B","C","A","RT 80","HILLTOP DR",528,"W","N","2009-03-25",9370,"2008-08-08",1055,"01883",,"1","5","0","1",,"2","083","-","Y","CC",4,80,"-","-",5.89,"H","-","W","Y",3,"A","-",21658,"A","N","A","H","-","A","D","6","Y","A","07",1,0,0,0,0,0,0,0,0,"-","-","RICHMOND","CONTRA COSTA","CA",0,0
"3900860",-122.316232533,37.90871258,2008,"0710","1","5","4","03",0,1,"A",,,,,,2100,8,"C","C","A","RT 80","CARLSON BL",300,"W","N","2009-04-29",9370,"2008-08-08",1805,"18816",,"2","5","0","1",,"2","082","-","Y","CC",4,80,"-","-",0.94,"H","-","W","N",2,"A","-",22350,,"N","A","H","-","A","D","6","Y","A","07",0,0,1,0,0,0,0,0,0,"-","-","RICHMOND","CONTRA COSTA","CA",0,0
"3904486",-122.313348079,37.904841575,2008,"0710","1","1","2","07",0,4,"A",,,,,,2400,8,"B","C","A","RT 80","SACRAMENTO ST",144,"E","N","2009-05-04",9370,"2008-08-18",2122,"18086",,"2","5","0","1",,"2","082","-","Y","CC",4,80,"-","-",0.53,"H","-","E","Y",2,"A","-",21658,"A","F","A","H","-","C","D","6","Y","A","01",2,1,1,0,0,0,0,0,0,"-","-","RICHMOND","CONTRA COSTA","CA",0,0
"3904555",-122.405093228,37.932551579,2008,"0710","1","5","3","03",0,2,"B",,,,,,900,8,"C","C","A","RT 580","SAN RAFAEL BR TOLL PLAZA",40,"E","N","2009-03-18",9370,"2008-08-08",600,"18837",,"1","5","0","1",,"2","058","-","Y","CC",4,580,"-","-",6.12,"H","-","W","Y",4,"A","-",22350,,"N","A","H","-","B","D","1","Y","A","01",0,1,1,0,0,0,0,0,0,"-","-","RICHMOND","CONTRA COSTA","CA",0,0
"3907953",-122.320785431,37.969453417,2008,"0710","1","1","4","07",0,1,"A",,,,,,2100,9,"B","C","A","RT 80","EL PORTAL DR",212,"E","N","2009-05-19",9370,"2008-09-15",1812,"13964",,"2","5","0","1",,"2","083","-","Y","CC",4,80,"-","-",5.32,"H","-","W","Y",2,"A","-",21658,"A","N","A","H","-","A","D","6","Y","-","-",0,0,1,0,0,0,0,0,0,"-","-","RICHMOND","CONTRA COSTA","CA",0,0
"3911918",-122.309096426,37.991357378,2008,"0710","1","3","3","01",0,2,"A",,,,,"Y",2100,9,"C","C","A","RT 80","RICHMOND PKY",2260,"E","N","2009-04-23",9370,"2008-09-03",1830,"18560",,"2","5","0","1",,"2","083","-","Y","CC",4,80,"-","-",7.17,"H","-","E","Y",2,"A","-",23152,"A","N","A","H","-","A","D","6","Y","A","01",0,1,1,0,0,0,0,0,0,"-","-","RICHMOND","CONTRA COSTA","CA",0,0
"3911931",-122.308601356,37.9077758789,2008,"0710","0","2","4","10",0,1,"A","Y",,,,,1800,9,"G","B","B","CARLSON BL","HUNTINGTON AV",5,"N","N","2009-04-28",710,"2008-09-02",1739,"1281",,"5","5","0","0",,"0",,"-","N",,0,0,,,0,,,,"N",2,"A","-",21950,"A","F","A","H","-","A","A","0","Y","-","-",0,0,1,0,1,0,0,0,0,"-","-","RICHMOND","CONTRA COSTA","CA",0,0
"3911935",-122.341617268,37.9734687805,2008,"0710","0","2","4","03",0,1,"A","Y",,,,,900,9,"G","B","D","LANCASTER DR","ABERDEEN WY",30,"S","N","2009-04-28",710,"2008-09-02",730,"388",,"5","5","0","0",,"0",,"-","N",,0,0,,,0,,,,"N",2,"A","-",22350,,"F","A","H","-","A","D","0","Y","-","-",0,0,1,0,1,0,0,0,0,"-","-","RICHMOND","CONTRA COSTA","CA",0,0
"3911943",0,0,2008,"0710","0","2","4","03",0,1,"A",,,"Y",,,1500,9,"D","C","A","REGATTA BL","S 34TH ST",0,,"Y","2009-04-28",710,"2008-09-02",1350,"1324","SOUT","5","5","0","0",,"0","003","-","N",,0,0,,,0,,,,"Y",2,"A","-",22350,,"N","A","H","-","A","D","0","Y","C","02",0,0,1,0,0,0,0,0,1,"-","-","RICHMOND","CONTRA COSTA","CA",0,0
"3911947",-122.286323521,37.9685707092,2008,"0710","0","4","4","04",0,1,"A","Y",,,,,1500,9,"C","C","E","VALLEY VIEW DR","MORNINGSIDE DR",802,"S","N","2009-04-28",710,"2008-09-04",1217,"1324","NORT","5","5","0","0",,"0","009","-","N",,0,0,,,0,,,,"Y",4,"A","-",21703,,"N","A","H","-","A","D","0","Y","D","22",0,0,1,0,1,0,0,0,0,"-","-","RICHMOND","CONTRA COSTA","CA",0,0
"3911955",-122.286709788,37.9688568115,2008,"0710","0","2","2","08",0,3,"B",,,,,,900,9,"D","C","A","VALLEY VIEW RD","VALLEY VIEW RD 5000",0,,"-","2009-05-04",710,"2008-09-09",740,"1242",,"5","5","0","0",,"0",,"-","N",,0,0,,,0,,,,"Y",2,"A","-",22103,,"N","A","H","-","A","D","0","Y","A","01",1,0,2,0,0,0,0,0,0,"-","-","RICHMOND","CONTRA COSTA","CA",0,0
"3911994",-122.324561104,37.940150183,2008,"0710","1","4","4","03",0,1,"A",,,,,,1800,9,"C","C","A","RT 80","SAN PABLO AV",1056,"E","N","2009-04-13",9370,"2008-09-04",1602,"18316",,"2","5","0","1",,"2","082","-","Y","CC",4,80,"-","-",3.19,"H","-","E","Y",3,"A","-",22350,,"N","A","H","-","A","D","6","Y","A","01",0,0,1,0,0,0,0,0,0,"F","-","RICHMOND","CONTRA COSTA","CA",0,0
"3912001",-122.34671317,37.9266242981,2008,"0710","0","5","4","03",0,1,"A",,,,,,2400,8,"C","I","A","S 24TH ST","VIRGINIA AV",0,,"Y","2009-03-09",710,"2008-08-22",2225,"1496","0710","5","5","0","0",,"0","002","-","N",,0,0,,,0,,,,"Y",2,"A","-",22350,,"F","A","H","-","C","D","0","Y","-","-",0,0,1,0,0,0,0,0,0,"-","-","RICHMOND","CONTRA COSTA","CA",0,0
"3912021",-122.332943176,37.9907951355,2008,"0710","0","7","2","12",0,2,"A",,,,,,2100,8,"D","C","A","RICHMOND PKWY","SAN PABLO AV",0,,"Y","2009-03-10",710,"2008-08-10",1925,"1450","NORT","5","5","0","0",,"0","008","-","N",,0,0,,,0,,,,"Y",3,"A","-",21453,"A","N","A","H","-","A","A","0","Y","-","-",1,0,1,0,0,0,0,0,0,"-","-","RICHMOND","CONTRA COSTA","CA",0,0
"3912025",-122.336105807,37.9341316223,2008,"0710","0","2","4","03",0,1,"A","Y",,,,"Y",1200,8,"G","B","E","MACDONALD AV","35TH ST",8,"E","N","2009-03-10",710,"2008-08-26",1028,"1119",,"5","5","0","0",,"0",,"-","N",,0,0,,,0,,,,"N",2,"A","-",22350,,"F","A","H","-","A","A","0","Y","A","01",0,0,1,0,1,0,0,0,0,"-","-","RICHMOND","CONTRA COSTA","CA",0,0
"3912033",-122.364323176,37.9481735229,2008,"0710","0","1","3","09",0,2,"A",,,,,,2100,8,"D","C","A","7TH ST","HENSLEY ST",0,,"Y","2009-03-10",710,"2008-08-25",1920,"1033",,"5","5","0","0",,"0","005","-","N",,0,0,,,0,,,,"Y",2,"A","-",21802,"A","N","-","H","-","A","A","0","Y","-","-",0,1,1,0,0,0,0,0,0,"-","-","RICHMOND","CONTRA COSTA","CA",0,0
"3912037",-122.342205132,37.9758758545,2008,"0710","0","1","4","04",0,2,"A",,,,,"Y",1500,8,"C","C","A","SAN PABLO AV","ROBERT H MILLER",27,"S","N","2009-03-10",710,"2008-08-25",1343,"1119",,"5","5","0","0",,"0",,"-","N",,0,0,,,0,,,,"N",2,"A","-",21703,,"F","A","H","-","A","A","0","Y","D","22",0,0,2,0,0,0,0,0,0,"-","-","RICHMOND","CONTRA COSTA","CA",0,0
"3912038",-122.322301692,37.927823857,2008,"0710","1","2","4","03",0,1,"A",,,,,,2100,8,"C","C","A","RT 80","CUTTING BL",100,"E","N","2009-03-25",9370,"2008-08-26",1826,"01905",,"2","5","0","1",,"2","082","-","Y","CC",4,80,"-","-",2.09,"H","-","E","Y",2,"A","-",22350,,"N","A","H","-","A","D","6","Y","A","07",0,0,1,0,0,0,0,0,0,"-","-","RICHMOND","CONTRA COSTA","CA",0,0
"3912041",-122.356183173,37.9383544922,2008,"0710","0","7","3","09",0,3,"A",,,,,,1500,8,"D","C","A","BARRETT AV","MARINA WY",0,,"Y","2009-03-10",710,"2008-08-24",1238,"1119",,"5","5","0","0",,"0",,"-","N",,0,0,,,0,,,,"Y",2,"A","-",21801,"A","N","A","H","-","A","A","0","Y","A","07",0,3,0,0,0,0,0,0,0,"-","-","RICHMOND","CONTRA COSTA","CA",0,0
"3912049",-122.338195425,37.9252433777,2008,"0710","0","2","4","04",0,2,"B",,,,,,900,8,"C","C","A","CUTTING BL","CARLSON BL",8,"E","N","2009-03-10",710,"2008-08-19",814,"1488","SOUT","5","5","0","0",,"0","003","-","N",,0,0,,,0,,,,"N",2,"A","-",21703,,"F","A","H","-","A","A","0","Y","-","-",0,0,2,0,0,0,0,0,0,"-","-","RICHMOND","CONTRA COSTA","CA",0,0
"3912053",-122.359980099,37.9421920776,2008,"0710","0","6","4","09",0,1,"A",,,,,,2100,8,"B","C","A","HARBOR WY","PENNSYLVANIA AV",28,"S","N","2009-03-10",710,"2008-08-23",2045,"1343",,"5","5","0","0",,"0",,"-","N",,0,0,,,0,,,,"N",2,"A","-",21804,"A","N","A","H","-","C","D","0","Y","-","-",0,0,1,0,0,0,0,0,0,"-","-","RICHMOND","CONTRA COSTA","CA",0,0
"3912081",-122.347453479,37.9491958618,2008,"0710","0","2","4","09",0,1,"A",,,,,,1500,8,"D","C","A","23RD ST","LOWELL AV",4,"S","N","2009-03-13",710,"2008-08-05",1228,"1242",,"5","5","0","0",,"0",,"-","N",,0,0,,,0,,,,"Y",2,"A","-",21802,"A","F","A","H","-","A","A","0","Y","D","22",0,0,1,0,0,0,0,0,0,"-","-","RICHMOND","CONTRA COSTA","CA",0,0
"3912089",-122.309903162,37.9010734558,2008,"0710","0","4","4","03",0,2,"A",,,,,,2400,8,"D","C","A","CENTRAL AV","PIERCE ST",0,,"Y","2009-03-13",710,"2008-08-28",2218,"1314",,"5","5","0","0",,"0","003","-","N",,0,0,,,0,,,,"N",2,"A","-",22350,,"F","A","H","-","C","A","0","Y","A",,0,0,2,0,0,0,0,0,0,"-","-","RICHMOND","CONTRA COSTA","CA",0,0
"3912093",-122.347513173,37.944355011,2008,"0710","0","7","4","09",0,1,"A",,,,,,2100,8,"A","C","A","23RD ST","GAYNOR AV",0,,"Y","2009-03-13",710,"2008-08-31",1939,"1432","NORT","5","5","0","0",,"0","007","-","N",,0,0,,,0,,,,"Y",2,"A","-",21801,"A","N","A","H","-","B","D","0","Y","-","-",0,0,1,0,0,0,0,0,0,"-","-","RICHMOND","CONTRA COSTA","CA",0,0
"3912130",-122.324411333,37.9814338684,2008,"0710","0","5","4","00",0,1,"A",,,,,,1200,8,"A","C","A","HILLTOP MALL RD","KLOSE WY",150,"E","N","2009-03-13",710,"2008-08-01",1048,"1242",,"5","5","0","0",,"0",,"-","N",,0,0,,,0,,,,"N",2,"D","-",0,,"N","A","H","-","A","A","0","Y","-","-",0,0,1,0,0,0,0,0,0,"-","-","RICHMOND","CONTRA COSTA","CA",0,0
"3912142",-122.352113174,37.9503822327,2008,"0710","0","6","3","05",0,1,"A",,,,,,2100,8,"A","I","A","18TH ST","COSTA AV",24,"N","N","2009-03-13",710,"2008-08-16",1844,"1364",,"5","5","0","0",,"0","004","-","N",,0,0,,,0,,,,"Y",1,"A","-",21650,,"N","A","H","-","A","A","0","Y","-","-",0,1,0,0,0,0,0,0,0,"-","-","RICHMOND","CONTRA COSTA","CA",0,0
"3912150",-122.332471604,37.9335975647,2008,"0710","0","4","4","09",0,2,"A",,,,,,1800,8,"D","C","A","MACDONALD AV","39TH ST",18,"E","N","2009-03-13",710,"2008-08-14",1504,"388",,"5","5","0","0",,"0","007","-","N",,0,0,,,0,,,,"Y",2,"A","-",21801,"A","N","A","H","-","A","D","0","Y","-","-",0,0,2,0,0,0,0,0,0,"-","-","RICHMOND","CONTRA COSTA","CA",0,0
"3912154",-122.361868094,37.9379768372,2008,"0710","0","5","2","06",0,2,"B",,,"Y",,,900,8,"B","C","A","8TH ST","BARRETT AV",137,"S","N","2009-03-13",710,"2008-08-15",635,"1111",,"5","5","0","0",,"0",,"-","N",,0,0,,,0,,,,"Y",2,"A","-",21750,,"N","A","H","-","A","D","0","Y","C","02",1,1,0,0,0,0,0,0,2,"-","-","RICHMOND","CONTRA COSTA","CA",0,0
"3913244",-122.361554773,37.924357431,2008,"0710","1","5","3","08",0,1,"A",,,,,,1500,8,"E","I","A","RT 580","HARBOUR WAY",680,"W","N","2009-04-08",9370,"2008-08-15",1420,"01881",,"2","5","0","1",,"2","058","-","Y","CC",4,580,"-","R",3.73,"H","-","E","Y",1,"A","-",22107,,"N","A","H","-","A","D","1","Y","A","08",0,1,0,0,0,0,0,0,0,"-","-","RICHMOND","CONTRA COSTA","CA",0,0
"3913248",-122.323243165,37.911105005,2008,"0710","1","6","3","01",0,1,"A",,,,,"Y",2100,8,"F","A","A","RT 580","BAYVIEW AV",222,"W","N","2009-04-08",9370,"2008-08-09",1925,"01871",,"2","5","0","1",,"2","058","-","Y","CC",4,580,"-","-",1.21,"R","2","E","Y",1,"A","-",23152,"A","M","A","H","-","A","D","1","Y","A","07",0,1,0,0,0,0,0,0,0,"F","-","RICHMOND","CONTRA COSTA","CA",0,0
"3913264",-122.323937986,37.943753548,2008,"0710","1","2","4","03",0,1,"B",,,,,,2400,8,"C","C","A","RT 80","SOLANO AV",200,"E","N","2009-04-08",9370,"2008-08-19",2148,"01878",,"2","5","0","1",,"2","082","-","Y","CC",4,80,"-","-",3.45,"H","-","W","Y",2,"A","-",22350,,"N","A","H","-","D","D","6","Y","A","01",0,0,1,0,0,0,0,0,0,"-","-","RICHMOND","CONTRA COSTA","CA",0,0
"3913268",-122.313470185,37.905013589,2008,"0710","1","2","4","03",0,1,"A",,,,,,1800,8,"C","C","A","RT 80","SACRAMENTO ST",250,"E","N","2009-04-08",9370,"2008-08-19",1750,"01905",,"2","5","0","1",,"2","082","-","Y","CC",4,80,"-","-",0.55,"H","-","E","Y",2,"A","-",22350,,"N","A","H","-","A","D","6","Y","A","01",0,0,1,0,0,0,0,0,0,"-","-","RICHMOND","CONTRA COSTA","CA",0,0
"3913272",-122.324023244,37.944077465,2008,"0710","1","2","3","08",0,3,"A",,,,,,2400,8,"E","I","A","RT 80","SOLANO AV",300,"E","N","2009-04-08",9370,"2008-08-19",2147,"17810",,"2","5","0","1",,"2","082","-","Y","CC",4,80,"-","-",3.47,"H","-","W","Y",1,"A","-",22107,,"N","A","H","-","C","D","6","Y","A","01",0,1,2,0,0,0,0,0,0,"-","-","RICHMOND","CONTRA COSTA","CA",0,0
"3913280",-122.320498904,37.924647142,2008,"0710","1","5","4","03",0,1,"A",,,,,,1800,8,"C","C","A","RT 80","CUTTING BL",400,"W","N","2009-04-08",9370,"2008-08-08",1730,"01812",,"2","5","0","1",,"2","082","-","Y","CC",4,80,"-","-",1.96,"H","-","W","Y",3,"A","-",22350,,"M","A","H","-","A","D","6","Y","A","08",0,0,1,0,0,0,0,0,0,"-","-","RICHMOND","CONTRA COSTA","CA",0,0
"3918322",-122.31991793,37.971657003,2008,"0710","1","5","2","01",0,3,"F",,,,,,1500,9,"A","C","A","RT 80","HILLTOP DR",1545,"W","N","2009-05-15",9370,"2008-09-19",1245,"18316",,"1","5","0","1",,"2","083","-","Y","CC",4,80,"-","-",5.7,"H","-","E","Y",3,"A","-",23152,"A","N","A","H","-","A","A","6","Y","A","01",1,1,1,0,0,0,0,0,0,"-","-","RICHMOND","CONTRA COSTA","CA",0,0
"3919124",-122.323989057,37.941462723,2008,"0710","1","5","4","08",0,1,"C",,,,,,2400,10,"E","I","A","RT 80","SOLANO AV",320,"W","N","2009-06-12",9370,"2008-10-03",2220,"18878",,"3","5","0","1",,"2","082","-","Y","CC",4,80,"-","-",3.35,"H","-","E","Y",1,"A","-",22107,,"N","B","H","-","C","D","6","Y","A","01",0,0,1,0,0,0,0,0,0,"-","-","RICHMOND","CONTRA COSTA","CA",0,0