"CASEID","POINT_X","POINT_Y","YEAR_","LOCATION","CHPTYPE","DAYWEEK","CRASHSEV","VIOLCAT","KILLED","INJURED","WEATHER1","PEDCOL","BICCOL","MCCOL","TRUCKCOL","ETOH","TIMECAT","MONTH_","CRASHTYP","INVOLVE","PED","PRIMARYRD","SECONDRD","DISTANCE","DIRECT","INTERSECT_","PROCDATE","JURIS","DATE_","TIME_","BADGE","JURIDIST","SHIFT","POP","SPECIAL","BEATTYPE","LAPDDIV","BEATCLAS","BEATNUMB","WEATHER2","STATEHW","CALTRANC","CALTRAND","STROUTE","ROUTESUF","POSTPRE","POSTMILE","LOCATYPE","RAMP","SIDEHW","TOWAWAY","PARTIES","PCF","VIOLCODE","VIOL","VIOLSUB","HITRUN","ROADSURF","RDCOND1","RDCOND2","LIGHTING","RIGHTWAY","CHPRDTYP","NOTPRIV","STFAULT","CHPFAULT","SEVINJ","OTHERINJ","COP","PEDKILL","PEDINJ","BICKILL","BICINJ","MCKILL","MCINJURE","RAMP1","RAMP2","CITY","COUNTY","STATE","X_CHP","Y_CHP"
"3981442",0,0,2008,"0710","0","1","4","09",0,1,"B",,,,,,900,10,"B","C","A","2221 CUTTING BL","SOUTH 23RD ST",102,"W","N","2009-08-13",710,"2008-10-27",705,"1282","SOUT","5","5","0","0",,"0","002","-","N",,0,0,,,0,,,,"N",2,"A","-",21804,"B","N","A","H","-","-","D","0","Y","-","-",0,0,1,0,0,0,0,0,0,"-","-","RICHMOND","CONTRA COSTA","CA",0,0
"3981445",-122.331923169,37.9362945557,2008,"0710","0","4","4","09",0,1,"A",,,,,,900,10,"D","C","A","BARRETT AV","39TH ST",0,,"Y","2009-07-08",710,"2008-10-16",739,"1242",,"5","5","0","0",,"0",,"-","N",,0,0,,,0,,,,"Y",2,"A","-",21801,"A","N","A","H","-","A","D","0","Y","A","08",0,0,1,0,0,0,0,0,0,"-","-","RICHMOND","CONTRA COSTA","CA",0,0
"3981453",-122.347663171,37.9307937622,2008,"0710","0","6","4","04",0,2,"A",,,,,,1500,10,"C","-","A","23RD ST","OHIO AV",0,"N","N","2009-07-08",710,"2008-10-11",1445,"1485",,"5","5","0","0",,"0","006","-","N",,0,0,,,0,,,,"N",2,"A","-",21703,,"N","A","H","-","A","-","0","Y","-","-",0,0,2,0,0,0,0,0,0,"-","-","RICHMOND","CONTRA COSTA","CA",0,0
"3981457",-122.317173173,37.9868736267,2008,"0710","0","7","4","-",0,1,"A",,,,,,2100,10,"D","C","A","BLUME DR","RICHMOND PKY",0,,"Y","2009-07-08",710,"2008-10-12",1933,"1378",,"5","5","0","0",,"0","008","-","N",,0,0,,,0,,,,"Y",2,"-","-",0,,"N","A","H","-","C","A","0","Y","-","-",0,0,1,0,0,0,0,0,0,"-","-","RICHMOND","CONTRA COSTA","CA",0,0
"3981479",-122.335463176,37.9859542847,2008,"0710","0","6","3","12",0,2,"B",,,,,,2400,11,"D","C","A","HILLTOP DR","SAN PABLO AV",0,,"Y","2009-07-07",710,"2008-11-08",2249,"1445",,"5","5","0","0",,"0",,"-","N",,0,0,,,0,,,,"Y",3,"A","-",21453,"A","F","B","H","-","C","A","0","Y","-","-",0,1,1,0,0,0,0,0,0,"-","-","RICHMOND","CONTRA COSTA","CA",0,0
"3981487",0,0,2008,"0710","0","6","4","12",0,2,"B",,,,,,1200,11,"D","C","A","RICHMOND PKY","HILLTOP DR",0,,"Y","2009-07-07",710,"2008-11-08",1015,"0267",,"5","5","0","0",,"0","008","-","N",,0,0,,,0,,,,"Y",2,"A","-",21453,"A","N","A","H","-","A","A","0","Y","-","-",0,0,2,0,0,0,0,0,0,"-","-","RICHMOND","CONTRA COSTA","CA",0,0
"3981517",-122.347702035,37.9267921448,2008,"0710","0","7","4","03",0,3,"A",,,,,,300,10,"A","C","A","SOUTH 23RD ST","VIRGINIA AV",57,"N","N","2009-07-08",710,"2008-10-19",155,"1472","SOUT","5","5","0","0",,"0","002","-","N",,0,0,,,0,,,,"Y",2,"A","-",22350,,"N","A","H","-","C","A","0","Y","-","-",0,0,3,0,0,0,0,0,0,"-","-","RICHMOND","CONTRA COSTA","CA",0,0
"3984316",-122.345863171,37.9308662415,2008,"0710","0","6","1","03",1,0,"A","Y",,,,,2100,12,"G","B","E","CARLSON BL","OHIO AV",0,,"Y","2009-07-14",710,"2008-12-27",1801,"1324","CENT","5","5","0","0",,"0","003","-","N",,0,0,,,0,,,,"N",2,"A","-",22350,,"N","A","H","-","C","D","0","Y","-","-",0,0,0,1,0,0,0,0,0,"-","-","RICHMOND","CONTRA COSTA","CA",0,0
"3984317",-122.345863171,37.9308662415,2008,"0710","0","6","2","05",0,1,"A",,"Y",,,,2100,12,"C","G","A","CARLSON BL","OHIO AV",0,,"Y","2009-01-26",710,"2008-12-27",1800,"1324","CENT","5","5","0","0",,"0","003","-","N",,0,0,,,0,,,,"N",2,"A","-",21202,"A","N","A","G","-","C","D","0","Y","L","04",1,0,0,0,0,0,1,0,0,"-","-","RICHMOND","CONTRA COSTA","CA",0,0
"3984397",-122.344889777,37.9180526733,2008,"0710","0","6","1","22",1,0,"B",,,,,,900,10,"E","I","A","MARINA BAY PKWY","PIERSON AV",267,"N","N","2009-04-03",710,"2008-10-04",755,,,"5","5","0","0",,"0",,"-","N",,0,0,,,0,,,,"Y",1,"B","-",0,,"N","B","H","-","B","D","0","Y","J","48",0,0,0,0,0,0,0,0,0,"-","-","RICHMOND","CONTRA COSTA","CA",0,0
"3984826",-122.309421685,37.898029404,2008,"0710","1","2","4","03",0,2,"B",,,,"Y",,1500,12,"C","C","A","RT 80","CENTRAL AV",1056,"W","N","2009-08-21",9370,"2008-12-23",1436,"19066",,"2","5","0","1",,"2","082","-","Y","CC",4,80,"-","-",0.02,"H","-","W","Y",4,"A","-",22350,,"N","A","H","-","A","D","6","Y","F","26",0,0,2,0,0,0,0,0,0,"-","-","RICHMOND","CONTRA COSTA","CA",0,0
"4011739",-122.318644101,37.90584124,2008,"0710","1","1","4","08",0,1,"A",,,,,,1200,11,"E","I","A","RT 580","BAYVIEW AV",2640,"E","N","2009-07-20",9370,"2008-11-24",1105,"18092",,"1","5","0","1",,"2","058","-","Y","CC",4,580,"-","-",0.71,"H","-","W","Y",1,"A","-",22107,,"N","A","B","-","A","D","1","Y","A","01",0,0,1,0,0,0,0,0,0,"-","-","RICHMOND","CONTRA COSTA","CA",0,0
"4014927",-122.320043889,37.971735004,2008,"0710","1","6","1","11",2,0,"A","Y",,,,,600,11,"G","B","E","RT 80","EL PORTAL DR",1499,"E","N","2009-07-13",9370,"2008-11-22",347,"18898",,"3","5","0","1",,"2","083","-","Y","CC",4,80,"-","-",5.56,"H","-","W","Y",3,"A","-",21954,"A","N","A","H","-","C","D","6","Y","-","-",0,0,0,2,0,0,0,0,0,"-","-","RICHMOND","CONTRA COSTA","CA",0,0
"4024820",-122.320031338,37.971770146,2008,"0710","1","6","4","03",0,1,"A",,,,,,600,11,"D","C","A","RT 80","EL PORTAL DR",1510,"E","N","2009-07-16",9370,"2008-11-22",345,"18898",,"3","5","0","1",,"2","083","-","Y","CC",4,80,"-","-",5.57,"H","-","W","Y",2,"A","-",22350,,"N","A","H","-","C","D","6","Y","D","22",0,0,1,0,0,0,0,0,0,"-","-","RICHMOND","CONTRA COSTA","CA",0,0
"4029048",-122.312305972,37.902852279,2008,"0710","1","6","4","03",0,2,"A",,,,,,1500,11,"C","C","A","RT 80","CENTRAL AV",528,"E","N","2009-07-01",9370,"2008-11-22",1205,"18753",,"1","5","0","1",,"2","082","-","Y","CC",4,80,"-","-",0.35,"H","-","W","N",2,"A","-",22350,,"N","A","H","-","A","D","6","Y","A","01",0,0,2,0,0,0,0,0,0,"-","-","RICHMOND","CONTRA COSTA","CA",0,0
"4029607",-122.363303438,37.9742279053,2008,"0710","0","2","3","05",0,1,"A",,,,,,1800,10,"E","I","A","RICHMOND PKWY","GOODRICK AV",575,"N","N","2009-06-02",710,"2008-10-28",1741,"1281",,"5","5","0","0",,"0",,"-","N",,0,0,,,0,,,,"N",1,"A","-",21650,,"N","A","H","-","A","D","0","Y","-","-",0,1,0,0,0,0,0,0,0,"-","-","RICHMOND","CONTRA COSTA","CA",0,0
"4029611",-122.340973172,37.9436454773,2008,"0710","0","2","3","05",0,3,"A",,,,,,2100,10,"D","C","A","GARVIN AV","28TH ST",0,,"Y","2009-06-03",710,"2008-10-28",1956,"1281",,"5","5","0","0",,"0",,"-","N",,0,0,,,0,,,,"Y",7,"A","-",21650,,"F","A","H","-","C","A","0","Y","A","01",0,1,2,0,0,0,0,0,0,"-","-","RICHMOND","CONTRA COSTA","CA",0,0
"4029615",-122.341143418,37.9391746521,2008,"0710","0","4","2","10",0,1,"A","Y",,,,,1200,10,"G","B","D","ROOSEVELT AV","28TH ST",3,"W","N","2009-06-03",710,"2008-10-02",1146,"1324","NORT","5","5","0","0",,"0","007","-","N",,0,0,,,0,,,,"Y",2,"A","-",21950,"A","N","A","H","-","A","D","0","Y","A","01",1,0,0,0,1,0,0,0,0,"-","-","RICHMOND","CONTRA COSTA","CA",0,0
"4030096",-122.33821,37.92524,2009,"0710","0","5","3","05",0,1,"A",,"Y",,"Y",,1800,1,"B","G","A","CARLSON BLVD","CUTTING BL",0,,"Y","2009-09-15",710,"2009-01-09",1518,"1324",,"5","5","0","0",,"0","003","-","N",,0,0,,,0,,,,"N",2,"A","-",21202,"A","N","A","H","-","A","A","0","Y","L","04",0,1,0,0,0,0,1,0,0,"-","-","RICHMOND","CONTRA COSTA","CA",0,0
"4032420",-122.309999235,37.899324543,2008,"0710","1","1","4","03",0,1,"B",,,,,,900,12,"C","D","A","RT 80","CENTRAL AV",264,"W","N","2009-09-03",9370,"2008-12-08",810,"01066",,"1","5","0","1",,"2","082","-","Y","CC",4,80,"-","-",0.17,"H","-","W","N",3,"A","-",22350,,"N","A","H","-","A","D","6","Y","A","07",0,0,1,0,0,0,0,0,0,"-","-","RICHMOND","CONTRA COSTA","CA",0,0
"4041842",-122.34958,37.93687,2009,"0710","0","3","3","12",0,1,"A",,,,,,1200,1,"D","C","A","NEVIN AV","21ST ST",0,,"Y","2009-08-29",710,"2009-01-14",1150,"348",,"5","5","0","0",,"0",,"-","N",,0,0,,,0,,,,"Y",2,"A","-",22450,"A","F","A","H","-","A","A","0","Y","-","-",0,1,0,0,0,0,0,0,0,"-","-","RICHMOND","CONTRA COSTA","CA",0,0
"4041845",-122.35742,37.94596,2009,"0710","0","4","3","12",0,1,"B",,"Y",,,,900,1,"D","G","A","13TH ST","LINCOLN AV",0,,"Y","2009-08-29",710,"2009-01-08",630,"1242",,"5","5","0","0",,"0",,"-","N",,0,0,,,0,,,,"N",2,"A","-",21453,"A","F","A","H","-","A","A","0","Y","A","01",0,1,0,0,0,0,1,0,0,"-","-","RICHMOND","CONTRA COSTA","CA",0,0
"4041853",0,0,2009,"0710","0","4","4","05",0,1,"B",,,,,,900,1,"E","I","A","REGATTA BL","MEEKER AV",170,"S","N","2009-08-29",710,"2009-01-01",856,"1242",,"5","5","0","0",,"0",,"-","N",,0,0,,,0,,,,"Y",1,"A","-",21650,,"N","A","H","-","A","D","0","Y","A","01",0,0,1,0,0,0,0,0,0,"-","-","RICHMOND","CONTRA COSTA","CA",0,0
"4043095",-122.32315495,37.910997887,2009,"0710","1","5","4","03",0,2,"C",,,,,,900,2,"-","C","A","RT 580","BAYVIEW AV",10,"W","N","2009-12-17",9370,"2009-02-06",845,"19156",,"1","5","0","1",,"2","058","-","Y","CC",4,580,"-","-",1.2,"H","-","E","Y",2,"A","-",22350,,"N","B","H","-","A","D","1","Y","A","01",0,0,2,0,0,0,0,0,0,"-","-","RICHMOND","CONTRA COSTA","CA",-122.324,37.91197
"4043103",-122.324602332,37.940055446,2009,"0710","1","5","4","04",0,1,"B",,,,,,1800,2,"C","C","A","RT 80","SAN PABLO AV",950,"E","N","2009-12-28",9370,"2009-02-06",1500,"19079",,"2","5","0","1",,"2","082","-","Y","CC",4,80,"-","-",3.17,"H","-","E","N",2,"A","-",21703,,"N","B","H","-","A","D","6","Y","A","01",0,0,1,0,0,0,0,0,0,"-","-","RICHMOND","CONTRA COSTA","CA",-122.32469,37.93995
"4054988",-122.323131738,37.928296978,2008,"0710","1","6","2","08",0,4,"A","Y",,,,,600,10,"C","E","E","RT 80","CUTTING BL",591,"E","N","2009-06-09",9370,"2008-10-18",330,"18896",,"3","5","0","1",,"2","082","-","Y","CC",4,80,"-","-",2.19,"H","-","W","Y",4,"A","-",22107,,"N","A","H","-","C","D","6","Y","A","01",1,2,1,0,1,0,0,0,0,"-","-","RICHMOND","CONTRA COSTA","CA",0,0
"4055930",-122.323674044,37.929109478,2008,"0710","1","5","4","03",0,1,"A",,,,,,1200,11,"C","C","A","RT 80","CUTTING BL",1056,"E","N","2009-07-02",9370,"2008-11-21",910,"18753",,"1","5","0","1",,"2","082","-","Y","CC",4,80,"-","-",2.28,"H","-","W","N",3,"A","-",22350,,"N","A","H","-","A","D","6","Y","A","08",0,0,1,0,0,0,0,0,0,"-","-","RICHMOND","CONTRA COSTA","CA",0,0
"4055961",-122.315149121,37.985473118,2008,"0710","1","5","4","03",0,1,"A",,,,,,1800,11,"C","C","A","RT 80","RICHMOND PKWY",528,"W","N","2009-07-06",9370,"2008-11-21",1715,"18316",,"2","5","0","1",,"2","083","-","Y","CC",4,80,"-","-",6.64,"H","-","E","Y",2,"A","-",22350,,"N","A","H","-","C","D","6","Y","A","01",0,0,1,0,0,0,0,0,0,"-","-","RICHMOND","CONTRA COSTA","CA",0,0
"4055990",-122.316539998,37.90943143,2008,"0710","1","5","3","07",0,1,"A",,,"Y",,,1800,11,"B","C","A","RT 80","CARLSON BL",528,"W","N","2009-07-02",9370,"2008-11-14",1542,"18316",,"2","5","0","1",,"2","082","-","Y","CC",4,80,"-","-",0.9,"H","-","E","Y",2,"A","-",21658,"A","N","A","H","-","A","D","6","Y","A","01",0,1,0,0,0,0,0,0,1,"-","-","RICHMOND","CONTRA COSTA","CA",0,0
"4056806",-122.348572724,37.921728294,2008,"0710","1","4","4","03",0,1,"C",,,,,,300,12,"E","I","A","RT 580","S 23RD ST",470,"W","N","2009-09-01",9370,"2008-12-25",248,"18499",,"3","5","0","1",,"2","058","-","Y","CC",4,580,"-","R",2.98,"H","-","E","Y",1,"A","-",22350,,"N","B","H","-","C","D","1","Y","D","22",0,0,1,0,0,0,0,0,0,"-","-","RICHMOND","CONTRA COSTA","CA",0,0
"4056825",-122.312305972,37.902852279,2008,"0710","1","2","4","03",0,2,"B",,,,,,1800,12,"C","C","A","RT 80","CENTRAL AV",520,"E","N","2009-09-03",9370,"2008-12-23",1715,"19059",,"2","5","0","1",,"2","082","-","Y","CC",4,80,"-","-",0.35,"H","-","W","Y",3,"A","-",22350,,"N","A","H","-","D","D","6","Y","A","01",0,0,2,0,0,0,0,0,0,"-","-","RICHMOND","CONTRA COSTA","CA",0,0
"4056869",-122.388421634,37.92991209,2008,"0710","1","4","4","03",0,1,"A",,,,,,900,12,"C","C","A","RT 580","CASTRO ST",792,"W","N","2009-09-01",9370,"2008-12-18",745,"19051",,"1","5","0","1",,"2","058","-","Y","CC",4,580,"-","R",5.32,"H","-","W","Y",2,"A","-",22350,,"N","A","H","-","A","D","1","Y","A","01",0,0,1,0,0,0,0,0,0,"-","-","RICHMOND","CONTRA COSTA","CA",0,0
"4056930",-122.34751537,37.9434814453,2008,"0710","0","3","4","06",0,2,"B",,,,,,1500,12,"B","C","A","23RD ST","GARVIN AV",52,"S","N","2009-07-14",710,"2008-12-24",1441,"1242",,"5","5","0","0",,"0",,"C","N",,0,0,,,0,,,,"N",2,"A","-",21750,,"N","B","H","-","A","D","0","Y","D","22",0,0,2,0,0,0,0,0,0,"-","-","RICHMOND","CONTRA COSTA","CA",0,0
"4056946",-122.318683164,37.9116439819,2008,"0710","0","4","4","09",0,2,"A",,,,,,2400,12,"A","C","A","CARLSON BL","IMPERIAL AV",0,,"Y","2009-07-14",710,"2008-12-25",2109,"1281",,"5","5","0","0",,"0",,"-","N",,0,0,,,0,,,,"Y",3,"A","-",21801,"A","N","A","H","-","C","A","0","Y","A","01",0,0,2,0,0,0,0,0,0,"-","-","RICHMOND","CONTRA COSTA","CA",0,0
"4060481",-122.355243173,37.9356651306,2008,"0710","0","7","4","10",0,1,"A","Y",,,,,1500,12,"G","B","B","MACDONALD AV","15TH ST",0,,"Y","2009-08-19",710,"2008-12-28",1450,"1482",,"5","5","0","0",,"0",,"-","N",,0,0,,,0,,,,"N",2,"A","-",21950,"A","N","A","D","-","A","C","0","Y","-","-",0,0,1,0,1,0,0,0,0,"-","-","RICHMOND","CONTRA COSTA","CA",0,0
"4060494",-122.360012303,37.9757499695,2008,"0710","0","4","3","03",0,1,"B",,,,,,2400,12,"E","I","A","RICHMOND PKY","GIANT HWY",2640,"S","N","2009-08-18",710,"2008-12-18",2125,"1489",,"5","5","0","0",,"0","008","C","N",,0,0,,,0,,,,"Y",1,"A","-",22350,,"N","B","H","-","C","D","0","Y","-","-",0,1,0,0,0,0,0,0,0,"-","-","RICHMOND","CONTRA COSTA","CA",0,0
"4060502",-122.317013046,37.987,2008,"0710","0","2","2","01",0,4,"A",,,,,"Y",2400,12,"D","C","A","RICHMOND PKY","BLUME DR",0,,"Y","2009-09-01",710,"2008-12-23",2131,"1281",,"5","5","0","0",,"0",,"-","Y","CC",4,80,"-","-",6.856,"R","4","W","Y",3,"A","-",23152,"A","F","B","H","-","C","A","0","Y","A","01",1,1,2,0,0,0,0,0,0,"-","-","RICHMOND","CONTRA COSTA","CA",0,0
"4060510",-122.361863174,37.9383544922,2008,"0710","0","5","4","09",0,2,"A",,,,,,2100,12,"A","C","A","BARRETT AV","8TH ST",0,,"Y","2009-08-19",710,"2008-12-19",1800,"1478","0710","5","5","0","0",,"0","006","-","N",,0,0,,,0,,,,"Y",2,"A","-",21802,"A","N","A","H","-","C","D","0","Y","-","-",0,0,2,0,0,0,0,0,0,"-","-","RICHMOND","CONTRA COSTA","CA",0,0
"4060513",-122.32475317,37.9490661621,2008,"0710","0","6","4","08",0,1,"A",,,,,,1800,12,"D","C","A","MCBRYDE AV","KERN ST",0,,"Y","2009-08-19",710,"2008-12-20",1634,"1459","BAYM","5","5","0","0",,"0","007","-","N",,0,0,,,0,,,,"Y",3,"A","-",22107,,"F","A","H","-","A","D","0","Y","-","-",0,0,1,0,0,0,0,0,0,"-","-","RICHMOND","CONTRA COSTA","CA",0,0
"4060526",-122.347473173,37.9473953247,2008,"0710","0","6","3","10",0,2,"A","Y",,,,,2400,12,"G","B","B","COALINGA AV","23RD ST",0,,"Y","2009-08-19",710,"2008-12-06",2130,"1459","BAYM","5","5","0","0",,"0","007","-","N",,0,0,,,0,,,,"N",3,"A","-",21950,"A","F","A","H","-","C","D","0","Y","-","-",0,2,0,0,2,0,0,0,0,"-","-","RICHMOND","CONTRA COSTA","CA",0,0
"4060533",0,0,2008,"0710","0","5","4","12",0,1,"A",,,,,,1500,12,"D","C","A","MACDONALD AV","HARRY ELLS PL",0,,"Y","2009-08-19",710,"2008-12-12",1346,"1324","NORT","5","5","0","0",,"0","007","-","N",,0,0,,,0,,,,"N",2,"A","-",21453,"A","N","A","H","-","A","A","0","Y","-","-",0,0,1,0,0,0,0,0,0,"-","-","RICHMOND","CONTRA COSTA","CA",0,0
"4060537",-122.338396493,37.925239563,2008,"0710","0","1","4","03",0,4,"C",,,,,,900,12,"C","C","A","CUTTING BL","CARLSON BL",50,"W","N","2009-08-19",710,"2008-12-15",817,"1242",,"5","5","0","0",,"0",,"-","N",,0,0,,,0,,,,"N",2,"A","-",22350,,"F","B","H","-","A","A","0","Y","A","01",0,0,4,0,0,0,0,0,0,"-","-","RICHMOND","CONTRA COSTA","CA",0,0
"4060538",-122.360063173,37.9308433533,2008,"0710","0","5","4","12",0,3,"A",,,,,,2400,12,"D","C","A","HARBOR WY","OHIO AV",0,,"Y","2009-08-19",710,"2008-12-05",2110,"1332",,"5","5","0","0",,"0","002","-","N",,0,0,,,0,,,,"Y",2,"A","-",21453,"A","N","A","H","-","C","A","0","Y","A",,0,0,3,0,0,0,0,0,0,"-","-","RICHMOND","CONTRA COSTA","CA",0,0
"4060542",0,0,2008,"0710","0","7","4","05",0,1,"A",,,,,,600,12,"E","I","A","23RD ST","LIGHTH POLE #12517",109,"S","N","2009-08-18",710,"2008-12-14",355,"1445",,"5","5","0","0",,"0","002","-","N",,0,0,,,0,,,,"N",1,"A","-",21650,,"N","A","H","-","C","A","0","Y","-","-",0,0,1,0,0,0,0,0,0,"-","-","RICHMOND","CONTRA COSTA","CA",0,0
"4060553",0,0,2008,"0710","0","4","3","09",0,3,"A",,,,,,1500,12,"D","C","A","HILLTOP MALL RD","HILLVIEW DR",272,"E","N","2009-08-19",710,"2008-12-11",1237,"1119",,"5","5","0","0",,"0","008","-","N",,0,0,,,0,,,,"Y",2,"A","-",21801,"A","N","A","H","-","A","D","0","Y","A","01",0,1,2,0,0,0,0,0,0,"-","-","RICHMOND","CONTRA COSTA","CA",0,0
"4060554",-122.334313168,37.9253768921,2008,"0710","0","4","4","10",0,1,"A","Y",,,,,900,12,"G","B","B","CUTTING BL","S 37TH ST",0,,"Y","2009-08-19",710,"2008-12-11",849,"1324","SOUT","5","5","0","0",,"0","003","-","N",,0,0,,,0,,,,"Y",2,"A","-",21950,"A","N","A","H","-","A","A","0","Y","A","07",0,0,1,0,1,0,0,0,0,"-","-","RICHMOND","CONTRA COSTA","CA",0,0
"4060558",-122.334793169,37.9301834106,2008,"0710","0","6","4","00",0,1,"A","Y",,,,,2100,12,"G","B","B","SOUTH 37TH","CENTER AV",0,,"Y","2009-08-18",710,"2008-12-13",1900,"1461","SOUT","5","5","0","0",,"0","003","-","N",,0,0,,,0,,,,"N",2,"D","-",0,,"N","A","H","-","C","D","0","Y","-","-",0,0,1,0,1,0,0,0,0,"-","-","RICHMOND","CONTRA COSTA","CA",0,0
"4061283",-122.362960206,37.9742660522,2008,"0710","0","2","4","18",0,1,"A",,,,,,2100,12,"E","I","A","RICHMOND PKY","GOODRICK AV",675,"N","N","2009-08-19",710,"2008-12-09",2001,"1281",,"5","5","0","0",,"0",,"-","N",,0,0,,,0,,,,"Y",1,"C","-",0,,"N","A","H","-","C","D","0","Y","-","-",0,0,1,0,0,0,0,0,0,"-","-","RICHMOND","CONTRA COSTA","CA",0,0
"4061284",-122.32572317,37.9487762451,2008,"0710","0","1","4","09",0,1,"A",,,"Y",,,1800,12,"B","C","A","AMADOR ST","MCBRYDE AV",0,,"Y","2009-08-19",710,"2008-12-08",1700,"1119",,"5","5","0","0",,"0","007","-","N",,0,0,,,0,,,,"Y",2,"A","-",21801,"A","N","A","H","-","C","A","0","Y","A","01",0,0,1,0,0,0,0,0,1,"-","-","RICHMOND","CONTRA COSTA","CA",0,0
"4061288",-122.32555244,37.9211883545,2008,"0710","0","5","4","21",0,1,"A",,,,,,2100,12,"D","C","A","POTRERO AV","47TH ST",20,"N","N","2009-08-19",710,"2008-12-05",2008,"1380",,"5","5","0","0",,"0","003","-","N",,0,0,,,0,,,,"Y",3,"A","-",22106,,"F","A","H","-","C","D","0","Y","-","-",0,0,1,0,0,0,0,0,0,"-","-","RICHMOND","CONTRA COSTA","CA",0,0
"4061354",-122.341156109,37.975769043,2008,"0710","0","1","4","08",0,1,"B",,,,,,900,12,"B","C","A","ROBERT MILLER DR","SAN PABLO AV",300,"E","N","2009-08-18",710,"2008-12-08",853,"1242",,"5","5","0","0",,"0",,"-","N",,0,0,,,0,,,,"Y",2,"A","-",22107,,"F","A","H","-","A","D","0","Y","A","01",0,0,1,0,0,0,0,0,0,"-","-","RICHMOND","CONTRA COSTA","CA",0,0
"4065176",-122.327451674,37.974811554,2008,"0710","0","2","4","08",0,1,"C",,,,,,300,12,"B","E","A","CUTHBERTSON LN","GROOM DR",130,"N","N","2009-07-13",710,"2008-12-23",244,"1023",,"5","5","0","0",,"0",,"-","N",,0,0,,,0,,,,"Y",2,"A","-",22107,,"N","B","H","-","C","D","0","Y","A","01",0,0,1,0,0,0,0,0,0,"-","-","RICHMOND","CONTRA COSTA","CA",0,0
"4067774",-122.317373165,37.916612095,2009,"0710","1","2","4","04",0,1,"A",,,,,,900,1,"C","C","A","RT 80","CARLSON AV",2112,"E","N","2009-10-05",9370,"2009-01-13",720,"19160",,"1","5","0","1",,"2","082","-","Y","CC",4,80,"-","-",1.43,"H","-","E","Y",3,"A","-",21703,,"N","A","H","-","A","D","6","Y","A","01",0,0,1,0,0,0,0,0,0,"-","-","RICHMOND","CONTRA COSTA","CA",-122.3174,37.91348
"4067809",-122.326363168,37.933015007,2009,"0710","1","5","3","08",0,1,"A",,,,,,1800,1,"E","I","A","RT 80","BARRETT AV",90,"W","N","2009-10-05",9370,"2009-01-16",1526,"18965",,"2","5","0","1",,"2","082","-","Y","CC",4,80,"-","-",2.716,"R","2","W","N",1,"A","-",22107,,"N","A","H","-","A","D","6","Y","A","01",0,1,0,0,0,0,0,0,0,"FR","-","RICHMOND","CONTRA COSTA","CA",-122.32736,37.93502
"4067818",-122.317723172,37.978155011,2009,"0710","1","2","4","03",0,1,"A",,,,,,1800,1,"C","C","A","RT 80","HILLTOP DR",263,"E","N","2009-10-02",9370,"2009-01-13",1750,"13964",,"2","5","0","1",,"2","083","-","Y","CC",4,80,"-","-",6.03,"H","-","E","N",2,"A","-",22350,,"N","A","H","-","C","D","6","Y","A","01",0,0,1,0,0,0,0,0,0,"-","-","RICHMOND","CONTRA COSTA","CA",-122.318,37.97703
"4067830",-122.32433885,37.940658151,2009,"0710","1","2","3","08",0,1,"A",,,,,,1200,1,"E","J","A","RT 80","SOLANO AV",385,"W","N","2009-10-02",9370,"2009-01-13",1100,"14353",,"1","5","0","1",,"2","082","-","Y","CC",4,80,"-","-",3.29,"H","-","E","Y",1,"A","-",22107,,"N","A","H","-","A","D","6","Y","A","01",0,1,0,0,0,0,0,0,0,"-","-","RICHMOND","CONTRA COSTA","CA",-122.32355,37.94228
"4069177",-122.34205,37.93496,2009,"0710","0","1","4","09",0,2,"A",,,,,,1200,1,"D","C","A","MACDONALD AV","28TH ST",0,,"Y","2009-08-25",710,"2009-01-12",1042,"1119",,"5","5","0","0",,"0","007","-","N",,0,0,,,0,,,,"Y",2,"A","-",21802,"A","N","A","H","-","A","A","0","Y","D","22",0,0,2,0,0,0,0,0,0,"-","-","RICHMOND","CONTRA COSTA","CA",0,0
"4069775",-122.316447446,37.902866292,2008,"0710","1","4","4","03",0,1,"A",,,,,,900,11,"C","C","A","RT 580","CENTRAL AV",1056,"W","N","2009-07-16",9370,"2008-11-13",740,"18753",,"1","5","0","1",,"2","058","-","Y","CC",4,580,"-","-",0.44,"H","-","E","Y",2,"A","-",22350,,"N","A","H","-","A","D","1","Y","A","01",0,0,1,0,0,0,0,0,0,"-","-","RICHMOND","CONTRA COSTA","CA",0,0
"4069818",-122.313888435,37.905232186,2008,"0710","1","2","4","01",0,2,"A",,,,,"Y",2100,11,"C","C","A","RT 80","CENTRAL AV",2112,"E","N","2009-07-16",9370,"2008-11-25",2058,"19091",,"2","5","0","1",,"2","082","-","Y","CC",4,80,"-","-",0.65,"H","-","W","Y",2,"A","-",23152,"A","M","A","H","-","D","D","6","Y","A","01",0,0,2,0,0,0,0,0,0,"-","-","RICHMOND","CONTRA COSTA","CA",0,0