"CASEID","POINT_X","POINT_Y","YEAR_","LOCATION","CHPTYPE","DAYWEEK","CRASHSEV","VIOLCAT","KILLED","INJURED","WEATHER1","PEDCOL","BICCOL","MCCOL","TRUCKCOL","ETOH","TIMECAT","MONTH_","CRASHTYP","INVOLVE","PED","PRIMARYRD","SECONDRD","DISTANCE","DIRECT","INTERSECT_","PROCDATE","JURIS","DATE_","TIME_","BADGE","JURIDIST","SHIFT","POP","SPECIAL","BEATTYPE","LAPDDIV","BEATCLAS","BEATNUMB","WEATHER2","STATEHW","CALTRANC","CALTRAND","STROUTE","ROUTESUF","POSTPRE","POSTMILE","LOCATYPE","RAMP","SIDEHW","TOWAWAY","PARTIES","PCF","VIOLCODE","VIOL","VIOLSUB","HITRUN","ROADSURF","RDCOND1","RDCOND2","LIGHTING","RIGHTWAY","CHPRDTYP","NOTPRIV","STFAULT","CHPFAULT","SEVINJ","OTHERINJ","COP","PEDKILL","PEDINJ","BICKILL","BICINJ","MCKILL","MCINJURE","RAMP1","RAMP2","CITY","COUNTY","STATE","X_CHP","Y_CHP"
"4905930",0,0,2010,"0710","0","7","3","08",0,1,"A",,,"Y",,,1200,9,"D","C","A","HARBOUR WY","LOT 131 HARBOUR WY",25,"N","N","2011-10-20",710,"2010-09-26",938,"1242",,"5","5","0","0",,"0",,"-","N",,0,0,,,0,,,,"N",3,"A","-",22100,"A","N","A","H","-","A","D","0","Y","A","07",0,1,0,0,0,0,0,0,0,"-","-","RICHMOND","CONTRA COSTA","CA",0,0
"4905934",-122.323493167,37.932355007,2010,"0710","0","6","3","-",0,1,"A","Y",,,,"Y",1800,9,"G","B","B","MACDONALD AV","SAN PABLO AV",0,,"Y","2011-10-20",710,"2010-09-18",1605,"1242",,"5","5","0","0",,"0",,"-","N",,0,0,,,0,,,,"N",2,"A","-",0,,"N","A","H","-","A","A","0","Y","N","60",0,1,0,0,1,0,0,0,0,"-","-","RICHMOND","CONTRA COSTA","CA",0,0
"4905946",-122.290833167,37.975465013,2010,"0710","0","3","4","09",0,1,"A",,,,,,900,9,"D","C","A","VALLEY VIEW DR","FLEETWOOD DR",0,,"Y","2011-10-20",710,"2010-09-22",815,"1324",,"5","5","0","0",,"0","009","-","N",,0,0,,,0,,,,"N",2,"A","-",21802,"A","N","A","H","-","A","D","0","Y","A","08",0,0,1,0,0,0,0,0,0,"-","-","RICHMOND","CONTRA COSTA","CA",0,0
"4905953",-122.318715033,37.911661608,2010,"0710","0","1","4","12",0,1,"A",,,,,,1500,9,"D","C","A","CARLSON BL","55TH ST",11,"N","N","2011-10-20",710,"2010-09-20",1457,"1119",,"5","5","0","0",,"0","003","-","N",,0,0,,,0,,,,"N",2,"A","-",21453,"A","N","A","H","-","A","A","0","Y","A","01",0,0,1,0,0,0,0,0,0,"-","-","RICHMOND","CONTRA COSTA","CA",0,0
"4905954",-122.357233175,37.949575006,2010,"0710","0","2","3","10",0,2,"A","Y",,,,,2100,9,"G","B","B","13TH ST","RHEEM AV",0,,"Y","2011-10-20",710,"2010-09-21",1921,"1261",,"5","5","0","0",,"0","005","-","N",,0,0,,,0,,,,"N",3,"A","-",21950,"A","N","A","H","-","C","A","0","Y","A","01",0,1,1,0,2,0,0,0,0,"-","-","RICHMOND","CONTRA COSTA","CA",0,0
"4905957",-122.3600232,37.93847501,2010,"0710","0","2","4","03",0,2,"A",,,,,"Y",2100,9,"B","E","A","HARBOUR WAY","HARBOUR WAY 500",6,"W","N","2011-12-16",710,"2010-09-21",2023,"1454",,"5","5","0","0",,"0","005","-","N",,0,0,,,0,,,,"Y",2,"A","-",22350,,"N","A","H","-","C","D","0","Y","-","-",0,0,2,0,0,0,0,0,0,"-","-","RICHMOND","CONTRA COSTA","CA",0,0
"4905969",-122.347515285,37.943487664,2010,"0710","0","5","4","03",0,1,"A",,,,,,900,9,"C","C","A","23RD ST","GARVIN AV",50,"S","N","2011-10-20",710,"2010-09-17",842,"1242",,"5","5","0","0",,"0",,"-","N",,0,0,,,0,,,,"N",2,"A","-",22350,,"F","A","H","-","A","D","0","Y","A","01",0,0,1,0,0,0,0,0,0,"-","-","RICHMOND","CONTRA COSTA","CA",0,0
"4905970",-122.348603172,37.935755005,2010,"0710","0","5","4","12",0,1,"A",,,,,,600,9,"D","D","A","MACDONALD AV","22ND ST",0,,"Y","2011-12-17",710,"2010-09-17",511,"1270",,"5","5","0","0",,"0",,"-","N",,0,0,,,0,,,,"Y",2,"A","-",21453,"A","N","A","H","-","C","A","0","Y","-","-",0,0,1,0,0,0,0,0,0,"-","-","RICHMOND","CONTRA COSTA","CA",0,0
"4905989",-122.330753881,37.947258723,2010,"0710","0","2","3","08",0,1,"A",,"Y",,,,1800,9,"G","G","A","MCBRYDE AV","SAN PABLO AV",3,"E","N","2011-10-20",710,"2010-09-28",1613,"1119",,"5","5","0","0",,"0","007","-","N",,0,0,,,0,,,,"N",2,"A","-",22100,"B","N","A","H","-","A","A","0","Y","L","04",0,1,0,0,0,0,1,0,0,"-","-","RICHMOND","CONTRA COSTA","CA",0,0
"4905994",-122.355192441,37.925217497,2010,"0710","0","3","4","05",0,1,"A",,,,,,1500,9,"H","I","A","CUTTING BL","15TH ST",69,"W","N","2011-10-20",710,"2010-09-15",1445,"1119",,"5","5","0","0",,"0","002","-","N",,0,0,,,0,,,,"N",1,"A","-",21650,,"M","A","D","-","A","D","0","Y","A","01",0,0,1,0,0,0,0,0,0,"-","-","RICHMOND","CONTRA COSTA","CA",0,0
"4906013",-122.350822353,37.981341505,2010,"0710","0","6","4","05",0,1,"B",,,,,,900,10,"E","I","A","RICHMOND PKWY","GIANT HWY",700,"E","N","2012-04-17",710,"2010-10-02",807,"1242",,"5","5","0","0",,"0",,"-","N",,0,0,,,0,,,,"Y",1,"A","-",21650,,"N","A","H","-","A","D","0","Y","A","01",0,0,1,0,0,0,0,0,0,"-","-","RICHMOND","CONTRA COSTA","CA",0,0
"4924902",-122.36227756,37.925046496,2010,"0710","1","4","3","01",0,1,"A",,,,"Y",,1200,8,"C","C","A","RT 580","HARBOUR WY",871,"W","N","2012-01-09",9370,"2010-08-12",1150,"14747",,"1","5","0","1",,"2","058","-","Y","CC",4,580,"-","R",3.76,"H","-","W","Y",2,"A","-",23152,"A","N","A","H","-","A","D","1","Y","A","01",0,1,0,0,0,0,0,0,0,"-","-","RICHMOND","CONTRA COSTA","CA",-122.36541,37.92667
"4924927",-122.389513177,37.930185002,2010,"0710","1","2","3","08",0,1,"A",,,,"Y",,1200,9,"F","A","A","RT 580","MARINE ST",195,"E","N","2012-01-25",9370,"2010-09-28",1118,"18575",,"1","5","0","1",,"2","058","-","Y","CC",4,580,"-","R",5.39,"R","2","E","Y",1,"A","-",22107,,"N","A","H","-","A","D","1","Y","G","25",0,1,0,0,0,0,0,0,0,"FR","-","RICHMOND","CONTRA COSTA","CA",-122.39072,37.93059
"4929814",-122.350553172,37.938455005,2010,"0710","0","1","3","09",0,4,"A",,,,,,2400,10,"B","C","A","BARRETT AV","20TH ST",0,,"Y","2011-11-16",710,"2010-10-11",2115,"1546","CENTR","5","5","0","0",,"0","004","-","N",,0,0,,,0,,,,"Y",2,"A","-",21802,"A","N","A","H","-","C","D","0","Y","-","-",0,1,3,0,0,0,0,0,0,"-","-","RICHMOND","CONTRA COSTA","CA",0,0
"4929818",-122.347523172,37.941319847,2010,"0710","0","1","2","11",0,1,"A","Y",,,,,900,10,"G","B","D","23RD ST","GRANT ST",31,"S","N","2011-11-16",710,"2010-10-11",658,"1261",,"5","5","0","0",,"0",,"-","N",,0,0,,,0,,,,"N",2,"A","-",21954,"A","N","A","H","-","B","A","0","Y","N","60",1,0,0,0,1,0,0,0,0,"-","-","RICHMOND","CONTRA COSTA","CA",0,0
"4929826",-122.360307177,37.934105005,2010,"0710","0","5","3","09",0,1,"A",,"Y",,,,1200,10,"H","G","A","BISSELL AV","HARBOUR WY",79,"W","N","2011-11-16",710,"2010-10-08",1012,"1324","CENTR","5","5","0","0",,"0","006","-","N",,0,0,,,0,,,,"Y",2,"A","-",21804,"A","F","A","H","-","A","D","0","Y","A","01",0,1,0,0,0,0,1,0,0,"-","-","RICHMOND","CONTRA COSTA","CA",0,0
"4942662",-122.314273173,37.986975012,2010,"0710","1","1","3","08",0,3,"A",,,,,,1500,7,"D","C","A","RT 80","RICHMOND PKWY",247,"W","N","2011-09-22",9370,"2010-07-12",1420,"19169",,"2","5","0","1",,"2","083","-","Y","CC",4,80,"-","-",6.69,"H","-","E","Y",3,"A","-",22107,,"N","A","H","-","A","D","6","Y","A","01",0,2,1,0,0,0,0,0,0,"-","-","RICHMOND","CONTRA COSTA","CA",-122.18532,37.59007
"4942666",0,0,2010,"0710","1","1","3","07",0,1,"A",,,"Y",,,2400,7,"B","C","A","RT 80","FITZGERALD DR",900,"W","N","2011-08-09",9370,"2010-07-12",2205,"19156",,"3","5","0","1",,"2","083","-","Y",,0,0,,,0,,,,"Y",2,"A","-",21658,"A","F","A","H","-","D","D","0","Y","A","01",0,1,0,0,0,0,0,0,1,"-","-","RICHMOND","CONTRA COSTA","CA",-122.18577,37.59036
"4942669",-122.316833503,37.981503847,2010,"0710","1","3","3","08",0,1,"A",,,,,,2400,7,"F","A","A","RT 80","HILLTOP DR",1677,"E","N","2011-09-22",9370,"2010-07-21",2330,"18896",,"3","5","0","1",,"2","083","-","Y","CC",4,80,"-","-",6.31,"H","-","W","Y",1,"A","-",22107,,"N","A","H","-","C","D","6","Y","A","01",0,1,0,0,0,0,0,0,0,"-","-","RICHMOND","CONTRA COSTA","CA",-122.31693,37.98084
"4942677",-122.313409132,37.904927582,2010,"0710","1","2","2","00",0,1,"A",,,"Y",,,1800,7,"B","C","A","RT 80","SACRAMENTO",210,"E","N","2011-09-22",9370,"2010-07-27",1520,"14747",,"2","5","0","1",,"2","082","-","Y","CC",4,80,"-","-",0.54,"H","-","E","Y",2,"D","-",0,,"N","A","H","-","A","D","6","Y","-","-",1,0,0,0,0,0,0,0,1,"-","-","RICHMOND","CONTRA COSTA","CA",-122.31334,37.90515
"4942737",-122.366973177,37.957435006,2010,"0710","5","3","4","09",0,1,"A",,,,,,1200,8,"D","C","A","3RD ST","SILVER AV",0,,"Y","2011-09-14",9370,"2010-08-18",945,"18317",,"1","5","0","3",,"2","010","-","N",,0,0,,,0,,,,"Y",2,"A","-",21802,"A","N","A","H","-","A","A","0","Y","A","07",0,0,1,0,0,0,0,0,0,"-","-","RICHMOND","CONTRA COSTA","CA",-122.3669,37.95754
"4942742",-122.373772875,37.961215742,2010,"0710","5","7","4","08",0,1,"A",,,,,,300,8,"E","I","A","RICHMOND PKWY","PARR BL",2370,"E","N","2011-09-14",9370,"2010-08-01",240,"19750",,"3","5","0","3",,"2","010","-","N",,0,0,,,0,,,,"Y",1,"A","-",22107,,"N","A","H","-","C","D","0","Y","A","01",0,0,1,0,0,0,0,0,0,"-","-","RICHMOND","CONTRA COSTA","CA",-122.22078,37.58232
"4942800",-122.320738753,37.969600028,2010,"0710","1","1","4","08",0,1,"A",,,,,,2400,10,"E","I","A","RT80","EL PORTAL DR",250,"E","N","2012-02-13",9370,"2010-10-04",2330,"019935",,"3","5","0","1",,"2","083","-","Y","CC",4,80,"-","-",5.33,"H","-","W","N",1,"A","-",22107,,"N","A","H","-","C","D","6","Y","A","01",0,0,1,0,0,0,0,0,0,"-","-","RICHMOND","CONTRA COSTA","CA",-122.19224,37.5757
"4943010",-122.319472886,37.906841821,2010,"0710","1","4","4","01",0,1,"A",,,,,"Y",300,8,"F","A","A","RT 580","BAYVIEW AV",2120,"E","N","2012-01-09",9370,"2010-08-05",45,"19109",,"3","5","0","1",,"2","058","-","Y","CC",4,580,"-","-",0.81,"H","-","W","Y",1,"A","-",23152,"A","N","A","H","-","D","D","1","Y","A","01",0,0,1,0,0,0,0,0,0,"-","-","RICHMOND","CONTRA COSTA","CA",-122.1911,37.5426
"4943011",-122.322172189,37.909827324,2010,"0710","1","4","4","08",0,2,"A",,,,,,1800,8,"E","I","A","RT 580","BAYVIEW AV",650,"E","N","2012-04-12",9370,"2010-08-26",1535,"14769",,"2","5","0","1",,"2","058","-","Y","CC",4,580,"-","-",1.09,"H","-","E","Y",1,"A","-",22107,,"N","A","H","-","A","D","1","Y","A","01",0,0,2,0,0,0,0,0,0,"-","-","RICHMOND","CONTRA COSTA","CA",-122.19216,37.54381
"4943624",-122.326507631,37.949359088,2010,"0710","1","3","4","03",0,1,"B",,,,,,900,9,"C","C","A","RT 80","MCBRYDE AV",25,"E","N","2012-02-08",9370,"2010-09-08",810,"014822",,"1","5","0","1",,"2","082","-","Y","CC",4,80,"-","-",3.81,"H","-","W","Y",3,"A","-",22350,,"N","A","H","-","A","D","6","Y","A","01",0,0,1,0,0,0,0,0,0,"-","-","RICHMOND","CONTRA COSTA","CA",-122.19339,37.5655
"4943672",-122.31632369,37.983369521,2010,"0710","1","6","3","03",0,2,"A",,,,,"Y",600,9,"C","C","A","RT 80","RICHMOND PKWY",1245,"W","N","2012-02-08",9370,"2010-09-04",500,"019967",,"3","5","0","1",,"2","083","-","Y","CC",4,80,"-","-",6.5,"H","-","W","Y",2,"A","-",22350,,"N","A","H","-","A","D","6","Y","A","01",0,1,1,0,0,0,0,0,0,"-","-","RICHMOND","CONTRA COSTA","CA",-122.1858,37.5859
"4943831",-122.3207631,37.908113775,2010,"0710","1","2","4","07",0,1,"A",,,,,,900,10,"B","C","A","RT 580","BAYVIEW AV",1500,"E","N","2012-03-22",9370,"2010-10-12",810,"017193",,"1","5","0","1",,"2","083","-","Y","CC",4,580,"-","-",0.93,"H","-","E","N",2,"A","-",21658,"A","N","A","H","-","A","D","1","Y","D","22",0,0,1,0,0,0,0,0,0,"-","-","RICHMOND","CONTRA COSTA","CA",-122.32628,37.91463
"4943916",-122.323614317,37.929019035,2010,"0710","1","4","4","03",0,1,"A",,,,,,2400,9,"C","C","A","RT80","CUTTING BL",100,"E","N","2012-02-08",9370,"2010-09-09",2125,"019109",,"2","5","0","1",,"2","082","-","Y","CC",4,80,"-","-",2.27,"H","-","W","N",2,"A","-",22350,,"N","A","H","-","E","D","6","Y","A","01",0,0,1,0,0,0,0,0,0,"-","-","RICHMOND","CONTRA COSTA","CA",-122.32659,37.93303
"4944161",-122.330643172,37.959975009,2010,"0710","1","6","4","03",0,1,"A",,,,,,2400,7,"C","C","A","RT 80","SAN PABLO DAM RD",100,"E","N","2011-09-22",9370,"2010-07-31",2225,"19812",,"3","5","0","1",,"2","083","-","Y","CC",4,80,"-","-",4.477,"R","1","W","N",3,"A","-",22350,,"N","A","H","-","D","D","6","Y","A","01",0,0,1,0,0,0,0,0,0,"TO","-","RICHMOND","CONTRA COSTA","CA",-122.19496,37.57223
"4944171",-122.318133172,37.976875011,2010,"0710","1","4","4","03",0,2,"A",,,,,,1800,9,"C","C","A","RT 80","HILLTOP DR",166,"W","N","2012-02-08",9370,"2010-09-23",1705,"19169",,"2","5","0","1",,"2","083","-","Y","CC",4,80,"-","-",5.95,"H","-","E","Y",4,"A","-",22350,,"N","A","H","-","A","D","6","Y","A","01",0,0,2,0,0,0,0,0,0,"-","-","RICHMOND","CONTRA COSTA","CA",-122.31848,37.97567
"4944307",-122.373627628,37.95369557,2010,"0710","0","6","4","03",0,1,"A",,,,,,1200,8,"C","C","A","RICHMOND PKWY","GERTRUDE AV",126,"S","N","2011-03-28",710,"2010-08-07",1136,,,"5","5","0","0",,"0",,"B","N",,0,0,,,0,,,,"Y",2,"A","-",22350,,"M","A","H","-","A","A","0","Y","A","01",0,0,1,0,0,0,0,0,0,"-","-","RICHMOND","CONTRA COSTA","CA",-122.37344,37.95364
"4944400",-122.327865942,37.952167537,2010,"0710","1","4","4","03",0,1,"A",,,,,,1200,9,"C","C","A","RT 80","SAN PABLO DAM RD",1516,"W","N","2011-10-28",9370,"2010-09-09",920,"13964",,"1","5","0","1",,"2","082","-","Y","CC",4,80,"-","-",4.05,"H","-","W","N",2,"A","-",22350,,"N","-","A","H","A","D","6","Y","A","07",0,0,1,0,0,0,0,0,0,"-","-","RICHMOND","CONTRA COSTA","CA",-122.32779,37.952
"4944462",-122.309218396,37.897957251,2010,"0710","1","3","4","03",0,2,"A",,,,,,2100,9,"C","C","A","RT 80","ALAMEDA CO LINE",50,"E","N","2011-10-28",9370,"2010-09-01",1800,"13964",,"2","5","0","1",,"2","082","-","Y","CC",4,80,"-","-",0.01,"H","-","E","N",3,"A","-",22350,,"M","A","H","-","A","D","6","Y","D","22",0,0,2,0,0,0,0,0,0,"-","-","RICHMOND","CONTRA COSTA","CA",-122.30931,37.89813
"4945344",-122.311993129,37.989671051,2010,"0710","1","3","4","08",0,2,"A",,,,,,1200,8,"B","C","A","RT80","RICHMOND PKWY",528,"E","N","2011-10-06",9370,"2010-08-25",1125,"010663",,"1","5","0","1",,"2","083","-","Y","CC",4,80,"-","-",6.84,"H","-","W","Y",2,"A","-",22107,,"M","A","H","-","A","D","6","Y","A","01",0,0,2,0,0,0,0,0,0,"-","-","RICHMOND","CONTRA COSTA","CA",-122.18503,37.59177
"4945993",-122.323852275,37.929381125,2010,"0710","1","2","3","03",0,1,"A",,,"Y",,,2100,8,"C","C","A","RT 80","CUTTING BL",1200,"E","N","2011-10-17",9370,"2010-08-31",1830,"14747",,"2","5","0","1",,"2","082","-","Y","CC",4,80,"-","-",2.31,"H","-","W","Y",2,"A","-",22350,,"N","A","H","-","A","D","6","Y","A","07",0,1,0,0,0,0,0,0,1,"-","-","RICHMOND","CONTRA COSTA","CA",-122.32429,37.92976
"4947681",0,0,2010,"0710","0","6","3","05",0,2,"A",,,,,,1200,10,"E","I","A","SEACLIFF CT","CANAL BL",60,"S","N","2011-11-16",710,"2010-10-16",1032,"1242",,"5","5","0","0",,"0",,"-","N",,0,0,,,0,,,,"Y",1,"A","-",21650,,"F","A","H","-","A","D","0","Y","A","01",0,2,0,0,0,0,0,0,0,"-","-","RICHMOND","CONTRA COSTA","CA",0,0
"4947683",-122.338434122,37.935718817,2010,"0710","0","5","3","05",0,2,"B",,,,,,1800,10,"E","I","A","32ND ST","NEVIN AV",31,"N","N","2011-11-14",710,"2010-10-29",1603,"1242",,"5","5","0","0",,"0",,"-","N",,0,0,,,0,,,,"Y",1,"A","-",21650,,"N","A","H","-","A","D","0","Y","A","01",0,1,1,0,0,0,0,0,0,"-","-","RICHMOND","CONTRA COSTA","CA",0,0
"4947685",-122.34857395,37.938423805,2010,"0710","0","1","4","12",0,1,"A",,,,,,1200,10,"C","C","A","22ND ST","BARRETT AV",15,"W","N","2011-11-16",710,"2010-10-18",1145,"1519","CENTR","5","5","0","0",,"0","004","-","N",,0,0,,,0,,,,"N",2,"A","-",21453,"A","N","A","H","-","A","A","0","Y","A","01",0,0,1,0,0,0,0,0,0,"-","-","RICHMOND","CONTRA COSTA","CA",0,0
"4947689",0,0,2010,"0710","0","1","3","05",0,1,"B",,,,,,900,10,"E","I","A","HOFFMAN BL","SOUTH 7TH ST",2,"W","N","2012-01-05",710,"2010-10-18",804,"1282","SOUTH","5","5","0","0",,"0","001","-","N",,0,0,,,0,,,,"Y",1,"A","-",21650,,"N","A","H","-","A","D","0","Y","D","22",0,1,0,0,0,0,0,0,0,"-","-","RICHMOND","CONTRA COSTA","CA",0,0
"4947690",-122.313325558,37.909325006,2010,"0710","0","1","4","08",0,1,"A",,,,,,900,10,"C","E","A","CARLSON BL","SANTA CLARA ST",275,"S","N","2011-11-21",710,"2010-10-25",702,"1550","SOUTH","5","5","0","0",,"0","003","-","N",,0,0,,,0,,,,"Y",2,"A","-",22107,,"N","B","H","-","A","D","0","Y","A","01",0,0,1,0,0,0,0,0,0,"-","-","RICHMOND","CONTRA COSTA","CA",0,0
"4947693",-122.358093173,37.938365005,2010,"0710","0","5","4","09",0,1,"A",,,,,,1500,10,"D","C","A","BARRETT AV","12TH ST",0,,"Y","2011-11-16",710,"2010-10-15",1420,"1583",,"5","5","0","0",,"0","NORTH","-","N",,0,0,,,0,,,,"Y",2,"A","-",21801,"A","N","A","H","-","A","A","0","Y","A","01",0,0,1,0,0,0,0,0,0,"-","-","RICHMOND","CONTRA COSTA","CA",0,0
"4947694",-122.325273173,37.97897501,2010,"0710","0","2","4","09",0,2,"A",,,,,,1800,10,"A","C","A","GARRITY WY","HILLTOP MALL RD",0,,"Y","2011-11-16",710,"2010-10-26",1622,"1119",,"5","5","0","0",,"0","008","-","N",,0,0,,,0,,,,"Y",2,"A","-",21801,"A","N","A","H","-","A","D","0","Y","A","01",0,0,2,0,0,0,0,0,0,"-","-","RICHMOND","CONTRA COSTA","CA",0,0
"4947695",-122.361863174,37.938355005,2010,"0710","0","5","4","09",0,2,"B",,,,,,900,10,"D","C","A","BARRETT AV","8TH ST",0,,"Y","2011-11-14",710,"2010-10-29",630,"1224",,"5","5","0","0",,"0","005","C","N",,0,0,,,0,,,,"Y",2,"A","-",21802,"A","N","B","H","-","C","A","0","Y","A","01",0,0,2,0,0,0,0,0,0,"-","-","RICHMOND","CONTRA COSTA","CA",0,0
"4947697",0,0,2010,"0710","0","4","3","09",0,1,"A",,"Y",,,,900,10,"D","G","A","SAN PABLO AV","WAVERLY DR",0,,"Y","2011-11-16",710,"2010-10-14",815,"1324","NORTH","5","5","0","0",,"0","009","-","N",,0,0,,,0,,,,"N",2,"A","-",21804,"A","F","A","H","-","A","D","0","Y","A","08",0,1,0,0,0,0,1,0,0,"-","-","RICHMOND","CONTRA COSTA","CA",0,0
"4947701",-122.345363173,37.949855006,2010,"0710","0","6","4","05",0,1,"A",,,,,,900,10,"C","E","A","RHEEM AV","24TH ST",0,"W","N","2011-11-16",710,"2010-10-16",838,"1494","NORTH","5","5","0","0",,"0","007","-","N",,0,0,,,0,,,,"Y",2,"A","-",21650,,"N","A","H","-","A","D","0","Y","A","01",0,0,1,0,0,0,0,0,0,"-","-","RICHMOND","CONTRA COSTA","CA",0,0
"4947702",0,0,2010,"0710","0","3","3","03",0,2,"B",,,,,,900,10,"C","C","A","MARINA BAY PKWY","POTRERO AV",156,"S","N","2011-11-16",710,"2010-10-20",737,"1324","SOUTH","5","5","0","0",,"0","001","-","N",,0,0,,,0,,,,"Y",3,"A","-",22350,,"N","A","H","-","A","A","0","Y","A","01",0,1,1,0,0,0,0,0,0,"-","-","RICHMOND","CONTRA COSTA","CA",0,0
"4947703",-122.321146606,37.944240243,2010,"0710","0","5","4","01",0,1,"A",,,,,,1800,10,"E","I","A","SOLANO AV","YUBA AV",51,"E","N","2011-11-14",710,"2010-10-01",1601,"1324","NOTHE","5","5","0","0",,"0","007","-","N",,0,0,,,0,,,,"Y",3,"A","-",23152,"A","N","A","H","-","A","D","0","Y","A","01",0,0,1,0,0,0,0,0,0,"-","-","RICHMOND","CONTRA COSTA","CA",0,0
"4947705",-122.364923944,37.936855005,2010,"0710","0","7","3","21",0,1,"B",,"Y",,,,1800,10,"C","G","A","NEVIN AV","5TH ST",55,"W","N","2011-11-16",710,"2010-10-03",1706,"1242",,"5","5","0","0",,"0",,"-","N",,0,0,,,0,,,,"N",2,"A","-",22106,,"N","A","H","-","A","D","0","Y","A","01",0,1,0,0,0,0,1,0,0,"-","-","RICHMOND","CONTRA COSTA","CA",0,0
"4947710",-122.344826797,37.92512596,2010,"0710","0","5","4","03",0,1,"C",,,,,,1200,10,"C","C","A","CUTTING BL","26TH ST",27,"W","N","2011-11-16",710,"2010-10-22",1137,"1324","SOUTH","5","5","0","0",,"0","003","-","N",,0,0,,,0,,,,"Y",3,"A","-",22350,,"N","B","H","-","A","A","0","Y","A","01",0,0,1,0,0,0,0,0,0,"-","-","RICHMOND","CONTRA COSTA","CA",0,0
"4947713",-122.33894317,37.937285007,2010,"0710","0","1","3","09",0,3,"A",,,,,,900,10,"A","C","A","BARRETT AV","31ST ST",0,,"-","2011-11-21",710,"2010-10-11",810,"1551","NORTH","5","5","0","0",,"0","007","-","N",,0,0,,,0,,,,,2,"A","-",21801,"A","N","A","H","-","A","D","0","Y","-","-",0,1,2,0,0,0,0,0,0,"-","-","RICHMOND","CONTRA COSTA","CA",0,0
"4947714",-122.32827317,37.942035007,2010,"0710","0","2","4","05",0,1,"A",,"Y",,,,1800,10,"D","G","A","SOLANO AV","SAN PABLO AV",0,,"Y","2011-11-16",710,"2010-10-26",1534,"1261",,"5","5","0","0",,"0","007","-","N",,0,0,,,0,,,,"N",2,"A","-",21650,"1","N","A","H","-","A","A","0","Y","L","04",0,0,1,0,0,0,1,0,0,"-","-","RICHMOND","CONTRA COSTA","CA",0,0
"4947717",-122.3343666,37.98831284,2010,"0710","0","5","4","03",0,3,"A",,,,,,900,10,"C","C","A","SAN PABLO AV","SAN PABLO AV 15501",50,"S","N","2011-11-16",710,"2010-10-08",811,"1242",,"5","5","0","0",,"0",,"-","N",,0,0,,,0,,,,"Y",4,"A","-",22350,,"N","A","H","-","A","D","0","Y","A","07",0,0,3,0,0,0,0,0,0,"-","-","RICHMOND","CONTRA COSTA","CA",0,0
"4947718",-122.349524385,37.929435005,2010,"0710","0","2","4","12",0,2,"A",,,,,,900,10,"D","C","A","FLORIDA AV","S 21ST ST",9,"W","N","2012-03-21",710,"2010-10-26",840,"1282","SOUTH","5","5","0","0",,"0","002","-","N",,0,0,,,0,,,,"N",2,"A","-",22450,"A","M","A","H","-","A","A","0","Y","-","-",0,0,2,0,0,0,0,0,0,"-","-","RICHMOND","CONTRA COSTA","CA",0,0
"4947722",-122.348598364,37.934091331,2010,"0710","0","7","3","05",0,1,"B",,"Y",,,,1500,10,"A","G","A","23RD ST","22ND ST",20,"N","N","2011-11-16",710,"2010-10-24",1331,"1242",,"5","5","0","0",,"0",,"C","N",,0,0,,,0,,,,"N",2,"A","-",21650,"1","F","B","H","-","A","D","0","Y","L","04",0,1,0,0,0,0,1,0,0,"-","CN","RICHMOND","CONTRA COSTA","CA",0,0
"4947725",-122.365116816,37.930865004,2010,"0710","0","2","4","03",0,1,"A",,,,,,600,10,"C","E","A","OHIO AV","S 5TH ST",27,"W","N","2011-11-16",710,"2010-10-12",351,"1315",,"5","5","0","0",,"0","001","-","N",,0,0,,,0,,,,"Y",2,"A","-",22350,,"N","A","H","-","C","D","0","Y","-","-",0,0,1,0,0,0,0,0,0,"-","-","RICHMOND","CONTRA COSTA","CA",0,0
"4947726",-122.348613171,37.925205005,2010,"0710","0","7","4","09",0,1,"B",,,,,,1200,10,"D","C","A","CUTTING BL","SOUTH 22ND ST",0,,"Y","2011-11-16",710,"2010-10-24",1035,"1242",,"5","5","0","0",,"0",,"C","N",,0,0,,,0,,,,"N",2,"A","-",21801,"A","F","B","H","-","A","D","0","Y","D","22",0,0,1,0,0,0,0,0,0,"-","-","RICHMOND","CONTRA COSTA","CA",0,0
"4947729",-122.3343666,37.98831284,2010,"0710","0","5","4","03",0,2,"A",,,,,,900,10,"C","C","A","SAN PABLO AV","SAN PABLO AV 15501",40,"S","N","2011-11-16",710,"2010-10-08",812,"1242",,"5","5","0","0",,"0",,"-","N",,0,0,,,0,,,,"N",3,"A","-",22350,,"N","A","H","-","A","D","0","Y","A","07",0,0,2,0,0,0,0,0,0,"-","-","RICHMOND","CONTRA COSTA","CA",0,0