"CASEID","POINT_X","POINT_Y","YEAR_","LOCATION","CHPTYPE","DAYWEEK","CRASHSEV","VIOLCAT","KILLED","INJURED","WEATHER1","PEDCOL","BICCOL","MCCOL","TRUCKCOL","ETOH","TIMECAT","MONTH_","CRASHTYP","INVOLVE","PED","PRIMARYRD","SECONDRD","DISTANCE","DIRECT","INTERSECT_","PROCDATE","JURIS","DATE_","TIME_","BADGE","JURIDIST","SHIFT","POP","SPECIAL","BEATTYPE","LAPDDIV","BEATCLAS","BEATNUMB","WEATHER2","STATEHW","CALTRANC","CALTRAND","STROUTE","ROUTESUF","POSTPRE","POSTMILE","LOCATYPE","RAMP","SIDEHW","TOWAWAY","PARTIES","PCF","VIOLCODE","VIOL","VIOLSUB","HITRUN","ROADSURF","RDCOND1","RDCOND2","LIGHTING","RIGHTWAY","CHPRDTYP","NOTPRIV","STFAULT","CHPFAULT","SEVINJ","OTHERINJ","COP","PEDKILL","PEDINJ","BICKILL","BICINJ","MCKILL","MCINJURE","RAMP1","RAMP2","CITY","COUNTY","STATE","X_CHP","Y_CHP"
"4947730",-122.365223901,37.974211677,2010,"0710","0","6","4","03",0,2,"B",,,,,,1200,10,"C","C","A","RICHMOND PKWY","GOODRICK AV",20,"E","N","2011-11-16",710,"2010-10-23",920,"1242",,"5","5","0","0",,"0",,"-","N",,0,0,,,0,,,,"Y",2,"A","-",22350,,"N","A","H","-","A","A","0","Y","A","01",0,0,2,0,0,0,0,0,0,"-","-","RICHMOND","CONTRA COSTA","CA",0,0
"4947734",-122.250452916,37.964627504,2010,"0710","0","6","3","05",0,1,"B",,,,,,900,10,"B","E","A","BUCKBOARD WY","WAGONWHEEL WY",75,"W","N","2011-11-16",710,"2010-10-23",655,"1242",,"5","5","0","0",,"0",,"-","N",,0,0,,,0,,,,"Y",2,"A","-",21650,,"N","B","H","-","B","D","0","Y","A","07",0,1,0,0,0,0,0,0,0,"-","-","RICHMOND","CONTRA COSTA","CA",0,0
"4947737",-122.378233175,37.928285003,2010,"0710","0","1","4","04",0,1,"A",,,,,,1200,10,"C","C","A","CANAL ST","NATIONAL CT",0,,"Y","2011-11-16",710,"2010-10-11",1145,"348",,"5","5","0","0",,"0",,"-","N",,0,0,,,0,,,,"N",2,"A","-",21703,,"N","A","H","-","A","A","0","Y","-","-",0,0,1,0,0,0,0,0,0,"-","-","RICHMOND","CONTRA COSTA","CA",0,0
"4947754",-122.333673169,37.936535006,2010,"0710","0","5","4","09",0,2,"B",,,,,,1800,10,"D","C","A","BARRETT AV","37TH ST",0,,"Y","2011-11-16",710,"2010-10-22",1547,"1242",,"5","5","0","0",,"0",,"-","N",,0,0,,,0,,,,"Y",2,"A","-",21801,"A","N","A","H","-","A","A","0","Y","A","01",0,0,2,0,0,0,0,0,0,"-","-","RICHMOND","CONTRA COSTA","CA",0,0
"4947758",-122.365085345,37.974205016,2010,"0710","0","5","4","03",0,1,"A",,,,,,1500,10,"C","C","A","RICHMOND PKWY","GOODRICK AV",60,"E","N","2012-01-31",710,"2010-10-15",1247,"1242",,"5","5","0","0",,"0",,"-","N",,0,0,,,0,,,,"Y",2,"A","-",22350,,"F","A","H","-","A","A","0","Y","A","01",0,0,1,0,0,0,0,0,0,"-","-","RICHMOND","CONTRA COSTA","CA",0,0
"4958727",-122.317536827,37.912116157,2010,"0710","1","5","3","17",0,1,"A",,,,"Y",,1200,10,"E","J","A","RT80","CARLSON BL",300,"E","N","2012-02-13",9370,"2010-10-15",1035,"19439",,"1","5","0","1",,"2","082","-","Y","CC",4,80,"-","-",1.09,"H","-","W","Y",2,"A","-",23114,"A","M","A","H","-","A","D","6","Y","F","26",0,1,0,0,0,0,0,0,0,"-","-","RICHMOND","CONTRA COSTA","CA",-122.31749,37.91173
"4969057",-122.316090821,37.908765998,2010,"0710","1","1","4","01",0,1,"A",,,,,"Y",2100,11,"F","I","A","RT 80","CARLSON BL",691,"W","N","2012-01-23",9370,"2010-11-08",2050,"018896",,"2","5","0","1",,"2","082","-","Y","CC",4,80,"-","-",0.87,"H","-","E","Y",1,"A","-",23152,"A","N","A","H","-","C","D","6","Y","A","01",0,0,1,0,0,0,0,0,0,"-","-","RICHMOND","CONTRA COSTA","CA",-122.1859,37.54348
"4969072",-122.320247505,37.924300775,2010,"0710","1","2","4","03",0,1,"A",,,,,,900,10,"C","C","A","RT 80","CUTTING BL",528,"W","N","2012-02-13",9370,"2010-10-12",829,"18317",,"1","5","0","1",,"2","082","-","Y","CC",4,80,"-","-",1.94,"H","-","W","Y",3,"A","-",22350,,"N","A","H","-","A","D","6","Y","A","01",0,0,1,0,0,0,0,0,0,"-","-","RICHMOND","CONTRA COSTA","CA",-122.31918,37.92287
"4969075",-122.31359437,37.987866709,2010,"0710","1","7","4","08",0,1,"C",,,,,,1200,10,"B","C","A","RT 80","FITZGERALD DR",95,"W","N","2012-02-13",9370,"2010-10-17",1120,"19469",,"1","5","0","1",,"2","083","-","Y","CC",4,80,"-","-",6.72,"H","-","E","Y",2,"A","-",22107,,"N","B","H","-","A","D","6","Y","A","01",0,0,1,0,0,0,0,0,0,"-","-","RICHMOND","CONTRA COSTA","CA",-122.31448,37.98644
"4969432",-122.317536827,37.912116157,2010,"0710","1","3","4","03",0,3,"A",,,,,,900,10,"C","C","A","RT 80","CARLSON BL",300,"E","N","2012-01-23",9370,"2010-10-27",833,"014822",,"1","5","0","1",,"2","082","-","Y","CC",4,80,"-","-",1.09,"H","-","W","Y",2,"A","-",22350,,"N","A","H","-","A","D","6","Y","A","07",0,0,3,0,0,0,0,0,0,"-","-","RICHMOND","CONTRA COSTA","CA",-122.19028,37.5443
"4973568",-122.324581718,37.940102814,2010,"0710","1","1","4","03",0,1,"A",,,,,,2100,11,"C","C","A","RT 80","SOLANO AV",1214,"W","N","2012-01-23",9370,"2010-11-08",1845,"18896",,"2","5","0","1",,"2","081","-","Y","CC",4,80,"-","-",3.18,"H","-","E","Y",2,"A","-",22350,,"N","A","H","-","C","D","6","Y","A","07",0,0,1,0,0,0,0,0,0,"-","-","RICHMOND","CONTRA COSTA","CA",-122.19279,37.56249
"4977759",-122.321453522,37.967722805,2010,"0710","1","1","4","08",0,1,"A",,,,,,600,10,"E","I","A","RT 80","EL PORTAL DR",250,"W","N","2012-02-13",9370,"2010-10-04",505,"19967",,"3","5","0","1",,"2","083","-","Y","CC",4,80,"-","-",5.2,"H","-","W","Y",1,"A","-",22107,,"N","A","H","-","C","D","6","Y","A","07",0,0,1,0,0,0,0,0,0,"-","-","RICHMOND","CONTRA COSTA","CA",-122.19549,37.57444
"4978058",-122.315812721,37.985129437,2010,"0710","1","5","3","08",0,1,"B",,,,,,1200,10,"D","C","A","RT 80","RICHMOND PKWY",63,"W","N","2012-02-13",9370,"2010-10-22",1048,"19066",,"1","5","0","1",,"2","083","-","Y","CC",4,80,"-","-",6.68,"H","-","W","Y",2,"A","-",22107,,"N","B","H","-","A","D","6","Y","A","01",0,1,0,0,0,0,0,0,0,"-","-","RICHMOND","CONTRA COSTA","CA",-122.31527,37.98662
"4978066",-122.315812721,37.985129437,2010,"0710","1","6","4","08",0,3,"B",,,,,,1800,10,"A","C","A","RT 80","RICHMOND PKWY",41,"W","N","2012-02-13",9370,"2010-10-23",1631,"19066",,"2","5","0","1",,"2","083","C","Y","CC",4,80,"-","-",6.68,"H","-","W","Y",2,"A","-",22107,,"N","B","H","-","A","D","6","Y","D","22",0,0,3,0,0,0,0,0,0,"-","-","RICHMOND","CONTRA COSTA","CA",-122.31533,37.98654
"4978078",-122.328153167,37.916525005,2010,"0710","1","2","4","03",0,1,"A",,,,,,600,10,"B","C","A","RT 580","REGATTA BL",600,"E","N","2012-01-09",9370,"2010-10-26",550,"11006",,"3","5","0","1",,"2","058","-","Y","CC",4,580,"-","R",1.98,"H","-","E","Y",3,"A","-",22350,,"N","A","H","-","D","D","1","Y","D","22",0,0,1,0,0,0,0,0,0,"-","-","RICHMOND","CONTRA COSTA","CA",-122.33144,37.91913
"4978325",-122.354303173,37.935675005,2010,"0710","0","4","3","01",0,1,"A",,"Y",,,"Y",2100,11,"B","G","A","MACDONALD AV","16TH ST",0,,"Y","2011-11-30",710,"2010-11-18",1812,"1524","CENTR","5","5","0","0",,"0","006","-","N",,0,0,,,0,,,,"N",2,"A","-",23152,"A","N","A","H","-","C","A","0","Y","L","04",0,1,0,0,0,0,1,0,0,"-","-","RICHMOND","CONTRA COSTA","CA",0,0
"4978329",-122.360093172,37.927530316,2010,"0710","0","5","3","11",0,1,"B","Y",,,,,900,11,"G","B","D","HARBOUR WY S","MAINE AV",191,"S","N","2011-11-30",710,"2010-11-19",834,"1242",,"5","5","0","0",,"0",,"-","N",,0,0,,,0,,,,"N",2,"A","-",21954,"A","N","B","H","-","A","D","0","Y","-","-",0,1,0,0,1,0,0,0,0,"-","-","RICHMOND","CONTRA COSTA","CA",0,0
"4978333",-122.352205238,37.980511776,2010,"0710","0","6","4","03",0,2,"A",,,,,,2100,11,"C","C","A","RICHMOND PKWY","GIANT HWY",200,"E","N","2011-11-30",710,"2010-11-13",1801,"1242",,"5","5","0","0",,"0",,"-","N",,0,0,,,0,,,,"Y",2,"A","-",22350,,"N","A","H","-","E","D","0","Y","A","01",0,0,2,0,0,0,0,0,0,"-","-","RICHMOND","CONTRA COSTA","CA",0,0
"4978337",-122.336703169,37.928755006,2010,"0710","0","2","4","09",0,2,"A",,,,,,1800,11,"D","C","A","WALLER AV","S 35TH ST",0,,"Y","2011-11-30",710,"2010-11-16",1651,"1119",,"5","5","0","0",,"0","003","-","N",,0,0,,,0,,,,"Y",2,"A","-",21802,"A","N","A","H","-","B","A","0","Y","D","22",0,0,2,0,0,0,0,0,0,"-","-","RICHMOND","CONTRA COSTA","CA",0,0
"4978345",-122.342953171,37.935095005,2010,"0710","0","2","4","12",0,1,"A",,,,,,1800,11,"D","C","A","MACDONALD AV","27TH ST",0,,"Y","2011-11-30",710,"2010-11-16",1646,"1281",,"5","5","0","0",,"0",,"-","N",,0,0,,,0,,,,"N",2,"A","-",21453,"A","N","A","H","-","A","A","0","Y","-","-",0,0,1,0,0,0,0,0,0,"-","-","RICHMOND","CONTRA COSTA","CA",0,0
"4978349",-122.319863569,37.918725006,2010,"0710","0","7","4","08",0,1,"B",,,,,,2100,11,"A","C","A","CREELY AV","CAMPBELL ST",3,"W","N","2011-11-30",710,"2010-11-21",2012,"1472","SOUTH","5","5","0","0",,"0","003","-","N",,0,0,,,0,,,,"Y",2,"A","-",22107,,"N","B","H","-","C","D","0","Y","A","01",0,0,1,0,0,0,0,0,0,"-","-","RICHMOND","CONTRA COSTA","CA",0,0
"4978361",-122.333053174,37.97828501,2010,"0710","0","4","4","09",0,1,"A",,,,,,2100,11,"D","C","A","ROBERT MILLER DR","HILLTOP DR",0,,"Y","2011-11-30",710,"2010-11-18",1805,"1281",,"5","5","0","0",,"0",,"-","N",,0,0,,,0,,,,"Y",2,"A","-",21801,"A","N","A","H","-","C","A","0","Y","A","01",0,0,1,0,0,0,0,0,0,"-","-","RICHMOND","CONTRA COSTA","CA",0,0
"4978377",-122.362773175,37.940365005,2010,"0710","0","4","3","10",0,2,"A","Y",,,,"Y",2100,11,"G","B","D","7TH ST","RIPLEY AV",0,,"Y","2011-11-30",710,"2010-11-04",1830,"1281",,"5","5","0","0",,"0",,"-","N",,0,0,,,0,,,,"N",3,"A","-",21950,"A","F","A","H","-","C","A","0","Y","A","01",0,2,0,0,2,0,0,0,0,"-","-","RICHMOND","CONTRA COSTA","CA",0,0
"4978579",-122.333673169,37.936535006,2010,"0710","0","4","3","12",0,2,"A",,,,,,1200,10,"D","C","A","37TH ST","BARRETT AV",0,,"Y","2011-11-16",710,"2010-10-07",941,"1583",,"5","5","0","0",,"0","NORTH","-","N",,0,0,,,0,,,,"Y",2,"A","-",21453,"A","N","A","H","-","A","A","0","Y","A","01",0,1,1,0,0,0,0,0,0,"-","-","RICHMOND","CONTRA COSTA","CA",0,0
"4978754",-122.33427317,37.933865006,2010,"0710","0","3","4","04",0,3,"A",,,,,,1200,11,"C","C","A","MACDONALD AV","37TH ST",0,,"Y","2011-12-17",710,"2010-11-24",1129,"348",,"5","5","0","0",,"0",,"-","N",,0,0,,,0,,,,"Y",2,"A","-",21703,,"N","A","H","-","A","A","0","Y","A","08",0,0,3,0,0,0,0,0,0,"-","-","RICHMOND","CONTRA COSTA","CA",0,0
"4978786",-122.327918474,37.935704519,2010,"0710","0","2","4","04",0,1,"B",,,,,,1500,11,"C","C","A","BARRETT AV","44TH ST",75,"W","N","2011-12-05",710,"2010-11-30",1324,"1324","NORTH","5","5","0","0",,"0","007","-","N",,0,0,,,0,,,,"Y",2,"A","-",21703,,"N","A","H","-","A","A","0","Y","A","01",0,0,1,0,0,0,0,0,0,"-","-","RICHMOND","CONTRA COSTA","CA",0,0
"4978794",-122.347443174,37.949775006,2010,"0710","0","6","4","09",0,1,"B",,,,,,900,11,"D","C","A","23RD ST","RHEEM AV",0,,"Y","2011-12-17",710,"2010-11-27",827,"1242",,"5","5","0","0",,"0",,"-","N",,0,0,,,0,,,,"Y",2,"A","-",21801,"A","F","B","H","-","A","A","0","Y","A","01",0,0,1,0,0,0,0,0,0,"-","-","RICHMOND","CONTRA COSTA","CA",0,0
"4978798",-122.287653167,37.970455013,2010,"0710","0","7","4","03",0,2,"B",,,"Y",,,1200,11,"C","C","A","VALLEY VIEW RD","MORNINGSIDE DR",0,,"Y","2011-12-05",710,"2010-11-28",1058,"1242",,"5","5","0","0",,"0",,"-","N",,0,0,,,0,,,,"N",2,"A","-",22350,,"N","A","H","-","A","B","0","Y","A","01",0,0,2,0,0,0,0,0,2,"-","-","RICHMOND","CONTRA COSTA","CA",0,0
"4978886",-122.34769317,37.928015005,2010,"0710","0","1","4","09",0,3,"A",,,,,,1800,11,"A","C","A","23RD ST","MAINE AV",0,,"Y","2011-12-03",710,"2010-11-15",1738,"1261",,"5","5","0","0",,"0","002","-","N",,0,0,,,0,,,,"Y",3,"A","-",21801,"A","N","A","H","-","C","A","0","Y","A","08",0,0,3,0,0,0,0,0,0,"-","-","RICHMOND","CONTRA COSTA","CA",0,0
"4978898",-122.378253175,37.925285002,2010,"0710","0","1","3","03",0,1,"A",,"Y",,,,2100,11,"-","-","A","CUTTING BL","CANAL BL",0,,"Y","2011-11-19",710,"2010-11-01",1918,"1261",,"5","5","0","0",,"0","001","-","N",,0,0,,,0,,,,"N",1,"A","-",22350,,"N","A","H","-","C","A","0","Y","L","04",0,1,0,0,0,0,1,0,0,"-","-","RICHMOND","CONTRA COSTA","CA",0,0
"4978902",-122.255573161,37.963205015,2010,"0710","0","3","4","09",0,2,"A",,,,,,1200,11,"D","C","A","CASTRO RANCH","CONESTOGA WY",0,,"Y","2011-12-03",710,"2010-11-17",1055,"1601",,"5","5","0","0",,"0","009","-","N",,0,0,,,0,,,,"Y",2,"A","-",21802,"A","N","B","H","-","A","A","0","Y","-","-",0,0,2,0,0,0,0,0,0,"-","-","RICHMOND","CONTRA COSTA","CA",0,0
"4978941",-122.360123172,37.921195003,2010,"0710","0","1","4","09",0,2,"A",,,,,,1500,11,"D","C","A","HARBOUR WY S","WRIGHT AV",0,,"Y","2011-12-03",710,"2010-11-29",1318,"1119",,"5","5","0","0",,"0","001","-","N",,0,0,,,0,,,,"Y",2,"A","-",21802,"A","N","A","H","-","A","A","0","Y","A","01",0,0,2,0,0,0,0,0,0,"-","-","RICHMOND","CONTRA COSTA","CA",0,0
"4978945",-122.348603172,37.936875005,2010,"0710","0","1","3","12",0,1,"A",,"Y",,,,2400,11,"D","G","A","22ND ST","NEVIN AV",0,,"Y","2011-12-03",710,"2010-11-29",2100,"1261",,"5","5","0","0",,"0","004","-","N",,0,0,,,0,,,,"N",2,"A","-",21457,"A","F","A","H","-","C","A","0","Y","L","04",0,1,0,0,0,0,1,0,0,"-","-","RICHMOND","CONTRA COSTA","CA",0,0
"4978953",-122.327913171,37.952645009,2010,"0710","0","5","4","12",0,2,"B",,,,,,1800,11,"D","C","A","SAN PABLO AV","RT80",0,,"Y","2012-01-03",710,"2010-11-26",1657,"1281",,"5","5","0","0",,"0",,"-","Y","CC",4,80,"-","-",4.182,"R","4","E","Y",2,"A","-",21453,"A","N","A","H","-","C","A","0","Y","A","07",0,0,2,0,0,0,0,0,0,"-","EF","RICHMOND","CONTRA COSTA","CA",0,0
"4994498",-122.270953674,38.013452361,2010,"0710","1","4","4","03",0,1,"A",,,,,,2100,12,"C","C","A","RT 80","SYCAMORE AV",1000,"E","N","2012-02-13",9320,"2010-12-09",1926,"19614",,"2","5","0","1",,"2","180","-","Y","CC",4,80,"-","-",9.91,"H","-","W","Y",3,"A","-",22350,,"N","A","H","-","C","D","1","Y","A","01",0,0,1,0,0,0,0,0,0,"-","-","RICHMOND","CONTRA COSTA","CA",0,0
"4994505",-122.270953674,38.013452361,2010,"0710","1","4","4","03",0,3,"A",,,,,,2100,12,"C","C","A","RT 80","SYCAMORE AV",1016,"E","N","2012-02-13",9320,"2010-12-09",1927,"19614",,"2","5","0","1",,"2","180","-","Y","CC",4,80,"-","-",9.91,"H","-","W","Y",3,"A","-",22350,,"N","A","H","-","C","D","1","Y","A","01",0,0,3,0,0,0,0,0,0,"-","-","RICHMOND","CONTRA COSTA","CA",0,0
"5026754",0,0,2011,"0710","0","1","3","05",0,1,"A",,,,,,1200,1,"C","E","A","MARINA BAY PKWY","JETTY DR",57,"S","N","2012-03-30",710,"2011-01-31",1046,"348",,"5","5","0","0",,"0",,"-","N",,0,0,,,0,,,,"Y",2,"A","-",21650,,"N","A","H","-","A","A","0","Y","-","-",0,1,0,0,0,0,0,0,0,"-","-","RICHMOND","CONTRA COSTA","CA",0,0
"5026762",-122.338521286,37.9252380724,2011,"0710","0","2","4","-",0,1,"A",,,,"Y",,1500,1,"D","F","A","CUTTING BL","CARLSON BL",86,"W","N","2012-03-22",710,"2011-01-25",1235,"1324",,"5","5","0","0",,"0","003","-","N",,0,0,,,0,,,,"N",2,"A","-",0,,"N","A","H","-","A","A","0","Y","F","25",0,0,1,0,0,0,0,0,0,"-","-","RICHMOND","CONTRA COSTA","CA",0,0
"5035143",0,0,2010,"0710","0","4","2","05",0,2,"E",,,,,,900,12,"A","C","A","HILLTOP DR","VISTA DEL MAR AV",42,"W","N","2011-12-10",710,"2010-12-16",633,"1281",,"5","5","0","0",,"0",,"-","N",,0,0,,,0,,,,"Y",2,"A","-",21651,"B","N","B","H","-","-","D","0","Y","A","01",1,1,0,0,0,0,0,0,0,"-","-","RICHMOND","CONTRA COSTA","CA",0,0
"5035176",-122.36003244,37.935580836,2010,"0710","0","5","3","11",0,1,"B","Y",,,,"Y",1800,12,"G","B","D","HARBOUR WY","MACDONALD AV",27,"S","N","2011-12-10",710,"2010-12-17",1728,"1242",,"5","5","0","0",,"0",,"C","N",,0,0,,,0,,,,"N",2,"A","-",21954,"A","N","B","H","-","C","A","0","Y","N","60",0,1,0,0,1,0,0,0,0,"-","-","RICHMOND","CONTRA COSTA","CA",0,0
"5035180",-122.356211945,37.934039083,2010,"0710","0","1","4","11",0,1,"C","Y",,,,,2100,12,"G","B","D","MARINA WY","BISSELL AV",24,"S","N","2011-12-10",710,"2010-12-20",1835,"1261",,"5","5","0","0",,"0","006","-","N",,0,0,,,0,,,,"N",2,"A","-",21954,"A","F","B","H","-","C","A","0","Y","N","60",0,0,1,0,1,0,0,0,0,"-","-","RICHMOND","CONTRA COSTA","CA",0,0
"5039707",-122.324573174,37.981825011,2010,"0710","0","3","4","09",0,1,"B",,,,,,1500,12,"D","C","A","HILLTOP MALL RD","KLOSE WY",0,,"Y","2011-12-13",710,"2010-12-22",1212,"1119",,"5","5","0","0",,"0","008","-","N",,0,0,,,0,,,,"Y",2,"A","-",21803,"A","N","B","H","-","A","A","0","Y","A","08",0,0,1,0,0,0,0,0,0,"-","-","RICHMOND","CONTRA COSTA","CA",0,0
"5039731",-122.338210969,37.925235245,2010,"0710","0","6","3","05",0,1,"B",,"Y",,,,1800,12,"A","C","A","CARLSON BL","CUTTING BL",5,"S","N","2011-12-13",710,"2010-12-11",1713,"1242",,"5","5","0","0",,"0",,"-","N",,0,0,,,0,,,,"N",2,"A","-",21650,"1","F","A","H","-","C","A","0","Y","L","04",0,1,0,0,0,0,1,0,0,"-","-","RICHMOND","CONTRA COSTA","CA",0,0
"5039743",-122.32688032,37.990325854,2010,"0710","0","4","3","03",0,1,"A",,,,,,1500,12,"E","I","A","RICHMOND PKWY","BLUME DR",3168,"W","N","2011-12-13",710,"2010-12-16",1338,"1324","NORTH","5","5","0","0",,"0","008","-","N",,0,0,,,0,,,,"Y",1,"A","-",22350,,"N","A","H","-","A","D","0","Y","A","01",0,1,0,0,0,0,0,0,0,"-","-","RICHMOND","CONTRA COSTA","CA",0,0
"5039763",-122.341812626,37.944371297,2010,"0710","0","5","4","21",0,1,"B",,,,,,1800,12,"C","C","A","GAYNOR AV","28TH ST",242,"W","N","2011-12-16",710,"2010-12-24",1632,"1242",,"5","5","0","0",,"0",,"-","N",,0,0,,,0,,,,"N",2,"A","-",22106,,"N","A","H","-","B","D","0","Y","A","01",0,0,1,0,0,0,0,0,0,"-","-","RICHMOND","CONTRA COSTA","CA",0,0
"5039767",-122.334313168,37.925375006,2010,"0710","0","3","4","10",0,2,"A","Y",,,,,1200,12,"D","B","B","CUTTING BL","SOUTH 37TH",0,,"Y","2011-12-14",710,"2010-12-15",955,"1324","SOUTH","5","5","0","0",,"0","003","-","N",,0,0,,,0,,,,"N",3,"A","-",21950,"A","N","B","H","-","A","A","0","Y","A","08",0,0,2,0,2,0,0,0,0,"-","-","RICHMOND","CONTRA COSTA","CA",0,0
"5039779",-122.315753163,37.902335006,2010,"0710","0","1","4","12",0,2,"A",,,,,,1500,12,"D","C","A","CENTRAL AV","RT 580",0,,"Y","2012-04-06",710,"2010-12-27",1422,"1591",,"5","5","0","0",,"0","003","-","Y","CC",4,580,"-","-",0.36,"R","4","W","N",2,"A","-",22450,"A","N","A","H","-","A","A","0","Y","-","-",0,0,2,0,0,0,0,0,0,"-","WO","RICHMOND","CONTRA COSTA","CA",0,0
"5039795",-122.366703175,37.935715004,2010,"0710","0","3","4","09",0,3,"C",,,,,,1500,12,"D","C","A","MACDONALD AV","3RD ST",0,,"Y","2011-12-14",710,"2010-12-08",1357,"1119",,"5","5","0","0",,"0","006","-","N",,0,0,,,0,,,,"Y",2,"A","-",21802,"A","N","B","H","-","A","A","0","Y","A","01",0,0,3,0,0,0,0,0,0,"-","-","RICHMOND","CONTRA COSTA","CA",0,0
"5039800",-122.356183174,37.938355005,2010,"0710","0","1","3","09",0,8,"A",,,,,,1800,12,"D","C","A","BARRETT AV","MARINA WY",0,,"Y","2011-12-14",710,"2010-12-06",1618,"1119",,"5","5","0","0",,"0","006","-","N",,0,0,,,0,,,,"Y",3,"A","-",21801,"A","N","A","H","-","B","A","0","Y","A","01",0,1,7,0,0,0,0,0,0,"-","-","RICHMOND","CONTRA COSTA","CA",0,0
"5039803",-122.329973169,37.933075006,2010,"0710","0","2","4","10",0,1,"B","Y",,,,,2100,12,"G","B","B","MACDONALD AV","42ND ST",0,,"Y","2011-12-29",710,"2010-12-14",1800,"1407","N","5","5","0","0",,"0","007","-","N",,0,0,,,0,,,,"N",2,"A","-",21950,"A","F","B","H","-","C","A","0","Y","-","-",0,0,1,0,1,0,0,0,0,"-","-","RICHMOND","CONTRA COSTA","CA",0,0
"5039812",-122.333053174,37.97828501,2010,"0710","0","6","4","00",0,1,"B",,,,,,1200,12,"D","C","A","HILLTOP DR","ROBERT MILLER DR",0,,"Y","2011-12-14",710,"2010-12-04",1113,"1242",,"5","5","0","0",,"0",,"-","N",,0,0,,,0,,,,"Y",2,"D","-",0,,"M","A","H","-","A","A","0","Y","-","-",0,0,1,0,0,0,0,0,0,"-","-","RICHMOND","CONTRA COSTA","CA",0,0
"5039819",-122.316888794,37.987,2010,"0710","0","2","4","21",0,4,"A",,,,,,2100,12,"H","C","A","RICHMOND PKWY","BLUME DR",40,"E","N","2012-02-21",710,"2010-12-07",2000,"1281",,"5","5","0","0",,"0",,"-","Y","CC",4,80,"-","-",6.856,"R","4","W","N",2,"A","-",22106,,"F","A","H","-","C","A","0","Y","D","22",0,0,4,0,0,0,0,0,0,"-","-","RICHMOND","CONTRA COSTA","CA",0,0
"5039823",-122.382331628,37.928075838,2010,"0710","0","3","3","03",0,1,"C",,,,,,2100,12,"E","I","A","CASTRO ST","RT 580",39,"N","N","2012-04-11",710,"2010-12-08",1817,"1261",,"5","5","0","0",,"0","001","-","Y","CC",4,580,"-","R",4.981,"R","4","W","Y",1,"A","-",22350,,"N","B","H","-","C","A","0","Y","A","01",0,1,0,0,0,0,0,0,0,"-","WF","RICHMOND","CONTRA COSTA","CA",0,0
"5039827",-122.293736229,37.977671529,2010,"0710","0","3","3","09",0,2,"C",,,,,,1500,12,"A","C","A","VALLEY VIEW RD","VALLEY VIEW CT",475,"N","N","2011-12-13",710,"2010-12-08",1446,"348",,"5","5","0","0",,"0",,"-","N",,0,0,,,0,,,,"Y",2,"A","-",21801,"A","N","B","H","-","A","D","0","Y","-","-",0,1,1,0,0,0,0,0,0,"-","-","RICHMOND","CONTRA COSTA","CA",0,0
"5039828",0,0,2010,"0710","0","4","4","03",0,1,"C",,,,,,1800,12,"C","C","A","RICHMOND PKWY","HILLTOP DR",634,"S","N","2011-12-14",710,"2010-12-02",1720,"1524","NORTH","5","5","0","0",,"0","008","-","N",,0,0,,,0,,,,"Y",3,"A","-",22350,,"N","B","H","-","C","A","0","Y","D","22",0,0,1,0,0,0,0,0,0,"-","-","RICHMOND","CONTRA COSTA","CA",0,0
"5039840",0,0,2010,"0710","0","3","4","04",0,1,"B",,,,,,900,12,"C","C","A","RICHMOND PKWY","HILLTOP DR",1056,"E","N","2011-12-14",710,"2010-12-01",752,"1324","NORTH","5","5","0","0",,"0","008","-","N",,0,0,,,0,,,,"N",3,"A","-",21703,,"N","A","G","-","A","A","0","Y","A","01",0,0,1,0,0,0,0,0,0,"-","-","RICHMOND","CONTRA COSTA","CA",0,0
"5042600",-122.35557,37.94453,2011,"0710","0","6","4","12",0,2,"A",,,,,,1800,1,"D","C","A","GAYNOR AV","15TH ST",0,,"Y","2012-04-02",710,"2011-01-22",1704,"1494","CENTR","5","5","0","0",,"0","004","-","N",,0,0,,,0,,,,"N",2,"A","-",22450,"A","M","A","H","-","B","D","0","Y","A","01",0,0,2,0,0,0,0,0,0,"-","-","RICHMOND","CONTRA COSTA","CA",0,0
"5042608",-122.3236,37.92545,2011,"0710","0","1","4","11",0,1,"A","Y",,,,,1800,1,"D","B","B","CUTTING BL","49TH ST",0,,"Y","2012-04-02",710,"2011-01-24",1752,"348",,"5","5","0","0",,"0",,"-","N",,0,0,,,0,,,,"N",2,"A","-",21950,"B","N","A","H","-","-","D","0","Y","N","60",0,0,1,0,1,0,0,0,0,"-","-","RICHMOND","CONTRA COSTA","CA",0,0
"5042620",0,0,2011,"0710","0","6","4","08",0,1,"B",,,,,,1800,1,"D","C","A","SAN PABLO AV","SOLAND AV",0,,"Y","2012-04-02",710,"2011-01-29",1527,"1559","NORTH","5","5","0","0",,"0","007","-","N",,0,0,,,0,,,,"N",2,"A","-",22100,"B","N","B","H","-","A","A","0","Y","-","-",0,0,1,0,0,0,0,0,0,"-","-","RICHMOND","CONTRA COSTA","CA",0,0