"CASEID","POINT_X","POINT_Y","YEAR_","LOCATION","CHPTYPE","DAYWEEK","CRASHSEV","VIOLCAT","KILLED","INJURED","WEATHER1","PEDCOL","BICCOL","MCCOL","TRUCKCOL","ETOH","TIMECAT","MONTH_","CRASHTYP","INVOLVE","PED","PRIMARYRD","SECONDRD","DISTANCE","DIRECT","INTERSECT_","PROCDATE","JURIS","DATE_","TIME_","BADGE","JURIDIST","SHIFT","POP","SPECIAL","BEATTYPE","LAPDDIV","BEATCLAS","BEATNUMB","WEATHER2","STATEHW","CALTRANC","CALTRAND","STROUTE","ROUTESUF","POSTPRE","POSTMILE","LOCATYPE","RAMP","SIDEHW","TOWAWAY","PARTIES","PCF","VIOLCODE","VIOL","VIOLSUB","HITRUN","ROADSURF","RDCOND1","RDCOND2","LIGHTING","RIGHTWAY","CHPRDTYP","NOTPRIV","STFAULT","CHPFAULT","SEVINJ","OTHERINJ","COP","PEDKILL","PEDINJ","BICKILL","BICINJ","MCKILL","MCINJURE","RAMP1","RAMP2","CITY","COUNTY","STATE","X_CHP","Y_CHP"
"5130218",-122.33884,37.9506,2011,"0710","0","4","4","09",0,1,"A",,,,,,1800,3,"D","C","A","29TH ST","MARICOPA AV",0,,"Y","2012-04-16",710,"2011-03-17",1748,"1242",,"5","5","0","0",,"0",,"-","N",,0,0,,,0,,,,"N",2,"A","-",21802,"A","N","A","H","-","A","A","0","Y","A","01",0,0,1,0,0,0,0,0,0,"-","-","RICHMOND","CONTRA COSTA","CA",0,0
"5130222",-122.32571,37.94877,2011,"0710","0","4","3","00",0,2,"B",,,,,,1800,3,"D","C","A","MCBRYDE AV","AMADOR ST",0,,"Y","2012-04-14",710,"2011-03-17",1707,"1242",,"5","5","0","0",,"0",,"-","N",,0,0,,,0,,,,"Y",2,"D","-",0,,"N","A","H","-","A","A","0","Y","-","-",0,1,1,0,0,0,0,0,0,"-","-","RICHMOND","CONTRA COSTA","CA",0,0
"5130230",-122.34282,37.93941,2011,"0710","0","2","4","09",0,1,"A",,,"Y",,,2100,3,"D","C","A","ROOSEVELT AV","26TH ST",0,,"Y","2012-04-25",710,"2011-03-29",1835,"1261",,"5","5","0","0",,"0","007","-","N",,0,0,,,0,,,,"Y",2,"A","-",21801,"A","N","A","H","-","A","A","0","Y","A","01",0,0,1,0,0,0,0,0,1,"-","-","RICHMOND","CONTRA COSTA","CA",0,0
"5130233",-122.33314,37.97837,2011,"0710","0","6","4","11",0,1,"C","Y",,,,,2100,3,"G","B","B","HILLTOP DR","ROBERT H MILLER",0,,"Y","2012-04-14",710,"2011-03-19",2009,"1559","NORTH","5","5","0","0",,"0","008","-","N",,0,0,,,0,,,,"N",2,"A","-",21954,"A","N","B","H","-","C","A","0","Y","N","60",0,0,1,0,1,0,0,0,0,"-","-","RICHMOND","CONTRA COSTA","CA",0,0
"5130237",-122.325794898,37.921196998,2011,"0710","0","1","4","05",0,1,"B",,,,,"Y",2100,3,"C","E","A","POTRERO AV","47TH ST",90,"W","N","2012-04-14",710,"2011-03-21",2030,"1224",,"5","5","0","0",,"0","003","-","N",,0,0,,,0,,,,"N",3,"A","-",21650,,"M","A","H","-","C","D","0","Y","-","-",0,0,1,0,0,0,0,0,0,"-","-","RICHMOND","CONTRA COSTA","CA",0,0
"5170554",-122.312843162,37.9036250046,2011,"0710","0","4","3","12",0,1,"B",,,,"Y",,1200,3,"B","C","A","CENTRAL AV","RT 80",0,,"Y","2012-06-22",710,"2011-03-24",1022,"1324","SOUTH","5","5","0","0",,"0","003","C","Y","CC",4,80,"-","-",0.39,"R","4","W","N",2,"A","-",21453,"A","N","B","H","-","A","A","0","Y","A","01",0,1,0,0,0,0,0,0,0,"-","WF","RICHMOND","CONTRA COSTA","CA",0,0
"5170558",-122.34321,37.94515,2011,"0710","0","3","4","09",0,1,"A",,,,,,1200,5,"D","C","A","ESMOND AV","26TH ST",0,,"Y","2012-08-10",710,"2011-05-04",940,"1324","NORTH","5","5","0","0",,"0","007","-","N",,0,0,,,0,,,,"Y",2,"A","-",21802,"A","N","A","H","-","A","A","0","Y","D","22",0,0,1,0,0,0,0,0,0,"-","-","RICHMOND","CONTRA COSTA","CA",0,0
"5177608",-122.36185,37.93835,2011,"0710","0","6","4","00",0,2,"A",,,,,,1200,5,"D","C","A","BARRETT AV","8TH ST",0,,"Y","2012-07-12",710,"2011-05-07",929,"1618","CENTR","5","5","0","0",,"0","006","-","N",,0,0,,,0,,,,"Y",2,"D","-",0,,"N","A","H","-","A","A","0","Y","-","-",0,0,2,0,0,0,0,0,0,"-","-","RICHMOND","CONTRA COSTA","CA",0,0
"5177616",-122.32433,37.93363,2011,"0710","0","2","4","03",0,1,"A",,,,,,1800,5,"C","C","A","SAN PABLO AV","NEVIN AV",0,"N","N","2012-07-13",710,"2011-05-03",1542,"1494","NORTH","5","5","0","0",,"0","007","-","N",,0,0,,,0,,,,"N",3,"A","-",22350,,"N","A","H","-","A","D","0","Y","A","01",0,0,1,0,0,0,0,0,0,"-","-","RICHMOND","CONTRA COSTA","CA",0,0
"5181923",0,0,2011,"0710","0","4","4","12",0,4,"A",,,,,,1200,4,"C","C","A","EL PORTAL WY","VIA VERDE",30,"N","N","2012-06-06",710,"2011-04-14",1124,"1133",,"5","5","0","0",,"0","TRAFFI","-","N",,0,0,,,0,,,,"Y",2,"A","-",22450,"A","N","A","H","-","A","D","0","Y","-","-",0,0,4,0,0,0,0,0,0,"-","-","RICHMOND","CONTRA COSTA","CA",0,0
"5181927",-122.319001846,37.9118110286,2011,"0710","0","3","4","08",0,1,"B",,,,,,1500,4,"D","C","A","CARLSON BL","55TH ST",110,"N","N","2012-05-29",710,"2011-04-20",1225,"1605",,"5","5","0","0",,"0","003","-","N",,0,0,,,0,,,,"Y",2,"A","-",22107,,"N","A","H","-","A","A","0","Y","-","-",0,0,1,0,0,0,0,0,0,"-","-","RICHMOND","CONTRA COSTA","CA",0,0
"5181935",-122.35999,37.93998,2011,"0710","0","5","4","08",0,1,"A",,,,,,1800,4,"B","C","A","HARBOUR WY","RIPLEY AV",0,,"Y","2013-01-22",710,"2011-04-15",1700,"1491",,"5","5","0","0",,"0","005","-","N",,0,0,,,0,,,,"N",2,"A","-",22107,,"N","A","H","-","A","A","0","Y","-","-",0,0,1,0,0,0,0,0,0,"-","-","RICHMOND","CONTRA COSTA","CA",0,0
"5181943",-122.309649298,37.9011195433,2011,"0710","0","7","4","03",0,3,"B",,,,,,1500,4,"C","C","A","CENTRAL AV","SAN LUIS ST",75,"E","N","2012-06-06",710,"2011-04-17",1427,"1242",,"5","5","0","0",,"0",,"-","N",,0,0,,,0,,,,"N",3,"A","-",22350,,"N","A","H","-","A","A","0","Y","A","01",0,0,3,0,0,0,0,0,0,"-","-","RICHMOND","CONTRA COSTA","CA",0,0
"5181951",-122.348576154,37.9340108186,2011,"0710","0","5","4","04",0,1,"B",,,,,,1200,4,"C","C","A","23RD ST","BISSELL AV",50,"N","N","2012-05-29",710,"2011-04-22",1157,"1324",,"5","5","0","0",,"0","007","-","N",,0,0,,,0,,,,"N",2,"A","-",21703,,"N","A","H","-","A","D","0","Y","A","01",0,0,1,0,0,0,0,0,0,"-","-","RICHMOND","CONTRA COSTA","CA",0,0
"5181963",-122.33979,37.93739,2011,"0710","0","7","3","09",0,2,"B",,,,,,1500,4,"D","C","A","BARRETT AV","30TH ST",0,,"Y","2012-06-06",710,"2011-04-24",1404,"1242",,"5","5","0","0",,"0",,"-","N",,0,0,,,0,,,,"Y",2,"A","-",21802,"A","N","A","H","-","A","A","0","Y","A","01",0,1,1,0,0,0,0,0,0,"-","-","RICHMOND","CONTRA COSTA","CA",0,0
"5181967",-122.356422451,37.94172716,2011,"0710","0","4","4","05",0,1,"A","Y",,,,"Y",2100,4,"C","B","F","14TH ST","14TH ST 650",0,,"N","2012-05-29",710,"2011-04-28",1958,"1494","CENTR","5","5","0","0",,"0","004","-","N",,0,0,,,0,,,,"N",2,"A","-",21650,,"F","A","H","-","C","D","0","Y","A","01",0,0,1,0,1,0,0,0,0,"-","-","RICHMOND","CONTRA COSTA","CA",0,0
"5181975",-122.309920478,37.9010756237,2011,"0710","0","5","3","10",0,1,"A","Y",,,,"Y",2100,4,"G","B","B","CENTRAL AV","SAN LUIS ST",5,"W","N","2012-05-29",710,"2011-04-22",2005,"1332",,"5","5","0","0",,"0","003","-","N",,0,0,,,0,,,,"N",2,"A","-",21950,"A","N","A","H","-","C","A","0","Y","A",,0,1,0,0,1,0,0,0,0,"-","-","RICHMOND","CONTRA COSTA","CA",0,0
"5181980",-122.3477,37.92521,2011,"0710","0","2","3","12",0,1,"A",,"Y",,,"Y",2400,4,"D","G","A","CUTTING BL","23RD ST",0,,"Y","2012-06-06",710,"2011-04-05",2318,"1494",,"5","5","0","0",,"0","002","-","N",,0,0,,,0,,,,"N",2,"A","-",21453,"A","F","A","H","-","C","A","0","Y","L","04",0,1,0,0,0,0,1,0,0,"-","-","RICHMOND","CONTRA COSTA","CA",0,0
"5181996",-122.330651468,37.9469951707,2011,"0710","0","7","3","03",0,2,"A",,,,,,2100,4,"C","E","A","SAN PABLO AV","MCBRYDE AV",100,"S","N","2012-06-06",710,"2011-04-10",1826,"1543",,"5","5","0","0",,"0","007","-","N",,0,0,,,0,,,,"Y",3,"A","-",22350,,"N","A","H","-","A","A","0","Y","A","01",0,2,0,0,0,0,0,0,0,"-","-","RICHMOND","CONTRA COSTA","CA",0,0
"5185602",-122.31094,37.90439,2011,"0710","0","6","4","09",0,2,"B",,,,,,1200,5,"D","C","A","SAN MATEO ST","FRESNO ST",0,,"Y","2012-06-18",710,"2011-05-14",1107,"1242",,"5","5","0","0",,"0",,"-","N",,0,0,,,0,,,,"Y",2,"A","-",21800,"B","N","A","H","-","A","D","0","Y","A","01",0,0,2,0,0,0,0,0,0,"-","-","RICHMOND","CONTRA COSTA","CA",0,0
"5185622",-122.32866,37.99008,2011,"0710","0","2","4","03",0,1,"B",,,,,,1500,5,"C","C","A","RICHMOND PKWY","LAKESIDE DR",0,"E","N","2012-06-20",710,"2011-05-31",1447,"1494","NORTH","5","5","0","0",,"0","008","-","N",,0,0,,,0,,,,"Y",5,"A","-",22350,,"N","A","H","-","A","A","0","Y","A","01",0,0,1,0,0,0,0,0,0,"-","-","RICHMOND","CONTRA COSTA","CA",0,0
"5186016",-122.32835,37.97649,2011,"0710","0","2","4","00",0,1,"B",,,,,,2100,5,"D","C","A","HILLTOP DR","SHANE DR",0,,"Y","2012-07-06",710,"2011-05-10",1818,"1133",,"5","5","0","0",,"0","TRAFFI","-","N",,0,0,,,0,,,,,2,"D","-",0,,"N","A","H","-","A","A","0","Y","-","-",0,0,1,0,0,0,0,0,0,"-","-","RICHMOND","CONTRA COSTA","CA",0,0
"5186078",-122.346587066,37.9346594269,2011,"0710","0","5","4","08",0,1,"A",,,,,,1500,5,"B","C","A","24TH ST","EXCHANGE PL",80,"S","N","2012-07-06",710,"2011-05-20",1314,"1324","NORTH","5","5","0","0",,"0","007","-","N",,0,0,,,0,,,,"N",2,"A","-",22108,,"N","A","H","-","A","D","0","Y","A","01",0,0,1,0,0,0,0,0,0,"-","-","RICHMOND","CONTRA COSTA","CA",0,0
"5192576",-122.36418,37.92525,2011,"0710","0","2","4","01",0,1,"A",,,,,"Y",1200,4,"D","C","A","CUTTING BL","HOFFMAN ST",0,,"N","2012-10-12",710,"2011-04-19",1156,"1494","SOUTH","5","5","0","0",,"0","001","-","N",,0,0,,,0,,,,"Y",2,"A","-",23153,"A","F","A","H","-","A","A","0","Y","A","01",0,0,1,0,0,0,0,0,0,"-","-","RICHMOND","CONTRA COSTA","CA",0,0
"5206392",-122.337112717,37.9253003721,2011,"0710","0","4","4","03",0,1,"A",,,,,,1500,6,"C","C","A","CUTTING BL","STEGE AV",23,"W","N","2012-08-17",710,"2011-06-09",1305,"1324","SOUTH","5","5","0","0",,"0","003","-","N",,0,0,,,0,,,,"N",3,"A","-",22350,,"N","A","H","-","A","A","0","Y","D","22",0,0,1,0,0,0,0,0,0,"-","-","RICHMOND","CONTRA COSTA","CA",0,0
"5206396",-122.34633,37.9399,2011,"0710","0","4","4","06",0,1,"A",,,,,"Y",2100,6,"B","C","A","ROOSEVELT AV","HAYES ST",0,,"N","2012-08-17",710,"2011-06-09",2005,"1494","NORTH","5","5","0","0",,"0","007","-","N",,0,0,,,0,,,,"Y",3,"A","-",21755,,"F","A","H","-","B","D","0","Y","D","22",0,0,1,0,0,0,0,0,0,"-","-","RICHMOND","CONTRA COSTA","CA",0,0
"5209294",-122.34472,37.91601,2011,"0710","0","1","4","03",0,1,"B",,,,,,1200,5,"C","C","A","REGATTA BL","MARINA BAY",0,,"Y","2012-06-15",710,"2011-05-30",1033,"1133",,"5","5","0","0",,"0","TRAFFI","-","N",,0,0,,,0,,,,"N",2,"A","-",22350,,"N","A","H","-","A","A","0","Y","-","-",0,0,1,0,0,0,0,0,0,"-","-","RICHMOND","CONTRA COSTA","CA",0,0
"5209306",-122.334659512,37.9436450073,2011,"0710","0","2","4","05",0,1,"A",,,,,,900,5,"C","E","A","GARVIN","34TH ST",27,"E","N","2012-06-25",710,"2011-05-03",655,"1327","NORTH","5","5","0","0",,"0","007","-","N",,0,0,,,0,,,,"Y",3,"A","-",21650,,"N","A","H","-","B","D","0","Y","A","01",0,0,1,0,0,0,0,0,0,"-","-","RICHMOND","CONTRA COSTA","CA",0,0
"5209310",-122.32466,37.9325,2011,"0710","0","2","3","09",0,1,"A",,,,,,1800,5,"D","C","A","MACDONALD AV","WILSON AV",0,,"Y","2012-06-15",710,"2011-05-10",1516,"1494","ORTHE","5","5","0","0",,"0","007","-","N",,0,0,,,0,,,,"N",2,"A","-",21801,"A","N","A","H","-","A","A","0","Y","A","07",0,1,0,0,0,0,0,0,0,"-","-","RICHMOND","CONTRA COSTA","CA",0,0
"5209349",0,0,2011,"0710","0","2","4","03",0,1,"A",,,,,,2100,5,"F","I","A","HARRY ELLS PL","MACDONALD AV",0,"S","N","2012-06-25",710,"2011-05-03",2035,"1609","BAY","5","5","0","0",,"0","007","-","N",,0,0,,,0,,,,"Y",1,"A","-",22350,,"N","A","H","-","C","A","0","Y","A","01",0,0,1,0,0,0,0,0,0,"-","-","RICHMOND","CONTRA COSTA","CA",0,0
"5209353",-122.324432949,37.9766790408,2011,"0710","0","5","4","00",0,1,"F",,,,,,2100,5,"E","C","A","HILLTOP DR","BLUME DR",35,"W","N","2012-06-25",710,"2011-05-13",1805,"1559","NORTH","5","5","0","0",,"0","008","-","N",,0,0,,,0,,,,"N",2,"A","-",12500,"A","N","B","H","-","A","A","0","Y","-","-",0,0,1,0,0,0,0,0,0,"-","-","RICHMOND","CONTRA COSTA","CA",0,0
"5209354",-122.33821,37.92524,2011,"0710","0","1","4","08",0,1,"C",,,,,,1500,5,"B","C","A","CARLSON BL","CUTTING BL",0,,"Y","2012-06-15",710,"2011-05-16",1412,"1133",,"5","5","0","0",,"0","TRAFFI","-","N",,0,0,,,0,,,,"N",2,"A","-",22100,"A","N","B","H","-","A","A","0","Y","-","-",0,0,1,0,0,0,0,0,0,"-","-","RICHMOND","CONTRA COSTA","CA",0,0
"5209357",-122.34756,37.93689,2011,"0710","0","6","4","00",0,1,"B",,,,,"Y",1200,5,"D","C","A","23RD ST","NEVIN AV",0,,"Y","2012-06-15",710,"2011-05-14",1115,"1242",,"5","5","0","0",,"0",,"-","N",,0,0,,,0,,,,"Y",2,"D","-",0,,"N","A","H","-","A","A","0","Y","-","-",0,0,1,0,0,0,0,0,0,"-","-","RICHMOND","CONTRA COSTA","CA",0,0
"5209461",-122.3236,37.92545,2011,"0710","0","6","4","09",0,1,"B",,,"Y",,,900,4,"D","C","A","CUTTING BL","49TH ST",0,,"Y","2012-05-22",710,"2011-04-23",738,"1242",,"5","5","0","0",,"0",,"C","N",,0,0,,,0,,,,"Y",2,"A","-",21801,"A","N","B","H","-","A","A","0","Y","A","01",0,0,1,0,0,0,0,0,0,"-","-","RICHMOND","CONTRA COSTA","CA",0,0
"5212249",0,0,2011,"0710","0","3","4","05",0,1,"A",,,,,,1200,6,"E","I","A","METRO WALK WY","15TH ST",70,"W","N","2012-08-16",710,"2011-06-22",1057,"1324","CENTR","5","5","0","0",,"0","006","-","N",,0,0,,,0,,,,"Y",1,"A","-",21650,,"N","A","H","-","A","D","0","Y","D","22",0,0,1,0,0,0,0,0,0,"-","-","RICHMOND","CONTRA COSTA","CA",0,0
"5213212",-122.349229058,37.9818494806,2011,"0710","0","5","4","05",0,1,"B",,,,,,1500,5,"E","I","A","RICHMOND PKWY","GIANT HWY",1200,"E","N","2012-07-30",710,"2011-05-27",1354,"1242",,"5","5","0","0",,"0",,"-","N",,0,0,,,0,,,,"Y",1,"A","-",21650,,"N","A","H","-","A","D","0","Y","A","01",0,0,1,0,0,0,0,0,0,"-","EO","RICHMOND","CONTRA COSTA","CA",0,0
"5213220",-122.35275,37.98018,2011,"0710","0","1","4","03",0,1,"A",,,"Y",,,900,5,"H","A","A","GIANT HWY","RICHMOND PKWY",0,,"Y","2013-01-22",710,"2011-05-23",759,"1592","NORTH","5","5","0","0",,"0","008","-","N",,0,0,,,0,,,,"Y",1,"A","-",22350,,"N","A","B","-","A","D","0","Y","C","02",0,0,1,0,0,0,0,0,1,"TO","-","RICHMOND","CONTRA COSTA","CA",0,0
"5213224",-122.356163809,37.9357556988,2011,"0710","0","5","4","03",0,1,"B",,,,,,1800,5,"C","C","A","MACDONALD AV","MARINA WY",20,"E","N","2012-07-31",710,"2011-05-20",1737,"1242",,"5","5","0","0",,"0",,"-","N",,0,0,,,0,,,,"N",2,"A","-",22350,,"N","A","H","-","A","A","0","Y","A","07",0,0,1,0,0,0,0,0,0,"-","-","RICHMOND","CONTRA COSTA","CA",0,0
"5213228",-122.36005,37.93084,2011,"0710","0","3","4","09",0,1,"A",,,,,"Y",1800,5,"D","C","A","HARBOUR WY","OHIO AV",0,,"Y","2012-10-05",710,"2011-05-18",1516,"1494","SOUTH","5","5","0","0",,"0","001","-","N",,0,0,,,0,,,,"N",2,"A","-",21801,"A","F","A","H","-","A","A","0","Y","A","01",0,0,1,0,0,0,0,0,0,"-","-","RICHMOND","CONTRA COSTA","CA",0,0
"5213240",-122.351523173,37.9418989766,2011,"0710","0","1","4","11",0,1,"C","Y",,,,,1800,5,"G","B","D","19TH ST","PENNSYLVANIA AV",75,"S","N","2012-07-30",710,"2011-05-16",1711,"1133",,"5","5","0","0",,"0","TRAFFI","-","N",,0,0,,,0,,,,"N",2,"A","-",21950,"B","F","B","H","-","A","D","0","Y","N","60",0,0,1,0,1,0,0,0,0,"-","-","RICHMOND","CONTRA COSTA","CA",0,0
"5213248",-122.347513173,37.9407443534,2011,"0710","0","2","4","08",0,1,"C",,,,,,300,5,"B","C","A","23RD ST","BROOKS AV",33,"S","N","2012-07-30",710,"2011-05-17",33,"1270",,"5","5","0","0",,"0",,"-","N",,0,0,,,0,,,,"Y",2,"A","-",22107,,"F","B","H","-","C","D","0","Y","-","-",0,0,1,0,0,0,0,0,0,"-","-","RICHMOND","CONTRA COSTA","CA",0,0
"5213252",-122.349593172,37.9340955584,2011,"0710","0","6","4","05",0,1,"B",,"Y",,,,1800,5,"D","G","A","21ST ST","BISSELL AV",18,"S","N","2012-07-30",710,"2011-05-14",1506,"1242",,"5","5","0","0",,"0",,"-","N",,0,0,,,0,,,,"Y",2,"A","-",21202,"A","N","A","H","-","A","D","0","Y","L","04",0,0,1,0,0,0,1,0,0,"-","-","RICHMOND","CONTRA COSTA","CA",0,0
"5213418",-122.334,37.935,2011,"0710","0","6","4","09",0,1,"B",,,,,,2100,6,"B","C","A","37TH ST","NEVIN AV",0,,"Y","2012-08-16",710,"2011-06-04",1801,"1242",,"5","5","0","0",,"0",,"-","N",,0,0,,,0,,,,"Y",2,"A","-",21802,"B","F","A","H","-","A","A","0","Y","A","01",0,0,1,0,0,0,0,0,0,"-","-","RICHMOND","CONTRA COSTA","CA",0,0
"5249348",-122.34695,37.91984,2011,"0710","0","4","4","12",0,1,"C",,,,,,900,3,"D","C","A","MARINA BAY PKWY","MEEKER AV",0,,"Y","2012-05-03",710,"2011-03-24",625,"1040","SOUTH","5","5","0","0",,"0","001","-","N",,0,0,,,0,,,,"Y",2,"A","-",21453,"A","M","B","H","-","B","A","0","Y","A","01",0,0,1,0,0,0,0,0,0,"-","-","RICHMOND","CONTRA COSTA","CA",0,0
"5249367",-122.373775316,37.964825066,2011,"0710","0","6","4","08",0,2,"A",,,,,,300,6,"D","C","A","RICHMOND PKWY","PARR BL",1056,"E","N","2012-08-29",710,"2011-06-25",35,"1548",,"5","5","0","0",,"0","008","-","N",,0,0,,,0,,,,"Y",2,"A","-",22107,,"N","A","H","-","C","D","0","Y","A","01",0,0,2,0,0,0,0,0,0,"-","-","RICHMOND","CONTRA COSTA","CA",0,0
"5249368",-122.331502789,37.9487781802,2011,"0710","0","6","4","03",0,2,"B",,,,,,1500,6,"C","C","A","SAN PABLO AV","NATALIE CT",65,"S","N","2012-08-29",710,"2011-06-04",1413,"1242",,"5","5","0","0",,"0",,"-","N",,0,0,,,0,,,,"Y",3,"A","-",22350,,"F","B","H","-","A","D","0","Y","A","07",0,0,2,0,0,0,0,0,0,"-","-","RICHMOND","CONTRA COSTA","CA",0,0
"5249370",-122.3343,37.92537,2011,"0710","0","2","4","03",0,1,"B",,,,,,1800,6,"C","C","A","CUTTING BL","37TH ST",0,,"Y","2012-09-12",710,"2011-06-28",1619,"1494","SOUTH","5","5","0","0",,"0","003","C","N",,0,0,,,0,,,,"N",2,"A","-",22350,,"N","B","H","-","A","A","0","Y","A","07",0,0,1,0,0,0,0,0,0,"-","-","RICHMOND","CONTRA COSTA","CA",0,0
"5249371",-122.32993,37.94551,2011,"0710","0","5","4","09",0,2,"A",,,,,,1800,6,"D","C","A","SAN PABLO AV","ESMOND AV",0,,"N","2012-08-29",710,"2011-06-24",1552,"1494","NORTH","5","5","0","0",,"0","007","-","N",,0,0,,,0,,,,"N",2,"A","-",21801,"A","N","A","H","-","A","D","0","Y","A","01",0,0,2,0,0,0,0,0,0,"-","-","RICHMOND","CONTRA COSTA","CA",0,0
"5249374",-122.314096796,37.9045861153,2011,"0710","0","7","3","05",0,1,"A",,"Y",,,,1500,6,"D","G","A","PANAMA AV","SAN JOAQUIN ST",85,"W","N","2012-09-12",710,"2011-06-26",1358,"1242",,"5","5","0","0",,"0",,"-","N",,0,0,,,0,,,,"Y",2,"A","-",21650,,"N","A","H","-","A","D","0","Y","L","04",0,1,0,0,0,0,1,0,0,"-","-","RICHMOND","CONTRA COSTA","CA",0,0
"5249379",0,0,2011,"0710","0","4","4","08",0,1,"A",,,,,,900,6,"B","C","A","CASTRO ST","REDWOOD ST",45,"W","N","2012-09-12",710,"2011-06-23",819,"1603","0710","5","5","0","0",,"0","001","-","N",,0,0,,,0,,,,"N",2,"A","-",22107,,"N","A","H","-","A","A","0","Y","-","-",0,0,1,0,0,0,0,0,0,"-","-","RICHMOND","CONTRA COSTA","CA",0,0
"5249384",-122.34746,37.94739,2011,"0710","0","4","4","08",0,1,"B",,,,,,1500,6,"D","C","A","23RD ST","COALINGA AV",0,,"Y","2012-08-29",710,"2011-06-02",1455,"1549",,"5","5","0","0",,"0","007","-","N",,0,0,,,0,,,,"Y",2,"A","-",22107,,"N","A","H","-","A","D","0","Y","-","-",0,0,1,0,0,0,0,0,0,"-","-","RICHMOND","CONTRA COSTA","CA",0,0
"5249387",-122.32597,37.94668,2011,"0710","0","1","4","09",0,1,"A",,,,,,1500,6,"D","C","A","ESMOND AV","HUMBOLDT ST",0,,"Y","2012-08-29",710,"2011-06-20",1230,"1133",,"5","5","0","0",,"0","TRAFFI","-","N",,0,0,,,0,,,,"Y",2,"A","-",21800,"A","N","A","H","-","A","D","0","Y","-","-",0,0,1,0,0,0,0,0,0,"-","-","RICHMOND","CONTRA COSTA","CA",0,0
"5249395",-122.36002,37.93565,2011,"0710","0","4","4","12",0,1,"A",,,,,,1200,6,"D","C","A","MACDONALD AV","HARBOUR WAY",0,,"Y","2012-08-29",710,"2011-06-16",955,"1324","CENTR","5","5","0","0",,"0","006","-","N",,0,0,,,0,,,,"Y",2,"A","-",21453,"A","N","A","H","-","A","A","0","Y","A","01",0,0,1,0,0,0,0,0,0,"-","-","RICHMOND","CONTRA COSTA","CA",0,0
"5249399",-122.3504,37.9252,2011,"0710","0","3","4","10",0,1,"A","Y",,,,,1800,6,"G","B","B","CUTTING BL","SOUTH 20TH",0,,"Y","2012-08-29",710,"2011-06-15",1526,"1551","SOUTE","5","5","0","0",,"0","002","-","N",,0,0,,,0,,,,"N",2,"A","-",21950,"A","N","A","H","-","A","D","0","Y","-","-",0,0,1,0,1,0,0,0,0,"-","-","RICHMOND","CONTRA COSTA","CA",0,0
"5249407",-122.34749,37.94513,2011,"0710","0","2","3","09",0,1,"A",,,,,,1800,6,"D","C","A","23RD ST","ESMOND AV",0,,"Y","2012-08-29",710,"2011-06-14",1532,"1494","NORTH","5","5","0","0",,"0","007","-","N",,0,0,,,0,,,,"N",6,"A","-",21802,"A","N","A","H","-","A","D","0","Y","A","07",0,1,0,0,0,0,0,0,0,"-","-","RICHMOND","CONTRA COSTA","CA",0,0
"5249419",-122.31155,37.90257,2011,"0710","0","1","3","03",0,1,"A",,,,,,300,6,"E","I","A","SAN LUIS ST","VAN FLEET AV",0,,"Y","2012-09-12",710,"2011-06-13",143,"1484","0710","5","5","0","0",,"0","003","-","N",,0,0,,,0,,,,"Y",1,"A","-",22350,,"N","A","H","-","C","-","0","Y","-","-",0,1,0,0,0,0,0,0,0,"-","-","RICHMOND","CONTRA COSTA","CA",0,0
"5258692",-122.373053174,37.9272750027,2011,"0710","0","6","4","-",0,1,"A",,,,,,2100,7,"D","C","A","CANAL ST","RT 580",0,,"Y","2013-04-18",710,"2011-07-09",1826,"1524","SOUTH","5","5","0","0",,"0","001","-","Y","CC",4,580,"-","R",4.482,"R","4","W","Y",2,"A","-",0,,"N","A","H","-","A","A","0","Y","A","07",0,0,1,0,0,0,0,0,0,"-","-","RICHMOND","CONTRA COSTA","CA",0,0
"5262162",-122.329,37.93745,2011,"0710","0","1","2","09",0,1,"A",,"Y",,,,1800,5,"D","G","A","ROOSEVELT AV","42ND ST",0,,"Y","2012-06-29",710,"2011-05-30",1652,"1605",,"5","5","0","0",,"0","007","-","N",,0,0,,,0,,,,"N",2,"A","-",21802,"A","N","A","H","-","A","A","0","Y","L","04",1,0,0,0,0,0,1,0,0,"-","-","RICHMOND","CONTRA COSTA","CA",0,0
"5262608",-122.349281428,37.9384579939,2011,"0710","0","6","4","05",0,1,"A",,,,,,600,7,"C","E","A","BARRETT AV","21ST ST",87,"E","N","2012-10-25",710,"2011-07-16",421,"1472","CENTR","5","5","0","0",,"0","004","-","N",,0,0,,,0,,,,"Y",2,"A","-",21650,,"M","A","H","-","C","D","0","Y","A","01",0,0,1,0,0,0,0,0,0,"-","-","RICHMOND","CONTRA COSTA","CA",0,0
"5262624",-122.32282,37.98198,2011,"0710","0","6","3","10",0,3,"B","Y",,,,,1500,7,"G","B","B","BLUME DR","KLOSE WY",0,,"Y","2012-10-25",710,"2011-07-23",1226,"1242",,"5","5","0","0",,"0",,"-","N",,0,0,,,0,,,,"N",4,"A","-",21950,"A","N","A","H","-","A","A","0","Y","D","22",0,3,0,0,3,0,0,0,0,"-","-","RICHMOND","CONTRA COSTA","CA",0,0
"5262632",-122.327091803,37.9254735177,2011,"0710","0","5","4","03",0,2,"A",,,,,,1500,7,"C","C","A","CUTTING BL","45TH ST",35,"E","N","2012-10-25",710,"2011-07-29",1356,"1324","SOUTH","5","5","0","0",,"0","003","-","N",,0,0,,,0,,,,"Y",4,"A","-",22350,,"N","A","H","-","A","D","0","Y","A","01",0,0,2,0,0,0,0,0,0,"-","-","RICHMOND","CONTRA COSTA","CA",0,0